Name,Address Line 1,Address Line 2,City,State,Postcode,Country,Phone,Email,URL,Visible,Filters,Hours ID,Monday,Tuesday,Wednesday,Thursday,Friday,Saturday,Sunday,Timezone,Marker ID,Type,Slug,Image,Facebook,X / Twitter,Instagram,Yelp,Full Address,Lat,Lng,StoreRocket ID,Field: Details,Field: Google maps link,Field: Item ID,Button: View restaurant
Solar Sisters - Zero Waste - Refill - Café,Solar Sisters - Zero Waste - Refill - Café,Solar Sisters - Zero Waste - Refill - Café,Guildford,England,GU1 4AU,GB,,,https://www.solarsisters.uk/,0,"High chair, Baby change in unisex room, Kids' menu, Wheelchair access, Small sharing plates, Vegetarian, Vegan, Fun / Quirky, Cosy, Relaxed, Good for groups, Takeaway, Dog friendly, Friendly staff, Healthy, Quick service, A/C",,09:30-17:30,09:30-17:30,09:30-17:30,09:30-17:30,09:30-17:30,09:30-17:30,11:00-17:00,Europe/London,,FALSE,solar-sister-cafe,https://cdn.prod.website-files.com/65c4e3041d72984c18dbb740/670f8f4cb127b9b6e35c92e1_Color%2520logo%2520with%2520background%25201%2520(2).png,,,,,"86 North St, Guildford GU1 4AU, UK",51.2367316,-0.5708077,64Ke5YXd8g,"A plant-based menu for breakfast, lunch, and afternoon tea. You can also grab a quick coffee or use the refill shop to stock up on the essentials. They also host events.  ",https://maps.app.goo.gl/M4RgcKgA3rxjZVeY7,66e40bc5ed785208ce65f6a5,https://thenugget.app/template/location/solar-sister-cafe
Brags and Brams,Brags and Brams,Brags and Brams,London,,,GB,,,http://www.bragsandbrams.com/,1,"High chair, Baby change in women's room, Kids' menu, Wheelchair access, Playground nearby, Vegetarian, Vegan, Dairy Free, Relaxed, Buzzy, Good for groups, Takeaway, Dog friendly, Friendly staff, Healthy, Quick service, A/C",,09:00-17:00,09:00-17:00,09:00-17:00,09:00-17:00,09:00-17:00,09:00-17:00,09:00-17:00,Europe/London,,FALSE,brags-and-brams-london-england,https://cdn.prod.website-files.com/65c4e3041d72984c18dbb740/66e40bc62047f2460f93c27e_2%2BA07I8846%2Bweb.jpeg,,,,,265 Hackney Road,51.5311982,-0.0685801,yJznOPrXJ6,"Super family-friendly brunch/lunch spot with fun kids' meal options. Combine with Haggerston Park, Hackney City Farm, or the Young V&A Museum. You can also grab a coffee and pastry from the counter to-go.",https://maps.app.goo.gl/TpcpzeGXfGSXUpCN6,66e40bc62047f2460f93c28d,https://thenugget.app/template/location/brags-and-brams-london-england
"Coppa Club, Putney","Coppa Club, Putney","Coppa Club, Putney",London,,,GB,,,https://www.coppaclub.co.uk/between-bridges/?utm_source=google&utm_medium=local&utm_campaign=glocal_putney,1,"High chair, Baby change in unisex room, Kids' menu, Wheelchair access, Outdoor seating, Small sharing plates, Vegetarian, Vegan, Relaxed, Buzzy, Good for groups, Takeaway, Healthy, A/C",,09:00-23:00,09:00-23:00,09:00-23:00,09:00-23:00,09:00-23:00,09:00-23:00,09:00-22:00,Europe/London,,FALSE,coppa-club-putney-london-england,https://cdn.prod.website-files.com/65c4e3041d72984c18dbb740/66e40bc72982a7c2088ff2a7_Coppa%2520Club%2520Putney.png,,,,,29 Brewhouse Lane,51.4650751,-0.2125604,B8eAByeE89,"Gorgeous location on the river, with all day dining and also 3 private igloos for extra special dining.  📸 Coppa Club Putney",https://maps.app.goo.gl/txGFkThv549267ZT8,66e40bc72982a7c2088ff376,https://thenugget.app/template/location/coppa-club-putney-london-england
Riding House Fitzrovia,Riding House Fitzrovia,Riding House Fitzrovia,London,England,W1W 7PQ,GB,,,https://www.riding.house/restaurant/fitzrovia,1,"High chair, Baby change in unisex room, Kids' menu, Wheelchair access, Outdoor seating, Small sharing plates, Vegetarian, Vegan, Gluten free, Cosy, Buzzy, Posh, Good for groups, Dog friendly, Friendly staff, Healthy, A/C",,08:00-21:30,08:00-22:30,08:00-22:30,08:00-00:00,08:00-00:00,09:00-00:00,09:00-17:00,Europe/London,,FALSE,riding-house-fitzrovia-london-england,https://cdn.prod.website-files.com/65c4e3041d72984c18dbb740/66e40bc8094c2560127ae1b0_Riding%2520house%2520fitzrovia.jpeg,,,,,"43-51 Great Titchfield St., London W1W 7PQ, UK",51.5183145,-0.1406117,B4Le5LYZJe,All day dining in Fitzrovia with something on the menu for everyone.  📸 Riding House Fitzrovia,https://maps.app.goo.gl/TUEGgLAEmQBkuNVF8,66e40bc8094c2560127ae1b7,https://thenugget.app/template/location/riding-house-fitzrovia-london-england
German Gymnasium Grand Cafe,German Gymnasium Grand Cafe,German Gymnasium,London,,,GB,,,https://www.germangymnasium.com/dining-areas/grand-cafe/,1,"High chair, Baby change in unisex room, Kids' menu, Wheelchair access, Outdoor seating, Small sharing plates, Vegetarian, Vegan, Buzzy, Posh, Good for groups, Friendly staff, A/C",,08:00-22:00,08:00-22:00,08:00-22:00,08:00-22:00,08:00-22:00,10:00-22:00,10:00-21:00,Europe/London,,FALSE,german-gymnasium-london-england,https://cdn.prod.website-files.com/65c4e3041d72984c18dbb740/66e40bc95b1e61411ba5decf_IMG_2701-fotor-20240604171823.jpeg,,,,,"German Gymnasium, London",51.5323757,-0.1254543,r85dwMaZJN,"Buzzy all day German dining with schnitzel, burgers, and plenty of vegan & vegetarian options. Great place for a multi-generational meet up or celebration. ",https://maps.app.goo.gl/JdW25taf6ppFjzsL9,66e40bc95b1e61411ba5dedc,https://thenugget.app/template/location/german-gymnasium-london-england
Bill's Guildford Restaurant,Bill's Guildford Restaurant,Bill's Guildford Restaurant,Guildford,England,GU1 4AE,GB,,,https://bills-website.co.uk/restaurants/guildford/?utm_source=LocalGoogle&utm_medium=Organic,0,"High chair, Baby change in women's room, Kids' menu, Wheelchair access, Outdoor seating, Small sharing plates, Vegetarian, Vegan, Cosy, Relaxed, Good for groups, Dog friendly, Friendly staff, Healthy, Kids' colouring, Quick service, A/C",,08:00-22:00,08:00-22:00,08:00-22:00,08:00-23:00,08:00-23:00,08:00-23:00,09:00-22:00,Europe/London,,FALSE,bill-s-guildford-restaurant-guildford-england,https://cdn.prod.website-files.com/65c4e3041d72984c18dbb740/683039ff16293d30fe5e62c1_66eb1c1fab7251b944e0284c_66e40bcc79566cf668095516_Color%25252520logo%25252520with%25252520background%252525201%25252520(2).png,,,,,"1 Angel Gate, Guildford GU1 4AE, UK",51.2356110,-0.5737886,KpDE5mXA4d,"Contemporary European chain dishing up separate breakfast, afternoon tea, lunch and dinner menus.",https://maps.app.goo.gl/ge8KykgNVMzyLVx18,66e40bcd79566cf6680956ab,https://thenugget.app/template/location/bill-s-guildford-restaurant-guildford-england
Sticks'n'Sushi Wimbledon,Sticks'n'Sushi Wimbledon,58 Wimbledon Hill Road,London,England,SW19 7PA,GB,020 3141 8800,,https://sticksnsushi.com/en/restaurants/london/wimbledon,1,"High chair, Baby change in women's room, Kids' menu, Wheelchair access, Small sharing plates, Vegetarian, Vegan, Gluten free, Fun / Quirky, Cosy, Relaxed, Buzzy, Good for groups, Takeaway, Friendly staff, Healthy, Quick service, A/C",,11:30-22:00,11:30-10:00,11:30-23:00,11:30-23:00,11:30-23:00,11:30-23:00,11:30-23:00,Europe/London,,FALSE,sticksnsushi-966f0,https://cdn.prod.website-files.com/65c4e3041d72984c18dbb740/66e40bcebe0ec2f5f934d505_sticksnsushi_wimbledon_restaurant-05_1620x1080_ny.png,,,,,"58 Wimbledon Hill Rd, London SW19 7PA, UK",51.4225872,-0.2094116,DJkEaVK0pO,"Japanese restaurant based on a renowned Danish concept, offering sushi and grilled yakitori skewers. 10 locations around London.  📸 Sticks'n'Sushi Wimbledon",https://maps.app.goo.gl/dKgvSiaFmvL4e3R59,66e40bcebe0ec2f5f934d525,https://thenugget.app/template/location/sticksnsushi-966f0
Barbican Kitchen,Barbican Kitchen,Silk Street,London,England,EC2Y 8DS,GB,0 20 7638 4141,,https://www.benugo.com/partnerships/public-spaces/par/barbican/barbican-kitchen,1,"High chair, Baby change in unisex room, Kids' menu, Wheelchair access, Outdoor seating, Playground nearby, Tourist attraction nearby, Vegetarian, Vegan, Cosy, Relaxed, Buzzy, Good for groups, Free kids meal, Takeaway, Friendly staff, Healthy, Quick service, A/C",,10:00-20:00,10:00-20:00,10:00-20:00,10:00-20:00,10:00-20:00,10:00-20:00,10:00-20:00,Europe/London,,FALSE,barbican-kitchen-london-england,https://cdn.prod.website-files.com/65c4e3041d72984c18dbb740/66e40bd0c9983e0760bf645a_WhatsApp%2520Image%25202024-05-10%2520at%252016.57.46.jpeg,,,,,"Barbican Kitchen, Barbican Centre, Silk St, Barbican, London EC2Y 8DS, UK",51.5196026,-0.0932296,k8P7Z7ymJb,"Deli/cafe with counter service for international dishes, cakes, and salads. Combine with a show or movie at the Barbican and nearby Fortune Street Park Playground. Baby change on right at entrance to cafe.",https://maps.app.goo.gl/Wj2JQiK1tMtJ8MkUA,66e40bd1c9983e0760bf688e,https://www.thenugget.app/template/location/barbican-kitchen-london-england
Bread Street Kitchen & Bar - St Paul's,Bread Street Kitchen & Bar - St Paul's,10 New Change,London,England,EC4M 9AJ,GB,020 3030 4050,,https://www.gordonramsayrestaurants.com/bread-street-kitchen/st-pauls/book-a-table/,1,"High chair, Baby change in unisex room, Kids' menu, Wheelchair access, Small sharing plates, Vegetarian, Vegan, Relaxed, Good for groups, Free kids meal, Takeaway, Friendly staff, Healthy, Quick service, A/C",,07:30-23:00,07:30-23:00,07:30-23:00,07:30-23:00,07:30-23:00,11:30-23:00,11:30-21:00,Europe/London,,FALSE,bread-street-kitchen-bar-st-paul-s-london-england,https://cdn.prod.website-files.com/65c4e3041d72984c18dbb740/66e40bd3c9b2d535f2f9e0a3_Bread%2520Street%2520St%2520Pauls.png,,,,,"First Floor One, 10 New Change, London EC4M 9AJ, UK",51.5133382,-0.0950071,dJEOmOY5pW,"A Modern European restaurant with something for everyone, including a delicious Beef Wellington for two. Kids (8 and under) eat free all day every day: one kids meal free with the purchase of an adult's meal. They have 6 locations around London. 📸 Bread Street",https://maps.app.goo.gl/yEMxv56e1GBmBndh8,66e40bd3c9b2d535f2f9e0a7,https://thenugget.app/template/location/bread-street-kitchen-bar-st-paul-s-london-england
Bread Street Kitchen & Bar - The City,Bread Street Kitchen & Bar - The City,13 South Place,London,England,EC2M 7EB,GB,020 7499 0125,,https://www.gordonramsayrestaurants.com/bread-street-kitchen/south-place/,1,"High chair, Baby change in women's room, Kids' menu, Wheelchair access, Small sharing plates, Vegetarian, Vegan, Cosy, Relaxed, Buzzy, Posh, Good for groups, Free kids meal, Takeaway, Friendly staff, Healthy, Quick service, A/C",,07:30-22:00,07:30-22:00,07:30-22:00,07:30-22:00,07:30-22:00,closed,closed,Europe/London,,FALSE,bread-street-kitchen-bar-the-city-london-england,https://cdn.prod.website-files.com/65c4e3041d72984c18dbb740/66e40bd403f5ac3aa613e24a_IMG_7640.jpeg,,,,,"11, 13, 14, 13 South Pl, London EC2M 7EB, UK",51.5188487,-0.0868731,wpZnOnBOpA,"A Modern European restaurant with something for everyone, including a delicious Beef Wellington for two. Kids (8 and under) eat free all day every day: one kids meal free with the purchase of an adult's meal. They have 6 locations around London.",https://maps.app.goo.gl/hmL8m2b31ciEgvVk8,66e40bd403f5ac3aa613e265,https://thenugget.app/template/location/bread-street-kitchen-bar-the-city-london-england
Bread Street Kitchen & Bar - Southwark,Bread Street Kitchen & Bar - Southwark,47-51 Great Suffolk Street,London,England,SE1 0BS,GB,0 20 7592 7977,,https://www.gordonramsayrestaurants.com/bread-street-kitchen/southwark,1,"High chair, Baby change in women's room, Wheelchair access, Small sharing plates, Vegetarian, Vegan, Cosy, Relaxed, Good for groups, Free kids meal, Friendly staff, Healthy, Quick service",,11:30-22:00,11:30-22:00,11:30-22:00,11:30-23:00,11:30-23:00,11:30-23:00,11:30-21:00,Europe/London,,FALSE,bread-street-kitchen-bar-southwark-london-england,https://cdn.prod.website-files.com/65c4e3041d72984c18dbb740/66e40bd579566cf668095e2b_bread%2520street%2520southwark.jpeg,,,,,"47-51 Great Suffolk St, London SE1 0BS, UK",51.5035279,-0.1012037,ZJWZoZDW40,"A Modern European restaurant with something for everyone, including a delicious Beef Wellington for two. Kids (8 and under) eat free all day every day: one kids meal free with the purchase of an adult's meal. They have 6 locations around London.  📸 Bread Street Kitchen",https://maps.app.goo.gl/hVGu8ocx3vLehHdq5,66e40bd579566cf668095ef3,https://thenugget.app/template/location/bread-street-kitchen-bar-southwark-london-england
Coppa Club Tower Bridge,Coppa Club Tower Bridge,3 Lower Thames Street,London,England,EC3R 6AH,GB,020 8016 9227,,http://coppaclub.co.uk/towerbridge,1,"High chair, Baby change in unisex room, Kids' menu, Wheelchair access, Outdoor seating, Tourist attraction nearby, Small sharing plates, Vegetarian, Vegan, Cosy, Relaxed, Buzzy, Good for groups, Takeaway, Teen favourite, Friendly staff, Healthy, Kids' colouring, Quick service, A/C",,09:00-23:00,09:00-23:00,09:00-23:00,09:00-23:00,09:00-23:00,09:00-23:00,09:00-22:00,Europe/London,,FALSE,coppa-club-tower-bridge-london-england,https://cdn.prod.website-files.com/65c4e3041d72984c18dbb740/66e40bd6bedceb1ccc042cd6_Coppa%2520Club%2520Tower%2520Bridge.png,,,,,"3 Three Quays Walk, Lower Thames St, London EC3R 6AH, UK",51.5080475,-0.0794822,38275RGqpB,"Friendly staff with plenty of options on the kids' menu, incredible views, offering indoor and terrace dining. The igloos are a family favourite. Book ahead.  📸 Coppa Club ",https://maps.app.goo.gl/dLWgnYRykqoLn74y9,66e40bd6bedceb1ccc042d44,https://thenugget.app/template/location/coppa-club-tower-bridge-london-england
Granary Square Brasserie,Granary Square Brasserie,1 Granary Square,London,England,N1C 4AA,GB,,,https://granarysquarebrasserie.com/?utm_source=LocalGoogle&utm_medium=Organic,1,"High chair, Baby change in women's room, Kids' menu, Wheelchair access, Outdoor seating, Playground nearby, Vegetarian, Vegan, Cosy, Relaxed, Buzzy, Posh, Good for groups, Takeaway, Teen favourite, Friendly staff, Healthy, Quick service, A/C",,08:30-00:00,08:30-00:00,08:30-00:00,08:30-00:00,08:30-00:00,08:30-00:00,08:30-00:00,Europe/London,,FALSE,granary-square-brasserie-london-england,https://cdn.prod.website-files.com/65c4e3041d72984c18dbb740/66e40bd7991e1a63765d4f42_WhatsApp%2520Image%25202024-05-10%2520at%252016.58.24.jpeg,,,,,"1 Granary Square, London N1C 4AA, UK",51.5358333,-0.1255556,zpBgVbGN4v,"Posh brasserie perfect for multi generational celebrations. An extensive menu of bistro fare with a buzzy vibe, cozy booths, and high ceilings. The water fountains in front of the restaurant are fun for kids. Handyside Gardens Play Area just a short walk away.",https://maps.app.goo.gl/eyDpZhBHcYy86BcV8,66e40bd7991e1a63765d4f46,https://thenugget.app/template/location/granary-square-brasserie-london-england
Mare Street Market,Mare Street Market,117 Mare Street,London,England,E8 4RU,GB,0 20 3745 2470,,http://marestreetmarket.com/,1,"High chair, Baby change in unisex room, Baby change in women's room, Wheelchair access, Outdoor seating, Playground nearby, Vegetarian, Vegan, Relaxed, Buzzy, Good for groups, Dog friendly, Friendly staff, Quick service, A/C",,09:00-00:00,09:00-00:00,09:00-00:00,09:00-00:00,09:00-01:00,09:00-01:00,09:00-00:00,Europe/London,,FALSE,mare-street-market-london-england,https://cdn.prod.website-files.com/65c4e3041d72984c18dbb740/66e40bd85b1e61411ba5ec6d_326346646_188636983814007_8552416435337232144_n.jpeg,,,,,"117 Mare St, London E8 4RU, UK",51.5378374,-0.0572332,287yj56A4A,"Buzzy market with something for everyone- pizzas, sandwiches and more. Combine with London Fields playgrounds or The Young V&A Museum nearby.  📸 Mare Street Market",https://maps.app.goo.gl/Qh3JWzAobLx5bin78,66e40bd85b1e61411ba5ec9d,https://thenugget.app/template/location/mare-street-market-london-england
Big Penny Social,Big Penny Social,1 Priestley Way,London,England,E17 6AL,GB,020 3700 1040,,https://bigpennysocial.co.uk/,1,"High chair, Baby change in unisex room, Kids' menu, Wheelchair access, Outdoor seating, Vegetarian, Vegan, Gluten free, Fun / Quirky, Relaxed, Buzzy, Good for groups, Teen favourite, Dog friendly, Friendly staff, Healthy, Kids' colouring, Games available, Quick service, A/C",,12:00-21:30,12:00-21:30,12:00-21:30,12:00-00:00,12:00-01:00,12:00-01:00,12:00-22:00,Europe/London,,FALSE,big-penny-social-london-england,https://cdn.prod.website-files.com/65c4e3041d72984c18dbb740/66e40bd9072635acc6c35c4e_230822_bigpenny_selects_002_v2_9a05d92e77.jpeg,,,,,"1 Priestley Way, London E17 6AL, UK",51.5908551,-0.0413181,B8eAzlog89,"Big Penny Social is a pub, arts centre, and town square - a place to eat, drink and be entertained for all ages. Enough room to host birthday parties and big family gatherings, watch live sports, and more. Check the calendar for events like track play and bouncey castles.",https://maps.app.goo.gl/tijas2jAQwQWzZmJ9,66e40bd9072635acc6c35c75,https://thenugget.app/template/location/big-penny-social-london-england
BEER + BURGER,BEER + BURGER,1 York Way,London,England,N1C 4AS,GB,020 3963 5795,,http://www.beerandburgerstore.com/,1,"Baby change in unisex room, Kids' menu, Wheelchair access, Outdoor seating, Playground nearby, Small sharing plates, Vegetarian, Vegan, Relaxed, Good for groups, Takeaway, Teen favourite, Friendly staff, Healthy, Quick service, A/C",,12:00-23:00,12:00-23:00,12:00-23:00,12:00-23:00,12:00-23:00,12:00-23:00,12:00-22:30,Europe/London,,FALSE,beer-burger-london-england,https://cdn.prod.website-files.com/65c4e3041d72984c18dbb740/66e40bda324299705be276dd_IMG_2681.jpeg,,,,,"1 York Wy, London N1C 4AS, UK",51.5361457,-0.1225853,Z4vZzlMw4Q,"Friendly craft beers and burger place, better for older kids and teens. No kids after 7 pm.",https://maps.app.goo.gl/WnfCLGbyG9GuLYhL8,66e40bda324299705be27886,https://thenugget.app/template/location/beer-burger-london-england
Happy Face Pizza King's Cross,Happy Face Pizza King's Cross,14 Handyside Street,London,England,N1C 4DN,GB,020 3146 0760,,https://www.happyface.pizza/,1,"High chair, Baby change in unisex room, Kids' menu, Wheelchair access, Outdoor seating, Playground nearby, Relaxed, Buzzy, Good for groups, Takeaway, Teen favourite, Dog friendly, Friendly staff, Kids' colouring, Quick service, A/C, Pram storage",,12:00-22:00,12:00-22:00,12:00-22:00,12:00-22:00,12:00-22:00,12:00-22:00,12:00-21:00,Europe/London,,FALSE,happy-face-pizza-king-s-cross-london-england,https://cdn.prod.website-files.com/65c4e3041d72984c18dbb740/66e40bdcff3875df05e36667_Happy%2520Face%2520king%2527s%2520cross.jpeg,,,,,"14 Handyside St, London N1C 4DN, UK",51.5374187,-0.1240947,B4Le7KANJe,"Stylish, modern Italian eatery for wood-fired pizza, gelato, beers, wines, cocktails & espresso. Friendly pizza place near Everyman Cinema and a local playground. ",https://maps.app.goo.gl/oPvJd6Pg63yoijEN7,66e40bdcff3875df05e3668f,https://thenugget.app/template/location/happy-face-pizza-king-s-cross-london-england
Lina Stores Italian Restaurant & Deli King's Cross,Lina Stores Italian Restaurant & Deli King's Cross,20 Stable Street,London,England,N1C 4DR,GB,0 20 8103 4787,,https://www.linastores.co.uk/locations/stable-street-restaurant-delicatessen/?utm_source=GMB&utm_medium=website%20click&utm_campaign=SDM&utm_id=GMB,1,"High chair, Baby change in unisex room, Wheelchair access, Playground nearby, Small sharing plates, Vegetarian, Vegan, Gluten free, Halal, Relaxed, Buzzy, Good for groups, Takeaway, Teen favourite, Friendly staff, Healthy, A/C",,08:00-23:30,08:00-23:30,08:00-23:30,08:00-23:30,08:00-23:30,09:00-00:00,09:00-00:00,Europe/London,,FALSE,lina-stores-italian-restaurant-deli-king-s-cross-london-england,https://cdn.prod.website-files.com/65c4e3041d72984c18dbb740/66e40bddbe0ec2f5f934e22d_Lina%2520Store.jpeg,,,,,"20 Stable St, London N1C 4DR, UK",51.5372423,-0.1250130,zpAL9PA68d,"Enjoy breakfast, antipasti, pasta, and a range of desserts to eat in or take home. Choose from a range of Italian produce made fresh to order or sample the finest deli items. ",https://maps.app.goo.gl/juisCM8Pp2fZAj9o9,66e40bddbe0ec2f5f934e231,https://thenugget.app/template/location/lina-stores-italian-restaurant-deli-king-s-cross-london-england
Casa Pastor,Casa Pastor,Coal Drops Yard,London,England,N1C 4DQ,GB,,,https://www.tacoselpastor.co.uk/,1,"High chair, Baby change in unisex room, Kids' menu, Wheelchair access, Outdoor seating, Small sharing plates, Vegetarian, Vegan, Relaxed, Buzzy, Good for groups, Teen favourite, Dog friendly, Friendly staff, Healthy, Kids' colouring, Quick service, A/C, Pram storage",,17:00-23:00,12:00-23:00,12:00-23:00,12:00-23:30,12:00-23:30,"12:00-15:00,17:00-23:30",12:00-20:00,Europe/London,,FALSE,casa-pastor-london-england,https://cdn.prod.website-files.com/65c4e3041d72984c18dbb740/66e40bde46da67d20ec2150a_WhatsApp%2520Image%25202024-05-10%2520at%252016.59.14.jpeg,,,,,"Coal Drops Yard, London, England, N1C 4DQ, GB",51.5360314,-0.1269178,38275dQ0pB, Mexico City-inspired tacos & in-house tortillas plus beers & mezcal. Buzzy vibe with tasty tacos and covered outdoor seating,https://maps.app.goo.gl/NFwjSFRmNZ5RouKB8,66e40bde46da67d20ec215b2,https://thenugget.app/template/location/casa-pastor-london-england
Drake & Morgan at King's Cross,Drake & Morgan at King's Cross,6 Pancras Square,London,England,N1C 4AG,GB,020 3826 4870,,https://www.drakeandmorgan.co.uk/kings-cross/?utm_source=G&utm_medium=organic&utm_campaign=LPM,1,"High chair, Baby change in unisex room, Kids' menu, Wheelchair access, Outdoor seating, Vegetarian, Vegan, Relaxed, Buzzy, Good for groups, Teen favourite, Dog friendly, Friendly staff, Healthy, Kids' colouring, Quick service, A/C, Pram storage",,08:00-00:00,08:00-00:00,08:00-00:00,08:00-00:00,08:00-00:00,09:00-00:00,09:00-23:00,Europe/London,,FALSE,drake-morgan-at-king-s-cross-london-england,https://cdn.prod.website-files.com/65c4e3041d72984c18dbb740/66e40bdf3f0c3f4e61641c65_WhatsApp%2520Image%25202024-05-10%2520at%252016.58.56.jpeg,,,,,"6 Pancras Sq, London N1C 4AG, UK",51.5335008,-0.1260193,zpBgVx924v,Spread across two floors with an open kitchen and an extensive year-round outside space.  Grilled local dishes from served in buzzy vibe.,https://maps.app.goo.gl/MsKQ8gMuzZHFfYLy6,66e40bdf3f0c3f4e61641c7e,https://thenugget.app/template/location/drake-morgan-at-king-s-cross-london-england
Beans & Barley,Beans & Barley,597 Green Lanes,London,England,N8 0RE,GB,07446 030507,,https://www.beansandbarley.co.uk/,1,"High chair, Baby change in unisex room, Kids' menu, Small sharing plates, Vegetarian, Vegan, Fun / Quirky, Relaxed, Buzzy, Teen favourite, Friendly staff, Games available, Kids' play space, Quick service, Pram storage",,08:00-00:00,08:00-00:00,08:00-00:00,08:00-02:00,08:00-02:00,08:00-02:00,08:00-12:00,Europe/London,,FALSE,beans-barley-london-england,https://cdn.prod.website-files.com/65c4e3041d72984c18dbb740/66e40be024587e0d1b3ad768_beans%2520and%2520barley.png,,,,,"595, 597 Green Lanes, Harringay Ladder, London N8 0RE, UK",51.5844189,-0.1003957,b4n2zy5M4y,"Beans&Barley is the perfect venue for the whole family, hosting your child's birthday party plus an amazing array of food and freshly ground coffee, with 1 floor of fun, big slides, a swing and baby toys and toys for elder age groups. A zone just for your teeney weeney winks stacked with sensory play!  📸 Beans&Barley",https://maps.app.goo.gl/5w8raeU3pHLeJnvm9,66e40be024587e0d1b3ad76c,https://thenugget.app/template/location/beans-barley-london-england
Zizzi - One New Change (St Paul's),Zizzi - One New Change (St Paul's),New Change,London,England,EC4M 9AF,GB,0 20 3302 7374,,https://www.zizzi.co.uk/?utm_source=google&utm_medium=organic&utm_campaign=panel,1,"High chair, Baby change in unisex room, Kids' menu, Wheelchair access, Tourist attraction nearby, Small sharing plates, Vegetarian, Vegan, Gluten free, Relaxed, Buzzy, Good for groups, Teen favourite, Friendly staff, Healthy, Quick service, Pram storage",,11:30-22:00,11:30-22:00,11:30-22:00,11:30-22:00,11:30-23:00,11:30-23:00,11:30-22:00,Europe/London,,FALSE,zizzi-one-new-change-st-paul-s-london-england,https://cdn.prod.website-files.com/65c4e3041d72984c18dbb740/66e40be18eb91179f8158b9e_IMG_9906.jpeg,,,,,"Unit SU46, New Change, London EC4M 9AF, UK",51.5137000,-0.0950174,rpXR9y10JB,"Italian chain restaurant for pizza & calzone on wooden boards, plus traditional pastas. Kids' meal: 3 courses & a Chocacino for £7.95.",https://maps.app.goo.gl/qrL1pkLLkEi1PzJ77,66e40be18eb91179f8158ba9,https://thenugget.app/template/location/zizzi-one-new-change-st-paul-s-london-england
Dishoom Covent Garden,Dishoom Covent Garden,12 Upper St Martin's Lane,London,England,WC2H 9FB,GB,020 7420 9320,,https://www.dishoom.com/covent-garden/?utm_source=google&utm_medium=organic&utm_campaign=Yext&utm_content=D1-CoventGarden&y_source=1_MjMwNDkyMDMtNzE1LWxvY2F0aW9uLndlYnNpdGU%3D,1,"High chair, Baby change in unisex room, Kids' menu, Wheelchair access, Outdoor seating, Tourist attraction nearby, Small sharing plates, Vegetarian, Vegan, Gluten free, Cosy, Relaxed, Buzzy, Good for groups, Takeaway, Teen favourite, Friendly staff, Healthy, Quick service, A/C",,08:00-23:00,08:00-23:00,08:00-23:00,08:00-23:00,08:00-00:00,09:00-00:00,09:00-23:00,Europe/London,,FALSE,dishoom-covent-garden-london-england,https://cdn.prod.website-files.com/65c4e3041d72984c18dbb740/66e40be205089f0c0b8c3d1d_Dishoom%2520covent%2520garden.png,,,,,"12 Upper St Martin's Ln, London WC2H 9FB, UK",51.5125176,-0.1268291,5J0W56M14B,Buzzy destination for Indian street food in Bombay-style decor with 7 locations around London.  📸Dishoom,https://maps.app.goo.gl/oTpMNrA921K3yZWR6,66e40be205089f0c0b8c3d33,https://thenugget.app/template/location/dishoom-covent-garden-london-england
The Breakfast Club Hoxton,The Breakfast Club Hoxton,2-4 Rufus Street,London,England,N1 6PE,GB,0 20 7729 5252,,https://thebreakfastclubcafes.com/hoxton/,1,"High chair, Baby change in unisex room, Kids' menu, Wheelchair access, Playground nearby, Vegetarian, Vegan, Fun / Quirky, Relaxed, Buzzy, Good for groups, Teen favourite, Friendly staff, Quick service, A/C, Pram storage",,08:00-15:00,08:00-15:00,08:00-14:45,08:00-15:00,08:00-15:00,08:00-16:00,08:00-16:00,Europe/London,,FALSE,the-breakfast-club-hoxton-london-england,https://cdn.prod.website-files.com/65c4e3041d72984c18dbb740/66e40be408fcd872c28a5307_WhatsApp%2520Image%25202024-05-15%2520at%252010.22.49-fotor-20240515102318.jpeg,,,,,"2-4 Rufus St, London N1 6PE, UK",51.5271194,-0.0811388,287yjb6N4A,Classic American breakfast favourites with a cool vibe and friendly staff. 11 locations around London.,https://maps.app.goo.gl/VngAv2nVGjtd5YWp9,66e40be408fcd872c28a5331,https://thenugget.app/template/location/the-breakfast-club-hoxton-london-england
Caravan King's Cross Restaurant,Caravan King's Cross Restaurant,1 Granary Square,London,England,N1C 4AA,GB,0 20 7101 7661,,https://caravanandco.com/pages/kings-cross,1,"High chair, Baby change in unisex room, Wheelchair access, Outdoor seating, Playground nearby, Small sharing plates, Vegetarian, Vegan, Dairy Free, Gluten free, Relaxed, Buzzy, Good for groups, Teen favourite, Dog friendly, Friendly staff, Healthy, Quick service, A/C, Pram storage",,08:00-22:00,08:00-22:00,08:00-22:00,08:00-22:00,08:00-22:00,09:00-22:00,09:00-22:00,Europe/London,,FALSE,caravan-king-s-cross-restaurant-london-england,https://cdn.prod.website-files.com/65c4e3041d72984c18dbb740/66e40be5ae507d3b07a0a772_WhatsApp%2520Image%25202024-05-10%2520at%252016.55.01.jpeg,,,,,"1 Granary Square, London N1C 4AA, UK",51.5357396,-0.1253497,x86G6P79py,"Breakfast, brunch, and all-day dining with their own Caravan Roasted Coffee. Small plates, grains, bowls, pizzas, and mains. Outdoor fountains are in front of the restaurant in warmer months, and Handyside Gardens Play Area just a short walk away. 7 locations around London.",https://maps.app.goo.gl/JFf6RQ5RYXTi9oiN9,66e40be5ae507d3b07a0a776,https://thenugget.app/template/location/caravan-king-s-cross-restaurant-london-england
Mildreds Dalston,Mildreds Dalston,"1, Thomas Tower, Dalston Square",London,England,E8 3GU,GB,020 8017 1815,,http://www.mildreds.co.uk/,1,"High chair, Baby change in unisex room, Kids' menu, Wheelchair access, Outdoor seating, Small sharing plates, Vegan, Dairy Free, Relaxed, Buzzy, Good for groups, Takeaway, Dog friendly, Friendly staff, Healthy, Quick service, A/C",,11:00-23:30,11:00-23:30,11:00-23:30,11:00-23:30,11:00-23:30,11:00-23:30,11:00-22:30,Europe/London,,FALSE,mildreds-dalston-london-england,https://cdn.prod.website-files.com/65c4e3041d72984c18dbb740/66e40be6ff3875df05e3711f_Mildreds%2520Dalston.jpeg,,,,,"1, Thomas Tower, Dalston Square, London, England, E8 3GU, GB",51.5454324,-0.0746652,Z4wZeGOLpP,A light-filled space with an plant-based menu and friendly staff. 6 locations around London.,https://maps.app.goo.gl/GPfNXiWMk9k7w4N27,66e40be6ff3875df05e37123,https://thenugget.app/template/location/mildreds-dalston-london-england
BrewDog Waterloo,BrewDog Waterloo,01 The Sidings,London,England,SE1 7BH,GB,0 20 7397 1010,,https://www.brewdog.com/uk/brewdog-waterloo,1,"High chair, Baby change in unisex room, Kids' menu, Wheelchair access, Playground nearby, Vegetarian, Vegan, Fun / Quirky, Relaxed, Buzzy, Good for groups, Teen favourite, Dog friendly, Friendly staff, Healthy, Kids' play space, A/C, Pram storage",,07:30-23:30,07:30-23:30,07:30-23:30,07:30-23:30,09:00-00:30,09:00-00:30,09:00-11:30,Europe/London,,FALSE,brewdog-waterloo-london-england,https://cdn.prod.website-files.com/65c4e3041d72984c18dbb740/66e40be724587e0d1b3ae471_WhatsApp%2520Image%25202024-05-10%2520at%252016.49.22-fotor-20240510165030.jpeg,,,,,"01 The Sidings, Unit G Waterloo Station , London, England, SE1 7BH, GB",51.5023073,-0.1153675,gpaAmyXZpZ,"A fun vibe for the whole family including a bowling alley, slide, ice cream truck, board games, and a dog's menu.",https://maps.app.goo.gl/ja2Lisy7k5HZJBg28,66e40be724587e0d1b3ae475,https://thenugget.app/template/location/brewdog-waterloo-london-england
Rudy's Pizza Napoletana - Shoreditch,Rudy's Pizza Napoletana - Shoreditch,183 Shoreditch High Street,London,England,E1 6HU,GB,0 20 8165 9929,,https://www.rudyspizza.co.uk/book,1,"High chair, Baby change in unisex room, Wheelchair access, Vegetarian, Vegan, Fun / Quirky, Relaxed, Buzzy, Good for groups, Takeaway, Teen favourite, Dog friendly, Friendly staff, Kids' colouring, Quick service, A/C, Pram storage",,12:00-22:30,12:00-22:30,12:00-22:30,12:00-22:30,12:00-22:30,12:00-20:30,12:00-22:00,Europe/London,,FALSE,rudy-s-pizza-napoletana-shoreditch-london-england,https://cdn.prod.website-files.com/65c4e3041d72984c18dbb740/66e40be8dc02f44ce846baf5_WhatsApp%2520Image%25202024-05-13%2520at%252013.54.53.jpeg,,,,,"183 Shoreditch High St, London E1 6HU, UK",51.5243410,-0.0774149,ZJWZmvLb40,Buzzy pizza place perfect for the whole family. Try to save room for dessert. 7 locations around London.  Also offers a bake at home option with 4 pizza minimum purchase.,https://maps.app.goo.gl/EPBofrvSCXcLAq429,66e40be8dc02f44ce846baf9,https://thenugget.app/template/location/rudy-s-pizza-napoletana-shoreditch-london-england
The Duke of Richmond - Hackney,The Duke of Richmond - Hackney,316 Queensbridge Road,London,England,E8 3NH,GB,0 20 7923 3990,,https://www.thedukeofrichmond.com/,1,"High chair, Baby change in unisex room, Kids' menu, Wheelchair access, Outdoor seating, Playground nearby, Vegetarian, Vegan, Gluten free, Relaxed, Buzzy, Good for groups, Takeaway, Dog friendly, Friendly staff, Healthy, Kids' colouring, Quick service, Pram storage",,17:30-21:00,closed,17:30-21:00,17:30-21:30,"12:00-14:30,17:30-21:30",12:00-21:30,12:00-19:00,Europe/London,,FALSE,the-duke-of-richmond-hackney-london-england,https://cdn.prod.website-files.com/65c4e3041d72984c18dbb740/66e40be824587e0d1b3ae629_Duke%2520of%2520richmond.webp,,,,,"316 Queensbridge Rd, London E8 3NH, UK",51.5429680,-0.0696627,N49eQ1Dn4G,"Cosy neighbourhood pub with daily deals, including 50% off food every Friday 12-2.30pm. 10 minute walk to 2 London Fields playgrounds.  📸 Duke of Richmond",https://maps.app.goo.gl/7V7S1wRmGm9DZTap6,66e40be924587e0d1b3ae656,https://thenugget.app/template/location/the-duke-of-richmond-hackney-london-england
Leafwild Cafe,Leafwild Cafe,156 Ladbroke Grove,London,England,W10 5NA,GB,020 3417 6616,,https://leafwildcafe.co.uk/,1,"High chair, Baby change in unisex room, Kids' menu, Wheelchair access, Outdoor seating, Vegetarian, Vegan, Gluten free, Cosy, Relaxed, Good for groups, Takeaway, Dog friendly, Friendly staff, Healthy, Quick service, A/C",,07:30-17:00,07:30-17:00,07:30-17:00,07:30-17:00,07:30-17:00,08:00-17:00,08:00-17:00,Europe/London,,FALSE,leafwild-cafe-london-england,https://cdn.prod.website-files.com/65c4e3041d72984c18dbb740/66e40be96aa8ebf621678109_WhatsApp%2520Image%25202024-05-10%2520at%252016.43.06.jpeg,,,,,"156 Ladbroke Grove, London W10 5NA, UK",51.5185246,-0.2104038,wpZnmexOpA,"Cosy cafe with a rustic vibe offering artisan coffee, plus health-conscious cakes & meals.",https://maps.app.goo.gl/CLe9Q2DeoSfXsn1ZA,66e40be96aa8ebf62167810d,https://thenugget.app/template/location/leafwild-cafe-london-england
Trejo’s Tacos,Trejo’s Tacos,299 Portobello Road,London,England,W10 5TD,GB,,,http://trejostacos.co.uk/,1,"High chair, Baby change in unisex room, Kids' menu, Outdoor seating, Small sharing plates, Vegetarian, Vegan, Dairy Free, Relaxed, Buzzy, Good for groups, Teen favourite, Dog friendly, Friendly staff, Healthy, Kids' colouring, Quick service, A/C",,closed,12:00-22:00,12:00-22:00,12:00-22:00,10:00-22:00,10:00-22:00,10:00-17:00,Europe/London,,FALSE,trejo-s-tacos-london-england,https://cdn.prod.website-files.com/65c4e3041d72984c18dbb740/66e40bea4384be622823f99b_WhatsApp%2520Image%25202024-05-10%2520at%252016.43.24.jpeg,,,,,"299-301, 299 Portobello Rd, London W10 5TD, UK",51.5192276,-0.2077699,ZJWZK3wW40,"New taco restaurant near Portobello Road Market. Dog friendly during the day. Kids meals available. Note: there is a step to access the ""accessible"" toilet.",https://maps.app.goo.gl/T53tsxfqxr22RnZp8,66e40bea4384be622823f99f,https://thenugget.app/template/location/trejo-s-tacos-london-england
Comptoir Libanais,Comptoir Libanais,1-5 Exhibition Road,London,England,SW7 2HE,GB,020 7225 5006,,https://www.comptoirlibanais.com/restaurants/south-kensington,1,"High chair, Baby change in unisex room, Kids' menu, Wheelchair access, Outdoor seating, Tourist attraction nearby, Small sharing plates, Vegetarian, Vegan, Gluten free, Relaxed, Buzzy, Good for groups, Takeaway, Dog friendly, Friendly staff, Healthy, Kids' colouring, Quick service, A/C",,09:00-22:30,09:00-22:30,09:00-22:30,09:00-22:30,09:00-22:30,09:00-22:30,09:00-21:00,Europe/London,,FALSE,comptoir-libanais-london-england,https://cdn.prod.website-files.com/65c4e3041d72984c18dbb740/66e40beb4bbe52ae3ba36a76_WhatsApp%2520Image%25202024-05-10%2520at%252016.41.26-fotor-20240510164214.jpeg,,,,,"1-5 Exhibition Rd, South Kensington, London SW7 2HE, UK",51.4947102,-0.1736234,PJmQwKKnJl,Lebanese chain with plenty of options for everyone. Dogs welcome outside. 11 locations around London.,https://maps.app.goo.gl/KtsjzezJF8U8H47E7,66e40beb4bbe52ae3ba36a92,https://thenugget.app/template/location/comptoir-libanais-london-england
The Kensington Creperie,The Kensington Creperie,2-4 Exhibition Road,London,England,SW7 2HF,GB,0 20 7589 8947,,http://kensingtoncreperie.com/,1,"High chair, Baby change in unisex room, Outdoor seating, Tourist attraction nearby, Small sharing plates, Vegetarian, Vegan, Relaxed, Buzzy, Good for groups, Takeaway, Teen favourite, Friendly staff, Quick service",,09:00-21:00,09:00-21:00,09:00-21:00,09:00-21:00,09:00-21:00,09:00-21:00,09:00-21:00,Europe/London,,FALSE,the-kensington-creperie-london-england,https://cdn.prod.website-files.com/65c4e3041d72984c18dbb740/66e40bed216f861a3f63c412_IMG_5070%25202.jpeg,,,,,"2-4 Exhibition Rd, South Kensington, London SW7 2HF, UK",51.4947729,-0.1732040,DJ36b55Y4m,Sweet and savoury crepes for the whole family. Also serving pancakes and salads. Combine with nearby museums. ,https://maps.app.goo.gl/k6n34epveiaDsTi87,66e40bed216f861a3f63c416,https://thenugget.app/template/location/the-kensington-creperie-london-england
Farm Girl - South Kensington,Farm Girl - South Kensington,8 Exhibition Road,London,England,SW7 2HF,GB,0 20 3674 0926,,http://www.thefarmgirl.co.uk/,1,"High chair, Baby change in unisex room, Outdoor seating, Tourist attraction nearby, Vegetarian, Vegan, Cosy, Buzzy, Takeaway, Friendly staff, Healthy, Kids' colouring, Quick service",,08:30-17:00,08:30-17:00,08:30-17:00,08:30-17:00,08:30-17:00,09:00-17:30,09:00-17:30,Europe/London,,FALSE,farm-girl-south-kensington-london-england,https://cdn.prod.website-files.com/65c4e3041d72984c18dbb740/66e40bedf5ad5d18e8bb69ca_WhatsApp%2520Image%25202024-05-10%2520at%252012.00.59-fotor-20240510163753.jpeg,,,,,"8 Exhibition Rd, South Kensington, London SW7 2HF, UK",51.4949327,-0.1732342,yJzn6AADJ6,"Friendly and healthy breakfast and lunch, with coffee, teas, matcha and pastries.",https://maps.app.goo.gl/wLVE2ShTVZk8aXZT6,66e40beef5ad5d18e8bb69e2,https://thenugget.app/template/location/farm-girl-south-kensington-london-england
Delicious Pho,Delicious Pho,3-6 Steward Street,London,England,E1 6FQ,GB,0 20 7646 2021,,https://deliciouspho.co.uk/,1,"High chair, Baby change in unisex room, Kids' menu, Wheelchair access, Tourist attraction nearby, Vegetarian, Vegan, Dairy Free, Gluten free, Relaxed, Buzzy, Good for groups, Takeaway, Friendly staff, Healthy, Quick service, A/C",,11:00-21:00,11:00-21:00,11:00-21:00,11:00-21:00,11:00-21:00,11:00-21:00,11:00-21:00,Europe/London,,FALSE,delicious-pho-london-england,https://cdn.prod.website-files.com/65c4e3041d72984c18dbb740/66e40bef80ffac5ddc1cb440_WhatsApp%2520Image%25202024-04-19%2520at%252015.08.26.jpeg,,,,,"3-6 Steward St, London E1 6FQ, UK",51.5188805,-0.0774597,Z4vZ3L294Q,"Large Vietnamese restaurant beside Spitalfield Market, with noodles, bánh mì, and a large tea and che desserts selction. ",https://maps.app.goo.gl/g8ytpDnLDxGJNFqR8,66e40bef80ffac5ddc1cb45e,https://thenugget.app/template/location/delicious-pho-london-england
Purple Patch,Purple Patch,3155 Mount Pleasant Street Northwest,Washington,District of Columbia,20010,US,0 202-299-0022,,http://www.purplepatchdc.com/,0,"High chair, Baby change in unisex room, Outdoor seating, Small sharing plates, Vegetarian, Vegan, Relaxed, Buzzy, Good for groups, Dog friendly, Friendly staff, Quick service",,"10:00-15:00,16:00-21:30","10:00-15:00,16:00-21:30","10:00-15:00,16:00-21:30","10:00-15:00,16:00-21:30",10:00-17:00,"09:00-15:00,16:00-21:30","10:00-15:00,16:00-21:30",America/New_York,,FALSE,purple-patch-washington-district-of-columbia,https://cdn.prod.website-files.com/65c4e3041d72984c18dbb740/66eb1d79d20f50a0502e8bf8_66e40bf032f01adb4430fbeb_WhatsApp%252520Image%2525202024-05-06%252520at%25252017.33.06.jpeg,,,,,"3155 Mt Pleasant St NW, Washington, DC 20010, USA",38.9305555,-77.0376686,k4Y9qjQL4X,"Filipino Classics and American Fare, Filipino owed and operated with something on the menu for everyone.",https://maps.app.goo.gl/1UMvvPzsHs9acNY59,66e40bf032f01adb4430fc4c,https://thenugget.app/template/location/purple-patch-washington-district-of-columbia
Martha Dear,Martha Dear,3110 Mount Pleasant Street Northwest,Washington,District of Columbia,20010,US,#ERROR!,,https://www.marthadear.com/,0,"High chair, Baby change in unisex room, Wheelchair access, Outdoor seating, Vegetarian, Vegan, Relaxed, Buzzy, Good for groups, Takeaway, Teen favourite, Dog friendly, Friendly staff, Healthy, Quick service, A/C",,closed,closed,17:00-20:30,17:00-20:30,17:00-20:30,17:00-20:30,17:00-20:30,America/New_York,,FALSE,martha-dear-washington-district-of-columbia,https://cdn.prod.website-files.com/65c4e3041d72984c18dbb740/66eb1d783af85add75214640_66e40bf1e4adc0013db64491_WhatsApp%252520Image%2525202024-05-06%252520at%25252017.20.22.jpeg,,,,,"3110 Mt Pleasant St NW, Washington, DC 20010, USA",38.9291709,-77.0377106,r85dR1rzJN,"Down-to-earth restaurant with a patio specializing in sourdough pizzas, plus Italian & Greek dishes. Menu is good for kids. ",https://maps.app.goo.gl/3vwPygmigHqh59GL8,66e40bf1e4adc0013db644aa,https://thenugget.app/template/location/martha-dear-washington-district-of-columbia
Mount Desert Island Ice Cream,Mount Desert Island Ice Cream,3110 Mount Pleasant Street Northwest,Washington,District of Columbia,20010,US,#ERROR!,,http://www.mdiic.com/,0,"Baby change in unisex room, Outdoor seating, Vegetarian, Vegan, Dairy Free, Buzzy, Good for groups, Dog friendly, Friendly staff, Quick service, A/C",,14:00-21:30,14:00-21:30,14:00-21:30,14:00-21:30,12:00-21:30,12:00-22:00,12:00-21:30,America/New_York,,FALSE,mount-desert-island-ice-cream-washington-district-of-columbia,https://cdn.prod.website-files.com/65c4e3041d72984c18dbb740/66eb1d77ff6d944352ffbbcf_66e40bf24ba74f31a8fd1cca_WhatsApp%252520Image%2525202024-05-06%252520at%25252017.34.49.jpeg,,,,,"3110 Mt Pleasant St NW 1st floor, Washington, DC 20010, USA",38.9291879,-77.0377248,zpALAlx78d,"Delicious and interesting ice cream flavours for everyone, even the dog!",https://maps.app.goo.gl/u49UN5fVjRYy2hfW8,66e40bf24ba74f31a8fd1cce,https://thenugget.app/template/location/mount-desert-island-ice-cream-washington-district-of-columbia
Bread Street Kitchen & Bar - Battersea,Bread Street Kitchen & Bar - Battersea,Battersea Power Station,London,England,SW11 8DD,GB,0 20 7592 7952,,https://www.gordonramsayrestaurants.com/bread-street-kitchen/battersea/,1,"High chair, Baby change in unisex room, Kids' menu, Wheelchair access, Playground nearby, Small sharing plates, Vegetarian, Buzzy, Posh, Good for groups, Free kids meal, Friendly staff, Kids' colouring, Quick service, A/C",,11:30-22:00,11:30-22:00,11:30-22:00,11:30-23:00,11:30-23:00,11:30-23:00,11:30-21:00,Europe/London,,FALSE,bread-street-kitchen-bar-battersea-london-england,https://cdn.prod.website-files.com/65c4e3041d72984c18dbb740/66e40bf3ed785208ce66372f_WhatsApp%2520Image%25202024-05-17%2520at%252015.50.54.jpeg,,,,,"Battersea Power Station, 1st Floor, London, England, SW11 8DD, GB",51.4818269,-0.1444823,Z4vZYg9y4Q,"A Modern European restaurant with something for everyone, including a delicious Beef Wellington for two. Kids (8 and under) eat free all day every day: one kids meal free with the purchase of an adult's meal. They have 6 locations around London.",https://maps.app.goo.gl/yjjcUbDZCAungHF48,66e40bf3ed785208ce663733,https://thenugget.app/template/location/bread-street-kitchen-bar-battersea-london-england
The Crown,The Crown,223 Grove Road,London,England,E3 5SN,GB,0 20 8880 7261,,https://www.thecrownbow.co.uk/,1,"High chair, Baby change in unisex room, Kids' menu, Wheelchair access, Outdoor seating, Playground nearby, Small sharing plates, Vegetarian, Vegan, Relaxed, Buzzy, Good for groups, Takeaway, Dog friendly, Friendly staff, Kids' colouring, Games available, Quick service, A/C",,11:00-21:00,11:00-21:00,11:00-21:00,11:00-21:00,11:00-22:00,10:00-22:00,12:00-21:00,Europe/London,,FALSE,the-crown-london-england,https://cdn.prod.website-files.com/65c4e3041d72984c18dbb740/66e40bf620ea1fdc6d73c1ad_The%2520Crown%2520e3.png,,,,,"223 Grove Rd., London E3 5SN, UK",51.5329794,-0.0417301,rJq93P6qJq,"Friendly neighbourhood pub with two floors of dining, balconies, and outdoor tables. Brunch during the week and Saturdays with Sunday roast on offer. Kids meals are available as half portion of adult mains for half the price. Tip: the outdoor seating is best for babies in a stroller or older kids. Opt for indoor seating with energetic toddlers. Combine with Victoria Park and Playground nearby. 📸 The Crown ",https://maps.app.goo.gl/76zgaJZBFBC3eUXg9,66e40bf620ea1fdc6d73c1d6,https://thenugget.app/template/location/the-crown-london-england
Megan's on the High Street Restaurant (Kensington),Megan's on the High Street Restaurant (Kensington),204 Kensington High Street,London,England,W8 7RG,GB,0 20 3468 0219,,https://megans.co.uk/bookings/,1,"High chair, Baby change in unisex room, Kids' menu, Wheelchair access, Outdoor seating, Small sharing plates, Vegetarian, Vegan, Dairy Free, Relaxed, Buzzy, Good for groups, Friendly staff, Healthy, Kids' colouring, Quick service, A/C",,08:30-21:30,08:30-21:30,08:30-21:30,08:30-22:30,08:30-22:30,08:30-22:30,09:00-21:30,Europe/London,,FALSE,megan-s-on-the-high-street-restaurant-kensington-london-england,https://cdn.prod.website-files.com/65c4e3041d72984c18dbb740/66e40bf71974d4d441bb8598_WhatsApp%2520Image%25202024-05-20%2520at%252012.43.33.jpeg,,,,,"204 Kensington High St, London W8 7RG, UK",51.4996519,-0.1974341,k8P7N6kKJb,All day dining that includes a little kids menu and a big kids menu with vegetarian and vegan options. A great place for the whole family!,https://maps.app.goo.gl/8zuS3d3RJbSjeMBW8,66e40bf71974d4d441bb85ac,https://thenugget.app/template/location/megan-s-on-the-high-street-restaurant-kensington-london-england
Din Tai Fung Centre Point,Din Tai Fung Centre Point,11 Saint Giles Square,London,England,WC2H 8AP,GB,0 20 3034 0368,,https://dintaifung-uk.com/reservations/,1,"High chair, Baby change in unisex room, Wheelchair access, Small sharing plates, Vegetarian, Vegan, Relaxed, Buzzy, Good for groups, Healthy, Quick service, A/C",,12:00-23:00,12:00-23:00,12:00-23:00,12:00-23:00,12:00-23:00,11:00-23:00,11:00-22:00,Europe/London,,FALSE,din-tai-fung-centre-point-london-england,https://cdn.prod.website-files.com/65c4e3041d72984c18dbb740/66e40bf879566cf668099213_din%2520tai%2520fung.webp,,,,,"Unit R04, 11 St Giles Square, London WC2H 8AP, UK",51.5163002,-0.1293852,LJyk66GXpl,Best place for dumplings! Great for groups.; Menu is good for kids; Cash not accepted.  📸 Din Tai Fung ,https://maps.app.goo.gl/tFX9MyygQzM8MXaq7,66e40bf879566cf66809921e,https://thenugget.app/template/location/din-tai-fung-centre-point-london-england
The Real Greek - Soho,The Real Greek - Soho,50 Berwick Street,London,England,W1F 8SJ,GB,0 20 7287 6805,,https://www.therealgreek.com/kids-menu/,1,"High chair, Baby change in unisex room, Kids' menu, Wheelchair access, Outdoor seating, Small sharing plates, Vegetarian, Vegan, Cosy, Relaxed, Good for groups, Takeaway, Friendly staff, Healthy, A/C",,12:00-22:00,12:00-22:00,12:00-22:00,12:00-22:00,12:00-23:00,12:00-23:00,12:00-21:00,Europe/London,,FALSE,the-real-greek-soho-london-england,https://cdn.prod.website-files.com/65c4e3041d72984c18dbb740/66e40bf905089f0c0b8c56b0_real%2520greek%2520soho.jpeg,,,,,"50 Berwick St, London W1F 8SJ, UK",51.5154310,-0.1362923,B8eAWNKE89,"Slick, modern restaurant with a menu of updated classic dishes, plus ouzo & Greek wines.; Best Place for kids, Family, Group and Party.Kids under 12 eat FREE every Sunday for every £10 spent by an adult.  📸 The Real Greek",https://maps.app.goo.gl/susUfnyaNdRHycwz9,66e40bf905089f0c0b8c57a8,https://thenugget.app/template/location/the-real-greek-soho-london-england
The Ship Inn,The Ship Inn,Strand,Rye,England,TN31 7DB,GB,0 1797 229256,,http://theshipinnrye.com/,1,"High chair, Baby change in unisex room, Kids' menu, Wheelchair access, Outdoor seating, Small sharing plates, Vegetarian, Vegan, Cosy, Relaxed, Posh, Good for groups, Dog friendly, Friendly staff, Healthy, Kids' colouring, Kids' play space, Quick service, A/C",,07:30-23:00,07:30-23:00,07:30-23:00,07:30-23:00,07:30-23:00,07:30-23:00,07:30-20:00,Europe/London,,FALSE,the-ship-inn-rye-england,https://cdn.prod.website-files.com/65c4e3041d72984c18dbb740/66e40bfede7239e9bace3b53_Screenshot%25202024-05-24%2520151141.png,,,,,"The, Strand, Rye TN31 7DB, UK",50.9493430,0.7306120,MJbZWqQDJX,"If you live within a 3 mile radius of The Ship Inn, you can benefit from 15% off your bill between Monday - Wednesday.",https://maps.app.goo.gl/b2UKb6nkjaEbedBC8,66e40bfede7239e9bace3bd8,https://thenugget.app/template/location/the-ship-inn-rye-england
Mojos Brasserie,Mojos Brasserie,423 High Road,Woodford Green,England,IG8 0XG,GB,0 20 8504 5340,,http://mojosbrasserie.co.uk/,1,"High chair, Baby change in unisex room, Kids' menu, Wheelchair access, Small sharing plates, Vegetarian, Vegan, Cosy, Relaxed, Posh, Good for groups, Takeaway, Friendly staff, Healthy, Quick service, A/C",,08:00-17:00,08:00-17:00,08:00-17:00,08:00-17:00,08:00-17:00,08:00-17:00,08:00-16:30,Europe/London,,FALSE,mojos-brasserie-woodford-green-england,https://cdn.prod.website-files.com/65c4e3041d72984c18dbb740/66e40bfff8d447bc213b542c_Mojos.jpeg,,,,,"421, 423 High Rd, Woodford, Woodford Green IG8 0XG, UK",51.6095162,0.0213703,wpZndAKOpA,Brunch and lunch with several options on the kids' menu for £8.  An extensive menu with something for everyone and a favorite for pancakes.  📸 Mojos,https://maps.app.goo.gl/u6iU5ByWCS6yscPb9,66e40bfff8d447bc213b5441,https://thenugget.app/template/location/mojos-brasserie-woodford-green-england
Tonis Amalfi Italian Restaurant & Pizzeria,Tonis Amalfi Italian Restaurant & Pizzeria,123 Queenstown Road,London,England,SW8 3RH,GB,0 20 3583 4830,,http://www.tonisamalfi.co.uk/,1,"High chair, Baby change in unisex room, Kids' menu, Wheelchair access, Small sharing plates, Vegetarian, Vegan, Cosy, Relaxed, Good for groups, Takeaway, Friendly staff, Healthy, Quick service, A/C",,18:00-22:00,18:00-22:00,18:00-22:00,12:00-22:00,12:00-23:00,12:00-23:00,12:00-22:00,Europe/London,,FALSE,tonis-amalfi-italian-restaurant-pizzeria-london-england,https://cdn.prod.website-files.com/65c4e3041d72984c18dbb740/66e40c0020ea1fdc6d73cef7_tonis-amalfi-corridor.jpeg,,,,,"123 Queenstown Rd, London SW8 3RH, UK",51.4699861,-0.1498394,287y1kKG4A,"Italian dishes, including classic pasta favourites & pizza alongside meats, seafood & wine.  📸 Tonis Amalfi",https://maps.app.goo.gl/uLnTNgXvjdPmsukD7,66e40c0020ea1fdc6d73cf24,https://thenugget.app/template/location/tonis-amalfi-italian-restaurant-pizzeria-london-england
Sticks'n'Sushi Richmond,Sticks'n'Sushi Richmond,80 George Street,Richmond,England,TW9 1HA,GB,0 20 3343 9656,,https://sticksnsushi.com/en/restaurants/london/richmond,1,"High chair, Baby change in unisex room, Kids' menu, Wheelchair access, Outdoor seating, Small sharing plates, Vegetarian, Vegan, Cosy, Relaxed, Posh, Good for groups, Takeaway, Dog friendly, Friendly staff, Healthy, Quick service, A/C",,12:00-22:00,12:00-22:00,12:00-22:00,12:00-22:00,12:00-23:00,11:30-23:00,11:30-21:30,Europe/London,,FALSE,sticks-n-sushi-richmond-richmond-england,https://cdn.prod.website-files.com/65c4e3041d72984c18dbb740/66e40c01324299705be2a5c7_sticks%2520n%2520sushi%2520richmond.png,,,,,"80 George St, Richmond TW9 1HA, UK",51.4600545,-0.3063154,Q8dwVAm5Jr,"Japanese restaurant based on a renowned Danish concept, offering sushi and grilled yakitori skewers. 10 locations around London.  📸 Sticks'n'Sushi Richmond",https://maps.app.goo.gl/fveNnPspGgQiHpUK8,66e40c02324299705be2a60e,https://thenugget.app/template/location/sticks-n-sushi-richmond-richmond-england
Franco Manca Covent Garden,Franco Manca Covent Garden,39 Maiden Lane,London,England,WC2E 7LJ,GB,0 20 7240 8309,,http://www.francomanca.co.uk/restaurants/covent-garden/,1,"High chair, Baby change in unisex room, Kids' menu, Wheelchair access, Outdoor seating, Vegetarian, Vegan, Gluten free, Cosy, Relaxed, Good for groups, Takeaway, Friendly staff, Healthy, Kids' colouring, Quick service, A/C",,12:00-22:00,12:00-22:00,12:00-22:00,11:30-22:30,11:30-23:00,11:30-23:00,11:30-21:00,Europe/London,,FALSE,franco-manca-covent-garden-london-england,https://cdn.prod.website-files.com/65c4e3041d72984c18dbb740/66e40c025b1e61411ba6180a_franco%2520manca%2520covent%2520graden.jpeg,,,,,"39 Maiden Ln, London WC2E 7LJ, UK",51.5109322,-0.1228313,y8GDlL2npr,"A neighbourhood pizzeria with friendly, fast service and affordable sourdough pizzas. Locations throughout the UK.   📸 Franco Manca",https://maps.app.goo.gl/2LXfZurZXTL8C64bA,66e40c025b1e61411ba61822,https://thenugget.app/template/location/franco-manca-covent-garden-london-england
Bread & Oregano,Bread & Oregano,90 George Lane,London,England,E18 1JJ,GB,0 20 3649 7483,,http://breadandoregano.co.uk/,1,"High chair, Baby change in unisex room, Kids' menu, Wheelchair access, Outdoor seating, Small sharing plates, Vegetarian, Vegan, Cosy, Good for groups, Takeaway, Dog friendly, Healthy, Kids' colouring, A/C",,06:30-17:00,06:30-17:00,06:30-22:00,06:30-22:00,06:30-22:00,07:00-22:00,08:00-17:00,Europe/London,,FALSE,bread-oregano-london-england,https://cdn.prod.website-files.com/65c4e3041d72984c18dbb740/66e40c0305089f0c0b8c5fdb_Bread%2520and%2520oregano.jpeg,,,,,"90 George Ln, London E18 1JJ, UK",51.5918305,0.0276884,B4LelRymJe,"A Greek restaurant with a buzzy atmosphere, serving brunch, burgers, wraps, Greek specials, and salads with a kids menu starting at £5.  📸 Bread and Oregano",https://maps.app.goo.gl/nMJ8CAYYBjigmSTD7,66e40c0305089f0c0b8c614e,https://thenugget.app/template/location/bread-oregano-london-england
Wagamama Enfield Southbury Leisure Park,Wagamama Enfield Southbury Leisure Park,Southbury Road,Enfield,England,EN1 1UY,GB,0 20 3117 5904,,https://www.wagamama.com/restaurants/enfield/enfield,0,"High chair, Baby change in unisex room, Kids' menu, Wheelchair access, Outdoor seating, Small sharing plates, Vegetarian, Vegan, Cosy, Relaxed, Good for groups, Takeaway, Dog friendly, Healthy, Kids' colouring, Kids' play space, A/C",,11:00-22:00,11:00-22:00,11:00-22:00,11:00-23:00,11:00-23:00,11:00-23:00,11:00-22:00,Europe/London,,FALSE,wagamama-enfield-southbury-leisure-park-enfield-england,https://cdn.prod.website-files.com/65c4e3041d72984c18dbb740/683039ff16293d30fe5e62c1_66eb1c1fab7251b944e0284c_66e40bcc79566cf668095516_Color%25252520logo%25252520with%25252520background%252525201%25252520(2).png,,,,,"Southbury Leisure Park, Southbury Rd, Enfield EN1 1UY, UK",51.6505218,-0.0629706,dJEOlXDLpW,Casual restaurant chain serving Asian dishes in a Japanese-inspired setting with long communal benches. Great atmosphere with lots of healthy options.,https://maps.app.goo.gl/tN7ZbiKCskoKFk526,66e40c0532f01adb4431129b,https://thenugget.app/template/location/wagamama-enfield-southbury-leisure-park-enfield-england
Beam,Beam,103 Westbourne Grove,London,England,W2 4UW,GB,0 20 7243 0111,,http://cafebeam.co.uk/,1,"High chair, Baby change in unisex room, Kids' menu, Wheelchair access, Outdoor seating, Small sharing plates, Vegetarian, Vegan, Cosy, Relaxed, Good for groups, Takeaway, Dog friendly, Healthy, Kids' colouring, A/C",,08:00-18:00,08:00-18:00,08:00-18:00,08:00-18:00,08:00-18:00,08:00-18:00,08:00-18:00,Europe/London,,FALSE,beam-london-england,https://cdn.prod.website-files.com/65c4e3041d72984c18dbb740/66e40c06cad9594ee3e546c4_beam%2520notting%2520hill.jpeg,,,,,"103 Westbourne Grove, London W2 4UW, UK",51.5151426,-0.1933383,ZJWZ7Bej40,Offers local classics & Mediterranean specialties. Known for their pancakes and french toast.  📸 Beam ,https://maps.app.goo.gl/DHNqVjaBV7kPdjaD8,66e40c06cad9594ee3e546c8,https://thenugget.app/template/location/beam-london-england
Nando's Westfield London,Nando's Westfield London,Ariel Way,London,England,W12 7GF,GB,0 20 8834 4658,,https://www.nandos.co.uk/restaurants/westfield-london?utm_campaign=websitecta_NA&utm_content=Multi-Chan_GB_NA_NA_NA_all_NA_NA_westfield-london&utm_medium=mybusiness&utm_source=google&utm_term=Local,0,"High chair, Baby change in unisex room, Kids' menu, Wheelchair access, Small sharing plates, Vegetarian, Vegan, Cosy, Relaxed, Posh, Good for groups, Takeaway, Friendly staff, Healthy, Kids' colouring, Quick service, A/C",,11:30-22:00,11:30-22:00,11:30-22:00,11:30-22:00,11:00-22:00,11:00-22:00,11:00-20:00,Europe/London,,FALSE,nando-s-westfield-london-london-england,https://cdn.prod.website-files.com/65c4e3041d72984c18dbb740/683039ff16293d30fe5e62c1_66eb1c1fab7251b944e0284c_66e40bcc79566cf668095516_Color%25252520logo%25252520with%25252520background%252525201%25252520(2).png,,,,,"Unit 3101-3104, Westfield, Ariel Way, London W12 7GF, UK",51.5073800,-0.2214410,rJq9eAX9Jq,Afro-Portuguese chain restaurant serving flame-grilled chicken in a variety of sauces. Known for their peri-peri chicken. Locations throughout London and the UK.,https://maps.app.goo.gl/iiRKvv5MgGXceM8B6,66e40c07ff3875df05e39273,https://thenugget.app/template/location/nando-s-westfield-london-london-england
Independent Pizza Company,Independent Pizza Company,28 Drumcondra Road Lower,Dublin 9,County Dublin,D09 X034,IE,0 1 830 2044,,http://ilovepizza.ie/,1,"High chair, Baby change in unisex room, Baby change in women's room, Kids' menu, Wheelchair access, Small sharing plates, Vegetarian, Vegan, Cosy, Relaxed, Posh, Good for groups, Takeaway, Healthy, Kids' colouring, Quick service, A/C",,closed,12:00-21:00,12:00-21:00,12:00-21:00,12:00-22:00,12:00-22:00,12:00-21:00,Europe/Dublin,,FALSE,independent-pizza-company-dublin-9-county-dublin,https://cdn.prod.website-files.com/65c4e3041d72984c18dbb740/66e40beb4bbe52ae3ba36a76_WhatsApp%2520Image%25202024-05-10%2520at%252016.41.26-fotor-20240510164214.jpeg,,,,,"28 Drumcondra Rd Lower, Phibsborough, Dublin 9, D09 X034, Ireland",53.3628317,-6.2588018,k8P7lmBdJb,Light and crisp based pizzas with locally sourced ingredients since 1984.,https://maps.app.goo.gl/eEPAUauc4CWRcTzS7,66e40c0836afdf4829b868c2,https://thenugget.app/template/location/independent-pizza-company-dublin-9-county-dublin
High Road Brasserie,High Road Brasserie,162-170 Chiswick High Road,London,England,W4 1PR,GB,#ERROR!,,https://www.highroadbrasserie.co.uk/system/files/122022/63936dc71cb7115d15000000/original/HRB_KIDS_QR.pdf?1711885848,1,"High chair, Baby change in unisex room, Kids' menu, Wheelchair access, Outdoor seating, Small sharing plates, Vegetarian, Vegan, Buzzy, Good for groups, Takeaway, Healthy, Games available, Kids' play space, A/C",,08:00-23:00,08:00-23:00,08:00-23:00,08:00-00:00,08:00-00:00,08:00-00:00,08:00-23:00,Europe/London,,FALSE,high-road-brasserie-london-england,https://cdn.prod.website-files.com/65c4e3041d72984c18dbb740/66e40c08e2dee69247aad076_high%2520road%2520brasserie.jpeg,,,,,"162-170 Chiswick High Rd., Chiswick, London W4 1PR, UK",51.4928990,-0.2546800,ZJWZ7Bqk40,"Open to Soho House members and the public, a European-style brasserie with all-day dining. Offers a kids' menu for breakfast and one for lunch/dinner.  📸 High Road Brasserie",https://maps.app.goo.gl/NPGwkDJoMbCdLoDN8,66e40c09e2dee69247aad119,https://thenugget.app/template/location/high-road-brasserie-london-england
Sushimania,Sushimania,1257 High Road,London,England,N20 0EW,GB,0 20 8446 0600,,http://sushimania.co.uk/location/whetstone/,1,"High chair, Baby change in unisex room, Kids' menu, Wheelchair access, Small sharing plates, Vegetarian, Vegan, Cosy, Posh, Good for groups, Takeaway, Healthy, Quick service, A/C",,"18:00-23:00,12:00-15:00","12:00-15:00,18:00-23:00","12:00-15:00,18:00-23:00","12:00-15:00,18:00-23:00","18:00-23:00,12:00-15:00",12:00-23:00,12:00-23:00,Europe/London,,FALSE,sushimania-london-england,https://cdn.prod.website-files.com/65c4e3041d72984c18dbb740/66e40c0aae507d3b07a0cd85_sushimania%2520whetstone.webp,,,,,"1257 High Rd, London N20 0EW, UK",51.6300118,-0.1752207,Z4wZ6X2xpP,Delicious Japanese food in a casual dining area. Perfect for a fast relaxed dinner. 4 locations around London.  📸 Sushimania,https://maps.app.goo.gl/HrojC4tvfFwFRCfb7,66e40c0aae507d3b07a0cdab,https://thenugget.app/template/location/sushimania-london-england
The Blue Ball,The Blue Ball,Deans Lane,Tadworth,England,KT20 7UE,GB,0 1737 819003,,https://theblueballtadworth.co.uk/food-drink/,1,"High chair, Baby change in unisex room, Kids' menu, Wheelchair access, Outdoor seating, Small sharing plates, Vegetarian, Vegan, Relaxed, Buzzy, Good for groups, Dog friendly, Friendly staff, Healthy, Kids' colouring, Kids' play space, Quick service, A/C",,11:00-23:30,11:00-23:30,11:00-23:30,11:00-23:30,11:00-23:30,11:00-23:30,11:00-22:30,Europe/London,,FALSE,the-blue-ball-tadworth-england,https://cdn.prod.website-files.com/65c4e3041d72984c18dbb740/66e40c0b216f861a3f63e026_BlueBall-18.jpeg,,,,,"Deans Ln, Walton on the Hill, Tadworth KT20 7UE, UK",51.2834991,-0.2410793,gpaAZeLBpZ,"A welcoming and comfortable pub with good food selection. Tiki huts, outdoor dining, and an inside fireplace. Three levels of kids' menus: Under 5s for £6.95,, under 10s for £9.95, and under 12s for £11.95, all come with dessert.  📸 The Blue Ball",https://maps.app.goo.gl/cfR7RmHXPv5W9XhJ8,66e40c0b216f861a3f63e1ab,https://thenugget.app/template/location/the-blue-ball-tadworth-england
Hong Kong Restaurant,Hong Kong Restaurant,301 Upper Street,London,England,N1 2TU,GB,0 20 4537 3557,,http://www.hkcuisine.co.uk/,1,"High chair, Baby change in unisex room, Kids' menu, Small sharing plates, Vegetarian, Vegan, Halal, Relaxed, Good for groups, Takeaway, Healthy, Quick service, A/C",,12:00-23:00,12:00-23:00,12:00-23:00,12:00-23:00,12:00-23:00,12:00-23:00,12:00-23:00,Europe/London,,FALSE,hong-kong-restaurant-london-england,https://cdn.prod.website-files.com/65c4e3041d72984c18dbb740/66e40c0c4b5a470ac7eb8ba6_Hong%2520kong%2520restaurant.jpeg,,,,,"301 Upper St, London N1 2TU, UK",51.5389709,-0.1020316,N4Q6lOK5JO,"A Chinese restaurant offering different flavors of dumplings, siomai, and Hong Kong cuisine. Also serving Halal foods. Great tea selection.  📸 Hong Kong Restaurant",https://maps.app.goo.gl/QsGkYCXvJeLonAxF6,66e40c0c4b5a470ac7eb8bf9,https://thenugget.app/template/location/hong-kong-restaurant-london-england
Pizzeria Pappagone,Pizzeria Pappagone,131 Stroud Green Road,London,England,N4 3PX,GB,0 20 7263 2114,,https://www.instagram.com/pizzeriapappagone/?hl=en,1,"High chair, Baby change in unisex room, Kids' menu, Wheelchair access, Outdoor seating, Small sharing plates, Vegetarian, Vegan, Relaxed, Good for groups, Takeaway, Friendly staff, Healthy, Kids' colouring, Quick service, A/C",,12:00-23:00,12:00-23:00,12:00-23:00,12:00-23:00,12:00-00:00,12:00-00:00,12:00-23:00,Europe/London,,FALSE,pizzeria-pappagone-london-england,https://cdn.prod.website-files.com/65c4e3041d72984c18dbb740/66e40c0d216f861a3f63e31e_pizzeria%2520pappagone%2520terrace.jpeg,,,,,"131 Stroud Green Rd, Finsbury Park, London N4 3PX, UK",51.5694606,-0.1128574,ZpoVzej28D,"Family-run Italian restaurant and bar for an extensive menu of classic dishes and wood-fired pizzas. Fast service, good for kids birthdays and other group celebrations.  📸 Pizzeria Pappagone",https://maps.app.goo.gl/4WtsUUfZ88tt7nVL9,66e40c0d216f861a3f63e322,https://thenugget.app/template/location/pizzeria-pappagone-london-england
Ray Park Cafe,Ray Park Cafe,Snakes Lane East,London,England,IG8 7JF,GB,0 20 3652 0328,,https://www.facebook.com/rayparkcafe/,1,"High chair, Baby change in unisex room, Kids' menu, Wheelchair access, Outdoor seating, Playground nearby, Small sharing plates, Vegetarian, Vegan, Relaxed, Good for groups, Takeaway, Dog friendly, Friendly staff, Healthy, Kids' colouring, Games available, Kids' play space, Quick service, A/C",,08:30-18:30,08:30-18:30,08:30-18:30,08:30-18:30,08:30-18:30,08:30-18:30,08:30-18:30,Europe/London,,FALSE,ray-park-cafe-london-england,https://cdn.prod.website-files.com/65c4e3041d72984c18dbb740/66e40c0e6078c33685506af9_Ray%2520Park%2520cafe.jpeg,,,,,"Ray Park Cafe James Leal Centre Ray Park, Snakes Ln E, London IG8 7JF, UK",51.6098184,0.0456898,64KeyXVG8g,Quaint cafe in a park with a play area inside. Next to the playground.  📸 Ray Park Cafe,https://maps.app.goo.gl/ZYd8PuotvMNrUepL7,66e40c0e6078c33685506afd,https://thenugget.app/template/location/ray-park-cafe-london-england
Miller & Carter Woodford Green,Miller & Carter Woodford Green,393-395 High Road,Woodford Green,England,IG8 0XG,GB,0 20 8505 8615,,https://www.millerandcarter.co.uk/restaurants/london/millerandcarterwoodfordgreen?utm_source=google&utm_medium=organic&utm_campaign=gmb-homepage,1,"High chair, Baby change in unisex room, Kids' menu, Wheelchair access, Outdoor seating, Small sharing plates, Vegetarian, Vegan, Cosy, Posh, Good for groups, Takeaway, Dog friendly, Friendly staff, Healthy, Kids' colouring, Quick service, A/C",,12:00-23:00,12:00-23:00,12:00-23:00,12:00-23:00,12:00-23:00,12:00-23:00,12:00-23:00,Europe/London,,FALSE,miller-carter-woodford-green-woodford-green-england,https://cdn.prod.website-files.com/65c4e3041d72984c18dbb740/683039ff16293d30fe5e62c1_66eb1c1fab7251b944e0284c_66e40bcc79566cf668095516_Color%25252520logo%25252520with%25252520background%252525201%25252520(2).png,,,,,"393-395 High Rd, Woodford, Woodford Green IG8 0XG, UK",51.6090926,0.0208110,yJznGrD0J6,"Steakhouse, also serving grilled dishes, salads, and burgers. 2 or 3 course kids' menu options.",https://maps.app.goo.gl/61ZjkaZhdbrVQ45u6,66e40c0f6aa8ebf62167b214,https://thenugget.app/template/location/miller-carter-woodford-green-woodford-green-england
Pizzeria Bel-Sit,Pizzeria Bel-Sit,High Road,Woodford Green,England,IG8 0XE,GB,0 20 8504 1164,,https://belsit.co.uk/#menu,1,"High chair, Baby change in unisex room, Wheelchair access, Small sharing plates, Vegetarian, Vegan, Gluten free, Relaxed, Good for groups, Takeaway, Friendly staff, Healthy, Quick service, A/C",,closed,"12:00-14:30,18:00-22:30","12:00-14:30,18:00-22:30","12:00-14:30,18:00-22:30","12:00-14:30,18:00-22:30","12:00-14:30,18:00-22:30",closed,Europe/London,,FALSE,pizzeria-bel-sit-woodford-green-england,https://cdn.prod.website-files.com/65c4e3041d72984c18dbb740/66e40c103322a38c3519e407_Belsit%2520pizza.webp,,,,,"439-441, High Rd, Woodford, Woodford Green IG8 0XE, UK",51.6098818,0.0217276,X8RjkOxQ8A,Traditional family run Italian pizzeria and restaurant since 1981. No reservations.  📸 Pizzeria Bel-Sit,https://maps.app.goo.gl/VRYubETHQEW3oUxG9,66e40c103322a38c3519e431,https://thenugget.app/template/location/pizzeria-bel-sit-woodford-green-england
Wanasa Cafe,Wanasa Cafe,869 Green Lanes,London,England,N21 2QS,GB,0 20 8374 0845,,https://wanasacafe.co.uk/uploads/wanasa-kids-menu-7246f3.pdf,1,"High chair, Baby change in unisex room, Kids' menu, Wheelchair access, Outdoor seating, Small sharing plates, Vegetarian, Vegan, Halal, Cosy, Relaxed, Good for groups, Takeaway, Dog friendly, Healthy, Kids' colouring, Quick service, A/C",,closed,closed,09:00-15:30,09:00-15:30,09:00-15:30,09:00-16:30,10:00-15:30,Europe/London,,FALSE,wanasa-cafe-london-england,https://cdn.prod.website-files.com/65c4e3041d72984c18dbb740/66e40c10ed785208ce665d08_Wanasa%2520cafe.jpeg,,,,,"869 Green Lanes, London N21 2QS, UK",51.6347782,-0.0941790,PJmQr0Y3Jl,"A Middle Eastern restaurant serving breakfast and brunch; [onæsa] is Arabic for connecting with people in humble settings. Kids' menu options for breakfast and also lunch/dinner.  📸 Wanasa Cafe",https://maps.app.goo.gl/WwnHf6H1Hp1vJTtE8,66e40c11ed785208ce665d0c,https://thenugget.app/template/location/wanasa-cafe-london-england
Pizza Express,Pizza Express,10 Dean Street,London,England,W1D 3RW,GB,0 20 7437 9595,,https://www.pizzaexpress.com/london-dean-street,0,"High chair, Baby change in unisex room, Kids' menu, Wheelchair access, Vegetarian, Vegan, Fun / Quirky, Cosy, Good for groups, Free kids meal, Takeaway, Healthy, Kids' colouring, A/C",,11:30-23:00,11:30-23:00,11:30-23:00,11:30-23:00,11:30-23:00,11:30-23:00,11:30-22:30,Europe/London,,FALSE,pizza-express-london-england,https://cdn.prod.website-files.com/65c4e3041d72984c18dbb740/683039ff16293d30fe5e62c1_66eb1c1fab7251b944e0284c_66e40bcc79566cf668095516_Color%25252520logo%25252520with%25252520background%252525201%25252520(2).png,,,,,"10 Dean St, London W1D 3RW, UK",51.5151236,-0.1333171,gprAv01e8X,*Kids eat free with any main/pizza until 11 August. Also has a downstairs jazz club.,https://maps.app.goo.gl/8pPqDcLqj9g2obzv8,66e40c11ed785208ce665d9c,https://thenugget.app/template/location/pizza-express-london-england
Harvester Lakewood,Harvester Lakewood,175 Greater,London,England,E4 9EY,GB,0 20 8529 2990,,https://www.harvester.co.uk/restaurants/london/harvesterchingfordlondon?utm_source=google&utm_medium=organic&utm_campaign=gmb-homepage,1,"High chair, Baby change in unisex room, Kids' menu, Wheelchair access, Outdoor seating, Small sharing plates, Vegetarian, Vegan, Cosy, Good for groups, Takeaway, Healthy, Kids' colouring, Quick service, A/C",,11:30-22:00,11:30-22:00,11:30-22:00,11:30-22:00,09:00-23:00,09:00-23:00,09:00-22:00,Europe/London,,FALSE,larkswood-harvester-london-england,https://cdn.prod.website-files.com/65c4e3041d72984c18dbb740/683039ff16293d30fe5e62c1_66eb1c1fab7251b944e0284c_66e40bcc79566cf668095516_Color%25252520logo%25252520with%25252520background%252525201%25252520(2).png,,,,,"Chingford, Unit 5, larkswood leisure park, 175 New Rd, Greater, Chingford, London E4 9EY, UK",51.6175842,-0.0072202,DJ3617WL4m,"*Kids eat free Monday-Friday until 30 August; Simple, child-friendly chain restaurant serving grilled meat, salads, pasta & seafood. Fireplace, great tea selection and good for kids' parties. 12 locations around London.",https://maps.app.goo.gl/SCq6xxYyJZhuEWKVA,66e40c134ba74f31a8fd5335,https://thenugget.app/template/location/larkswood-harvester-london-england
Zizzi - Loughton,Zizzi - Loughton,2 Church Hill,Loughton,England,IG10 1LA,GB,0 20 3105 0605,,https://www.zizzi.co.uk/,0,"High chair, Baby change in unisex room, Kids' menu, Wheelchair access, Outdoor seating, Small sharing plates, Vegetarian, Vegan, Cosy, Good for groups, Takeaway, Healthy, Kids' colouring, Quick service, A/C",,11:30-22:00,11:30-22:00,11:30-22:00,11:30-22:00,11:30-23:00,11:30-23:00,11:30-22:00,Europe/London,,FALSE,zizzi-loughton-loughton-england,https://cdn.prod.website-files.com/65c4e3041d72984c18dbb740/683039ff16293d30fe5e62c1_66eb1c1fab7251b944e0284c_66e40bcc79566cf668095516_Color%25252520logo%25252520with%25252520background%252525201%25252520(2).png,,,,,"2 Church Hill, Loughton IG10 1LA, UK",51.6507746,0.0583971,w8VBlPad8a,"Italian chain restaurant for pizza & calzone on wooden boards, plus traditional pastas. Kids' meal: 3 courses & a Chocacino for £7.95.",https://maps.app.goo.gl/krkFLq12CUGMFupM6,66e40c14f50a796606e8acc1,https://thenugget.app/template/location/zizzi-loughton-loughton-england
Sushi Monster,Sushi Monster,134-138 Station Road,London,England,E4 6AN,GB,0 20 3515 0678,,https://sushimonster.co.uk/,1,"High chair, Baby change in unisex room, Wheelchair access, Small sharing plates, Vegetarian, Vegan, Fun / Quirky, Good for groups, Takeaway, Friendly staff, Healthy, Quick service, A/C",,closed,17:00-22:00,12:00-22:00,12:00-22:00,12:00-22:00,12:00-22:00,12:00-22:00,Europe/London,,FALSE,sushi-monster-london-england,https://cdn.prod.website-files.com/65c4e3041d72984c18dbb740/66e40c15ab4a1b2ad05f5c0b_SushiMonster-inside-1024x768.jpeg,,,,,"1st floor, Rusty Bike Pub, 134-138 Station Rd, London E4 6AN, UK",51.6336613,0.0093539,Z4wZ6V9KpP," A Japanese food adventure at Rusty Bike Pub, where they bring delicious food to your table on a little train.  📸  Sushi Monster",https://maps.app.goo.gl/P9anXYf2UgG97BJg9,66e40c15ab4a1b2ad05f5c0f,https://thenugget.app/template/location/sushi-monster-london-england
Grumpy's Bar + Wood Fired Pizza,Grumpy's Bar + Wood Fired Pizza,undefined,Pudsey,England,LS28 5UJ,GB,0 113 345 2525,,https://www.grumpysleeds.co.uk/,1,"High chair, Baby change in unisex room, Kids' menu, Wheelchair access, Outdoor seating, Small sharing plates, Vegetarian, Vegan, Cosy, Buzzy, Good for groups, Takeaway, Dog friendly, Friendly staff, Healthy, Kids' colouring, Quick service, A/C",,closed,12:00-23:00,12:00-23:00,12:00-23:00,12:00-23:00,12:00-23:00,12:00-23:00,Europe/London,,FALSE,grumpy-s-bar-wood-fired-pizza-pudsey-england,https://cdn.prod.website-files.com/65c4e3041d72984c18dbb740/66e40c16cad9594ee3e55f82_Screenshot%25202024-06-05%2520181959.png,,,,,"2 Old Combing, Sunnybank Mills, Farsley, Pudsey LS28 5UJ, UK",53.8137792,-1.6710782,gpaAZK2OpZ,"An award winning casual dining restaurant located in Sunny Bank Mills in Farsley, with a buzzy vibe, pizza, craft beer, and cocktails.",https://maps.app.goo.gl/h93Awus34Ydp3yc87,66e40c18cad9594ee3e5605e,https://thenugget.app/template/location/grumpy-s-bar-wood-fired-pizza-pudsey-england
Wahaca Covent Garden,Wahaca Covent Garden,66 Chandos Place,London,England,WC2N 4HG,GB,0 20 3951 9741,,https://www.wahaca.co.uk/locations/covent-garden/?utm_source=gmb&utm_medium=Yext&y_source=1_MTkxNDIwMzQtNzE1LWxvY2F0aW9uLndlYnNpdGU%3D,1,"High chair, Baby change in unisex room, Kids' menu, Wheelchair access, Outdoor seating, Small sharing plates, Vegetarian, Vegan, Dairy Free, Gluten free, Fun / Quirky, Relaxed, Buzzy, Good for groups, Takeaway, Friendly staff, Healthy, Kids' colouring, Quick service, A/C",,12:00-22:00,12:00-22:00,12:00-22:00,12:00-23:00,12:00-23:00,12:00-23:00,12:00-22:00,Europe/London,,FALSE,wahaca-covent-garden-london-england,https://cdn.prod.website-files.com/65c4e3041d72984c18dbb740/66e40c19ab4a1b2ad05f6039_wahaca%2520covent%2520garden.jpeg,,,,,"66 Chandos Pl, London WC2N 4HG, UK",51.5103369,-0.1246003,N4Q6ljZvJO,A family favourite Mexican restaurant with something for everyone.  11 locations around London.  📸 Wahaca,https://maps.app.goo.gl/4F6HxgvkyHyCwybQ7,66e40c19ab4a1b2ad05f60b7,https://thenugget.app/template/location/wahaca-covent-garden-london-england
Harvester Grange Park Northampton,Harvester Grange Park Northampton,Loake Close,Northampton,England,NN4 5EZ,GB,0 1604 675300,,https://www.harvester.co.uk/restaurants/eastandwestmidlands/harvestergrangeparknorthampton?utm_source=google&utm_medium=organic&utm_campaign=gmb-homepage,1,"High chair, Baby change in unisex room, Kids' menu, Wheelchair access, Outdoor seating, Small sharing plates, Vegetarian, Vegan, Cosy, Relaxed, Good for groups, Takeaway, Dog friendly, Friendly staff, Healthy, Kids' colouring, Quick service, A/C",,11:30-22:00,11:30-22:00,11:30-22:00,11:30-22:00,09:00-23:00,09:00-23:00,09:00-22:00,Europe/London,,FALSE,harvester-grange-park-northampton-northampton-england,https://cdn.prod.website-files.com/65c4e3041d72984c18dbb740/683039ff16293d30fe5e62c1_66eb1c1fab7251b944e0284c_66e40bcc79566cf668095516_Color%25252520logo%25252520with%25252520background%252525201%25252520(2).png,,,,,"Loake Cl, Northampton NN4 5EZ, UK",52.1861434,-0.8916148,ZpoVzqG38D,"*Kids eat free Monday-Friday until 30 August; Simple, child-friendly chain restaurant serving grilled meat, salads, pasta & seafood. Fireplace, great tea selection and good for kids' parties. 12 locations around London.",https://maps.app.goo.gl/bficBR4u7HmTuxLMA,66e40c1ad7841bd287471b67,https://thenugget.app/template/location/harvester-grange-park-northampton-northampton-england
The Clarence Tavern,The Clarence Tavern,102 Stoke Newington Church Street,London,England,N16 0LA,GB,0 20 8712 1188,,https://www.clarencetavern.com/menus,1,"High chair, Baby change in unisex room, Kids' menu, Wheelchair access, Outdoor seating, Small sharing plates, Vegetarian, Vegan, Relaxed, Good for groups, Takeaway, Dog friendly, Friendly staff, Healthy, Quick service, A/C",,closed,17:00-23:00,12:00-23:00,12:00-23:00,12:00-23:00,12:00-23:00,12:00-18:00,Europe/London,,FALSE,the-clarence-tavern-london-england,https://cdn.prod.website-files.com/65c4e3041d72984c18dbb740/66e40c1cf5ad5d18e8bbafe0_clarence%2520tavern.png,,,,,"The Stoke, Newington Teahouse, 102 Stoke Newington Church St, London N16 0LA, UK",51.5623047,-0.0789231,28ORl7byJo,"Neighbourhood pub serving seasonal, carefully sourced food and wine with a covered garden, wine shop, and a kids' menu.  📸 Clarence Tavern",https://maps.app.goo.gl/Ap8vByLCzmjzunUY9,66e40c1cf5ad5d18e8bbaff5,https://thenugget.app/template/location/the-clarence-tavern-london-england
Bella Vita - Broadway,Bella Vita - Broadway,53-57 Broadway Market,London,England,E8 4PH,GB,0 20 7249 4772,,http://www.bellavitabroadway.com/,1,"High chair, Baby change in unisex room, Kids' menu, Wheelchair access, Outdoor seating, Playground nearby, Small sharing plates, Vegetarian, Vegan, Relaxed, Buzzy, Good for groups, Takeaway, Friendly staff, Healthy, Quick service, A/C",,11:15-23:00,11:15-23:00,11:15-23:00,11:15-23:00,11:15-23:15,11:15-23:15,11:15-23:00,Europe/London,,FALSE,bella-vita-broadway-london-england,https://cdn.prod.website-files.com/65c4e3041d72984c18dbb740/66e40c1db0053a11edc49848_bella%2520vita%2520broadway.jpeg,,,,,"53-57 Broadway Market, London E8 4PH, UK",51.5371099,-0.0616291,rpXR6EoYJB,Classic Italian dishes with a contemporary twist. Great pizza and pasta options for the kids! Streetside patio and large indoors dining room. Nearby playgrounds on Jackman Street and at London Fields.  📸  Bella Vita,https://maps.app.goo.gl/nWBBrb7JTZFZVGAx6,66e40c1db0053a11edc49860,https://thenugget.app/template/location/bella-vita-broadway-london-england
Il Portico,Il Portico,277 Kensington High Street,London,England,W8 6NA,GB,0 20 7602 6262,,https://www.famigliaportico.co.uk/#about-ilportico,1,"High chair, Baby change in unisex room, Kids' menu, Wheelchair access, Outdoor seating, Small sharing plates, Vegetarian, Vegan, Cosy, Posh, Good for groups, Takeaway, Healthy, Quick service, A/C",,"12:00-14:30,18:00-22:30","12:00-14:30,18:00-22:30","12:00-14:30,18:00-22:30","12:00-14:30,18:00-22:30","12:00-14:30,18:00-22:30","12:00-14:30,18:00-22:30","12:00-14:30,18:00-22:30",Europe/London,,FALSE,il-portico-london-england,https://cdn.prod.website-files.com/65c4e3041d72984c18dbb740/66e40c1e46da67d20ec267a9_il%2520portico.jpeg,,,,,"277 Kensington High St, London W8 6NA, UK",51.4985478,-0.1999238,LJykdawDpl,A delicious Italian restaurant owned by the same family over 4 generations. Much of the produce and wild game is sourced from their family farm. Try to save room for dessert! ; This stalwart Italian restaurant still lures locals with homemade pasta and Emilia Romagna cuisine.  📸 Il Portico,https://maps.app.goo.gl/acbPbYxdaezKpYBJ8,66e40c1e46da67d20ec267ad,https://thenugget.app/template/location/il-portico-london-england
Simply Italian,Simply Italian,12 Strand,Rye,England,TN31 7DB,GB,0 1797 226024,,https://www.simplyitalian.co.uk/,1,"High chair, Baby change in unisex room, Kids' menu, Wheelchair access, Outdoor seating, Small sharing plates, Vegetarian, Vegan, Cosy, Relaxed, Good for groups, Takeaway, Dog friendly, Friendly staff, Healthy, Kids' colouring, Games available, Quick service, A/C",,12:00-20:00,closed,12:00-20:00,12:00-20:00,12:00-21:00,12:00-21:00,12:00-20:00,Europe/London,,FALSE,simply-italian-rye-england,https://cdn.prod.website-files.com/65c4e3041d72984c18dbb740/66e40c1ffd2ac7be9ff76924_simply%2520italian.jpeg,,,,,"12 Strand, Rye TN31 7DB, UK",50.9491667,0.7308333,0pjYNmLV86,"Family-run, laidback Italian restaurant with outdoor seating, serving classic regional dishes.  📸 Simply Italian",https://maps.app.goo.gl/iQwoY1xaL6xE8RJD9,66e40c1ffd2ac7be9ff76928,https://thenugget.app/template/location/simply-italian-rye-england
Wagamama Covent Garden,Wagamama Covent Garden,17 Bedford Street,London,England,WC2E 9HP,GB,0 20 3876 3727,,https://www.wagamama.com/restaurants/london/bedford-street-covent-garden,0,"High chair, Baby change in unisex room, Kids' menu, Wheelchair access, Small sharing plates, Vegetarian, Vegan, Cosy, Relaxed, Good for groups, Takeaway, Friendly staff, Healthy, Kids' colouring, Quick service, A/C",,11:00-22:00,11:00-22:00,11:00-22:00,11:00-23:00,11:00-23:30,11:00-23:30,11:00-22:00,Europe/London,,FALSE,wagamama-covent-garden-london-england,https://cdn.prod.website-files.com/65c4e3041d72984c18dbb740/683039ff16293d30fe5e62c1_66eb1c1fab7251b944e0284c_66e40bcc79566cf668095516_Color%25252520logo%25252520with%25252520background%252525201%25252520(2).png,,,,,"17 Bedford St, London WC2E 9HP, UK",51.5108108,-0.1247671,o8xBNW5y4g,Casual restaurant chain serving Asian dishes in a Japanese-inspired setting with long communal benches. Great atmosphere with lots of healthy options.,https://maps.app.goo.gl/Nj3ihTeu4jJQD1ug7,66e40c21cad9594ee3e56a98,https://thenugget.app/template/location/wagamama-covent-garden-london-england
Honest Burgers Covent Garden,Honest Burgers Covent Garden,33 Southampton Street,London,England,WC2E 7HE,GB,0 20 3148 9505,,https://www.honestburgers.co.uk/locations/covent-garden/,0,"High chair, Baby change in unisex room, Kids' menu, Wheelchair access, Outdoor seating, Vegetarian, Vegan, Cosy, Good for groups, Takeaway, Dog friendly, Friendly staff, Healthy, Kids' colouring, Quick service, A/C",,11:00-22:30,11:00-23:00,11:00-23:00,11:00-23:00,11:00-23:30,11:00-23:30,11:00-22:30,Europe/London,,FALSE,honest-burgers-covent-garden-london-england,https://cdn.prod.website-files.com/65c4e3041d72984c18dbb740/683039ff16293d30fe5e62c1_66eb1c1fab7251b944e0284c_66e40bcc79566cf668095516_Color%25252520logo%25252520with%25252520background%252525201%25252520(2).png,,,,,"33 Southampton St, London WC2E 7HE, UK",51.5108705,-0.1221222,k8P7Qo2zJb,"A burger chain with beef, chicken, vegan & vegetarian options. Over 30 locations around London.",https://maps.app.goo.gl/YS79zBaVAAYmK4746,66e40c23e530ca2a89d3e15e,https://thenugget.app/template/location/honest-burgers-covent-garden-london-england
"The Guildford Townhouse, Coppa Club","The Guildford Townhouse, Coppa Club",58-62 High Street,Guildford,England,GU1 3ES,GB,01483 339290,,https://www.coppaclub.co.uk/the-guildford-townhouse/,1,"High chair, Baby change in unisex room, Kids' menu, Wheelchair access, Small sharing plates, Vegetarian, Vegan, Gluten free, Relaxed, Buzzy, Posh, Good for groups, Dog friendly, Friendly staff, Healthy, Quick service, A/C",,09:00-23:00,09:00-23:00,09:00-23:00,09:00-01:00,09:00-01:30,09:00-01:30,09:00-22:30,Europe/London,,FALSE,the-guildford-townhouse-coppa-club-guildford-england,https://cdn.prod.website-files.com/65c4e3041d72984c18dbb740/66e40c2480ffac5ddc1cf20c_Coppa%2520Club%2520Guildford.png,,,,,"58-62 High St, Guildford GU1 3ES, UK",51.2352669,-0.5741320,r85dmPGkJN,"Set across 3 floors with all-day dining, coworking, and socialising. Great for multi-generational celebrations. Extensive kids' menu available.  📸 Coppa Club",https://maps.app.goo.gl/z5jJcwZK7Ur2Jgtx9,66e40c2480ffac5ddc1cf234,https://thenugget.app/template/location/the-guildford-townhouse-coppa-club-guildford-england
Bill's Soho Restaurant,Bill's Soho Restaurant,36-44 Brewer Street,London,England,W1F 9TB,GB,0 20 8054 5400,,https://bills-website.co.uk/restaurants/soho/,1,"High chair, Baby change in unisex room, Kids' menu, Wheelchair access, Small sharing plates, Vegetarian, Vegan, Cosy, Good for groups, Dog friendly, Friendly staff, Healthy, Kids' colouring, Quick service, A/C",,08:00-23:00,08:00-23:00,08:00-23:00,08:00-23:00,08:00-00:00,08:00-00:00,08:00-22:00,Europe/London,,FALSE,bill-s-soho-restaurant-london-england,https://cdn.prod.website-files.com/65c4e3041d72984c18dbb740/66e40c25991e1a63765dc438_Bills-Soho-PWF-0056-HDR.jpeg,,,,,"36-44 Brewer St, London W1F 9TB, UK",51.5118657,-0.1351932,k8P7QonzJb,"Contemporary European chain offering breakfast, bruch, afternoon tea, lunch and dinner menus. Cash not accepted.  📸 Bill's",https://maps.app.goo.gl/Qj4MSb6AZ8XWT3hdA,66e40c25991e1a63765dc43c,https://thenugget.app/template/location/bill-s-soho-restaurant-london-england
Rail House Victoria,Rail House Victoria,8 Sir Simon Milton Square,London,England,SW1E 5DJ,GB,0 20 3906 7950,,https://www.riding.house/restaurant/victoria,1,"High chair, Baby change in unisex room, Kids' menu, Wheelchair access, Outdoor seating, Small sharing plates, Vegetarian, Vegan, Cosy, Good for groups, Takeaway, Dog friendly, Friendly staff, Healthy, Kids' colouring, Quick service, A/C",,08:00-23:00,08:00-23:00,08:00-23:00,08:00-23:00,08:00-23:00,09:00-23:00,09:00-17:00,Europe/London,,FALSE,rail-house-victoria-london-england,https://cdn.prod.website-files.com/65c4e3041d72984c18dbb740/66e40c28906a41b0b036b579_Rail%2520House%2520Victoria.webp,,,,,"8 Sir Simon Milton Sq, London SW1E 5DJ, UK",51.4974153,-0.1434145,x86Gk7qwpy,Bustling contemporary brasserie with a varied menu of modern European & Asian dishes. With Event Spaces; Cash not accepted; Accepts reservations.  📸 Rail House Victoria ,https://maps.app.goo.gl/zBLG8Maz5RTGSMjw6,66e40c29906a41b0b036b68a,https://thenugget.app/template/location/rail-house-victoria-london-england
Dishoom Carnaby,Dishoom Carnaby,22 Kingly Street,London,England,W1B 5QP,GB,0 20 7420 9322,,https://www.dishoom.com/carnaby?utm_source=google&utm_medium=organic&utm_campaign=Yext&utm_content=D4-Carnaby&y_source=1_MjMwNDkyMDUtNzE1LWxvY2F0aW9uLndlYnNpdGU%3D,1,"High chair, Baby change in unisex room, Kids' menu, Wheelchair access, Outdoor seating, Small sharing plates, Vegetarian, Vegan, Halal, Cosy, Buzzy, Good for groups, Takeaway, Friendly staff, Healthy, Kids' colouring, Quick service, A/C",,08:00-23:00,08:00-23:00,08:00-23:00,08:00-23:00,08:00-17:00,09:00-00:00,09:00-23:00,Europe/London,,FALSE,dishoom-carnaby-london-england,https://cdn.prod.website-files.com/65c4e3041d72984c18dbb740/66e40c2a906a41b0b036b77c_Dishoom%2520carnaby.png,,,,,"22 Kingly St, Carnaby, London W1B 5QP, UK",51.5131089,-0.1397753,Q8dwNMXYJr,Buzzy destination for Indian street food in Bombay-style decor with 7 locations around London.  📸 Dishoom,https://maps.app.goo.gl/oqTce9cdGZ8am4tm6,66e40c2a906a41b0b036b8c3,https://thenugget.app/template/location/dishoom-carnaby-london-england
Cicchetti by San Carlo - London Piccadilly,Cicchetti by San Carlo - London Piccadilly,215 Piccadilly,London,England,W1J 9HL,GB,0 20 7494 9435,,https://sancarlo.co.uk/restaurants/cicchetti-london-piccadilly/?utm_source=google&utm_medium=organic_gbp&utm_campaign=london,1,"High chair, Baby change in unisex room, Kids' menu, Wheelchair access, Small sharing plates, Vegetarian, Vegan, Fun / Quirky, Buzzy, Posh, Good for groups, Takeaway, Friendly staff, Healthy, Kids' colouring, Quick service, A/C",,12:00-23:00,12:00-23:00,12:00-23:00,12:00-23:00,12:00-23:00,12:00-23:00,12:00-23:00,Europe/London,,FALSE,cicchetti-by-san-carlo-london-piccadilly-london-england,https://cdn.prod.website-files.com/65c4e3041d72984c18dbb740/66e40c2b7f67db5058943288_Cicchetti.webp,,,,,"215 Piccadilly, St. James's, London W1J 9HL, UK",51.5094687,-0.1350123,rJq9NnYqJq,"A seasonal menu of Italian small plates, pasta, pizzas and more with a beautiful dining room of marble tables. Cash not accepted. 📸  Cicchetti Piccadill",https://maps.app.goo.gl/5dCLDihDAkodGs599,66e40c2b7f67db505894330f,https://thenugget.app/template/location/cicchetti-by-san-carlo-london-piccadilly-london-england
Cinquecento Soho,Cinquecento Soho,6 Greek Street,London,England,W1D 4DE,GB,0 20 7287 7705,,https://cinquecentopizzeria.com/our-soho-pizza-restaurant/,1,"High chair, Baby change in unisex room, Kids' menu, Wheelchair access, Outdoor seating, Small sharing plates, Vegetarian, Vegan, Cosy, Good for groups, Takeaway, Friendly staff, Healthy, Kids' colouring, Quick service, A/C",,"12:00-16:00,17:00-22:30","12:00-16:00,17:00-22:30","12:00-16:00,17:00-22:30","12:00-16:00,17:00-22:30",12:00-23:00,12:00-23:00,"12:00-16:00,17:00-22:30",Europe/London,,FALSE,cinquecento-soho-london-england,https://cdn.prod.website-files.com/65c4e3041d72984c18dbb740/66e40c2d930c3e53e89e182b_Cinque-SOHO-Interior-29.jpeg,,,,,"6 Greek St, London W1D 4DE, UK",51.5146718,-0.1311460,68MKVrQ149,"Authentic Neapolitan Pizzeria also serving starters, salads and pasta with 5 locations around London. Delivery also available.  📸 Cinquecento Soho",https://maps.app.goo.gl/VTsWBBYZiE9P9Ac97,66e40c2d930c3e53e89e182f,https://thenugget.app/template/location/cinquecento-soho-london-england
Prezzo Italian Restaurant London Glasshouse St Soho,Prezzo Italian Restaurant London Glasshouse St Soho,36 Glasshouse Street,London,England,W1B 5DL,GB,0 20 8176 6256,,https://www.prezzo.co.uk/restaurants/london-glasshouse-st-soho/,1,"High chair, Baby change in unisex room, Kids' menu, Wheelchair access, Outdoor seating, Tourist attraction nearby, Small sharing plates, Vegetarian, Vegan, Relaxed, Buzzy, Good for groups, Takeaway, Dog friendly, Healthy, Kids' colouring, Quick service, A/C",,12:00-23:00,12:00-23:00,12:00-23:00,12:00-23:00,11:30-23:30,11:30-23:30,11:30-22:30,Europe/London,,FALSE,prezzo-italian-restaurant-london-glasshouse-st-soho-london-england,https://cdn.prod.website-files.com/65c4e3041d72984c18dbb740/670f8f483daec99825570efa_prezzo%2520soho.jpeg,,,,,"36 Glasshouse St, London W1B 5DL, UK",51.5106061,-0.1368270,LJykN7Ekpl,"Casual Italian chain restaurant for stone-baked pizzas and classic pastas, plus separate kids' menu. Cash not accepted; near Piccadilly Circus. 7 locations around London.  📸 Prezzo",https://maps.app.goo.gl/2cDvsTTKAqKMzgc17,66e40c3030ff1c1efb5dc1f7,https://thenugget.app/template/location/prezzo-italian-restaurant-london-glasshouse-st-soho-london-england
Wok To Walk Cranbourn St,Wok To Walk Cranbourn St,22 Cranbourn Street,London,England,WC2H 7AA,GB,0 20 7240 3617,,https://www.woktowalk.com/uk/restaurants/,1,"High chair, Baby change in unisex room, Wheelchair access, Outdoor seating, Vegetarian, Vegan, Relaxed, Buzzy, Good for groups, Takeaway, Dog friendly, Friendly staff, Healthy, Quick service, A/C",,11:00-03:00,11:00-03:00,11:00-03:00,11:00-03:00,11:00-05:00,11:00-05:00,11:00-05:00,Europe/London,,FALSE,wok-to-walk-cranbourn-st-london-england,https://cdn.prod.website-files.com/65c4e3041d72984c18dbb740/670f8f49b127b9b6e35c9137_wok%2520to%2520walk.jpeg,,,,,"22 Cranbourn St, London WC2H 7AA, UK",51.5116771,-0.1278513,0pjYNWrg86,"Compact counter-service with made-to-order stir-fries, including vegan & vegetarian options. Cash not accepted. 6 locations around London.  📸 Wok to Walk",https://maps.app.goo.gl/752z6jGz75Ay1VGHA,66e40c31fd2ac7be9ff77dac,https://thenugget.app/template/location/wok-to-walk-cranbourn-st-london-england
Franco Manca,Franco Manca,51 Berwick Street,London,England,W1F 8SJ,GB,0 20 7734 9330,,http://www.francomanca.co.uk/restaurants/soho/,0,"High chair, Baby change in unisex room, Kids' menu, Outdoor seating, Small sharing plates, Vegetarian, Vegan, Relaxed, Buzzy, Good for groups, Takeaway, Dog friendly, Friendly staff, Healthy, Kids' colouring, Quick service, A/C",,12:00-22:00,12:00-22:00,12:00-22:00,12:00-22:00,12:00-23:00,12:00-23:00,12:00-21:00,Europe/London,,FALSE,franco-manca-london-england,https://cdn.prod.website-files.com/65c4e3041d72984c18dbb740/66fe5ed1a0546142da72cb28_franco%2520manca%2520Soho-Int-Ext-3.jpeg,,,,,"51 Berwick St, London W1F 8SJ, UK",51.5154341,-0.1363544,y8GDPjyBpr,"A neighbourhood pizzeria with friendly, fast service and affordable sourdough pizzas. Locations throughout the UK.  📸 Franco Manca",https://maps.app.goo.gl/Y8QC7K3piLqEPcNC8,66e40c328eb91179f815fe7d,https://thenugget.app/template/location/franco-manca-london-england
La Porchetta Pollo Bar,La Porchetta Pollo Bar,20 Old Compton Street,London,England,W1D 4TW,GB,0 20 7494 9368,,https://www.laporchetta.uk/,1,"High chair, Baby change in unisex room, Wheelchair access, Outdoor seating, Small sharing plates, Vegetarian, Vegan, Cosy, Relaxed, Buzzy, Good for groups, Takeaway, Dog friendly, Friendly staff, Healthy, Quick service, A/C",,15:45-23:45,15:45-23:45,15:45-23:45,15:45-23:45,12:00-23:45,12:00-23:45,12:00-23:45,Europe/London,,FALSE,la-porchetta-pollo-bar-london-england,https://cdn.prod.website-files.com/65c4e3041d72984c18dbb740/670f8f4a0c2cea7c01653bae_Porchetta-8.jpeg,,,,,"20 Old Compton St, London W1D 4TW, UK",51.5136561,-0.1303269,k8P7QWk2Jb,"Cosy, buzzy Italian serving up pizza and pasta dishes. Seating over 2 floors. Perfect for pre-theatre and a family meal out.  📸 La Porchetta Pollo Bar",https://maps.app.goo.gl/pb4gub6z4SRLvhot9,66e40c358e78a7f55c2b5800,https://thenugget.app/template/location/la-porchetta-pollo-bar-london-england
Pizza Union Holborn,Pizza Union Holborn,1 New Oxford Street,London,England,WC1A 1LW,GB,,,https://www.pizzaunion.com/,0,"High chair, Baby change in unisex room, Wheelchair access, Small sharing plates, Vegetarian, Vegan, Cosy, Good for groups, Takeaway, Friendly staff, Healthy, Quick service, A/C",,11:00-23:00,11:00-23:00,11:00-23:00,11:00-23:00,11:00-23:00,11:00-23:00,11:00-23:00,Europe/London,,FALSE,pizza-union-holborn-london-england,https://cdn.prod.website-files.com/65c4e3041d72984c18dbb740/670f8f4cb127b9b6e35c92e1_Color%2520logo%2520with%2520background%25201%2520(2).png,,,,,"1 New Oxford St, London WC1A 1LW, UK",51.5170761,-0.1232128,3827KdNMpB,"Italian pizza bar with Roman styled pizzas, 12 inch crispy crusts. Fast and fresh! 6 locations in London",https://maps.app.goo.gl/HcqGzHuYXG34DjNa9,66e40c377292e2acdad5199d,https://thenugget.app/template/location/pizza-union-holborn-london-england
Rossopomodoro Covent Garden,Rossopomodoro Covent Garden,50-52 Monmouth Street,London,England,WC2H 9EP,GB,0 20 7240 9095,,https://www.rossopomodoro.co.uk/,1,"High chair, Baby change in unisex room, Kids' menu, Outdoor seating, Small sharing plates, Vegetarian, Vegan, Halal, Good for groups, Takeaway, Dog friendly, Friendly staff, Healthy, Kids' colouring, Quick service, A/C",,12:00-23:00,12:00-23:00,12:00-23:00,12:00-23:00,12:00-23:00,12:00-23:00,12:00-23:00,Europe/London,,FALSE,rossopomodoro-covent-garden-london-england,https://cdn.prod.website-files.com/65c4e3041d72984c18dbb740/670f8f4ed657cea8fc0b0253_Rossopomodoro.jpeg,,,,,"50-52 Monmouth St, London WC2H 9EP, UK",51.5130036,-0.1272604,k8P7Q1PAJb,"Neapolitan pizza and pasta; new kids' menu in collaboration with Disney, includes a gift for £7.95; 4 locations around London. 📸 Rossopomodoro",https://maps.app.goo.gl/rfsMzgQCefi4QVvo6,66e40c384e55373443ee0b32,https://thenugget.app/template/location/rossopomodoro-covent-garden-london-england
"The Churchill Arms, Kensington","The Churchill Arms, Kensington",119 Kensington Church Street,London,England,W8 7LN,GB,0 20 7727 4242,,https://www.churchillarmskensington.co.uk/,1,"High chair, Baby change in unisex room, Wheelchair access, Playground nearby, Small sharing plates, Vegetarian, Vegan, Relaxed, Good for groups, Takeaway, Dog friendly, Friendly staff, Healthy, Quick service, A/C",,11:00-23:00,11:00-23:00,11:00-23:00,11:00-23:00,11:00-23:00,11:00-23:30,12:00-22:30,Europe/London,,FALSE,the-churchill-arms-kensington-london-england,https://cdn.prod.website-files.com/65c4e3041d72984c18dbb740/670f8f4fde1265dbc0570cbc_churchill%2520gallery-15.jpeg,,,,,"119 Kensington Church St, London W8 7LN, UK",51.5069117,-0.1948010,B8eAny6289,"Beautiful flower covered Fullers pub filled with Churchill memorabilia, serving Thai noodles and curry. Cash not accepted. Combine with  Diana, Princess of Wales Memorial Playground (before it closes for refurbishment autumn 2025).  📸 The Churchill Arms",https://maps.app.goo.gl/f6oPXrRP2T6HXiSf9,66e40c39e530ca2a89d3f6ee,https://thenugget.app/template/location/the-churchill-arms-kensington-london-england
"The Hung Drawn & Quartered, EC3","The Hung Drawn & Quartered, EC3",26-27 Great Tower Street,London,England,EC3R 5AQ,GB,0 20 7626 6123,,https://www.hung-drawn-and-quartered.co.uk/,1,"High chair, Baby change in unisex room, Wheelchair access, Tourist attraction nearby, Small sharing plates, Vegetarian, Vegan, Relaxed, Good for groups, Takeaway, Dog friendly, Friendly staff, Healthy, Kids' colouring, Quick service, A/C",,11:00-23:00,11:00-23:00,11:00-23:00,11:00-23:00,11:00-23:00,12:00-23:00,12:00-16:00,Europe/London,,FALSE,the-hung-drawn-quartered-ec3-london-england,https://cdn.prod.website-files.com/65c4e3041d72984c18dbb740/670f8f50024a12f1cbc31f2c_Hung%2520drawn%2520Fullers_HDQ_AnnabelStaff_240627_121706_5008.jpeg,,,,,"26-27 Great Tower St, London EC3R 5AQ, UK",51.5096011,-0.0807812,Z4vZNdeD4Q,"Historic Fullers pub with chandeliers, marble columns and gold-framed historical portraits. Enjoy sandwiches, pies, mains, steaks and dessert. Kids menu £8.95 and kids Sunday roast is £10.50. Combine with Tower of London. Cash not accepted.  📸 The Hung Drawn & Quartered",https://maps.app.goo.gl/4VN15jhwke7iVg9K6,66e40c3aa4efdbeaefacdac6,https://thenugget.app/template/location/the-hung-drawn-quartered-ec3-london-england
Regency Cafe,Regency Cafe,17-19 Regency Street,London,England,SW1P 4BY,GB,0 20 7821 6596,,https://regencycafe.has.restaurant/,1,"High chair, Baby change in unisex room, Wheelchair access, Small sharing plates, Vegetarian, Vegan, Cosy, Relaxed, Good for groups, Takeaway, Friendly staff, Healthy, Quick service, A/C",,07:00-14:30,07:00-14:30,07:00-14:30,07:00-14:30,07:00-14:30,07:00-12:00,closed,Europe/London,,FALSE,regency-cafe-london-england,https://cdn.prod.website-files.com/65c4e3041d72984c18dbb740/670f8f51639cb5e91b66d270_regency_13%2520cafe.jpeg,,,,,"17-19 Regency St, London SW1P 4BY, UK",51.4939795,-0.1322036,B4Le9LG5Je,"Since 1946, a casual art deco corner cafe, serving traditional full English breakfast, pies, sandwiches, jacket potatoes, burgers, and more. Cash not accepted. 📸 The Regency Café",https://maps.app.goo.gl/D7AT6jmW5Dq42APe8,66e40c3b80ffac5ddc1d0b01,https://thenugget.app/template/location/regency-cafe-london-england
The Ship & Shovell,The Ship & Shovell,2 Craven Passage,London,England,WC2N 5NF,GB,0 20 7839 1311,,https://www.shipandshovell.co.uk/,1,"High chair, Baby change in unisex room, Small sharing plates, Cosy, Good for groups, Dog friendly, Friendly staff, A/C",,12:00-15:30,12:00-15:30,12:00-15:30,12:00-15:30,12:00-15:30,12:00-16:00,closed,Europe/London,,FALSE,the-ship-shovell-london-england,https://cdn.prod.website-files.com/65c4e3041d72984c18dbb740/670f8f526fef66588043ddd1_Ship%2520and%2520shovell.png,,,,,"2 Craven Passage, London WC2N 5NF, UK",51.5076132,-0.1247324,Q8dwNyqOJr,"Traditional English pub with oak-panelled booths, on both sides of the street joined by an underground cellar. Cash not accepted; Pub opened other hours, but food service is Monday - Friday: 12pm - 3.30pm; Saturday: 12pm - 4pm. 📸",https://maps.app.goo.gl/reAzt5drSNy3xBYr7,66e40c3c32f01adb443159a6,https://thenugget.app/template/location/the-ship-shovell-london-england
Sherlock Holmes,Sherlock Holmes,10 Northumberland Street,London,England,WC2N 5DB,GB,0 20 7930 2644,,https://www.greeneking.co.uk/pubs/greater-london/sherlock-holmes,1,"High chair, Baby change in unisex room, Kids' menu, Wheelchair access, Outdoor seating, Small sharing plates, Vegetarian, Vegan, Dairy Free, Gluten free, Cosy, Relaxed, Buzzy, Good for groups, Takeaway, Dog friendly, Healthy, Kids' colouring, A/C",,11:00-23:00,11:00-23:00,11:00-23:00,11:00-00:00,11:00-00:00,11:00-00:00,11:00-23:00,Europe/London,,FALSE,sherlock-holmes-london-england,https://cdn.prod.website-files.com/65c4e3041d72984c18dbb740/66e40c3df5ad5d18e8bbdf0e_Sherlock%2520holmes.webp,,,,,"10 Northumberland St, London WC2N 5DB, UK",51.5073412,-0.1252074,y8GDPzjBpr,"Traditional pub with Holmes-themed memorabilia, plus restaurant and roof garden. Serving Britsh classics and Sunday roast.Cash not accepted. 📸 The Sherlock Holmes",https://maps.app.goo.gl/jmdpQqtUiucdagJh9,66e40c3df5ad5d18e8bbdfb3,https://thenugget.app/template/location/sherlock-holmes-london-england
The Ivy Soho Brasserie,The Ivy Soho Brasserie,26-28 Broadwick Street,London,England,W1F 8JB,GB,0 2033011166,,https://ivy-menus-2.theloyaltyco.app/wp-content/uploads/2024/09/TIC_Premium_P4_ISC_Children_A4_.pdf,1,"High chair, Baby change in unisex room, Kids' menu, Wheelchair access, Outdoor seating, Small sharing plates, Vegetarian, Vegan, Dairy Free, Buzzy, Good for groups, Friendly staff, Healthy, Kids' colouring, A/C",,08:30-00:00,08:30-00:00,08:30-00:00,08:30-00:00,08:30-00:00,09:00-00:00,09:00-23:00,Europe/London,,FALSE,the-ivy-soho-brasserie-london-england,https://cdn.prod.website-files.com/65c4e3041d72984c18dbb740/66e40c3f3322a38c351a213d_Ivy%2520Soho.webp,,,,,"26-28 Broadwick St, London W1F 8JB, UK",51.5138360,-0.1357862,rJq9NyKOJq,Relaxed all-day dining with something for everyone. Great for groups and special celebrations. Kids menu from £8.95 with 15 locations around London. Cash not accepted. 📸 The Ivy Soho Brasserie,https://maps.app.goo.gl/ugdzTANPwpcyQKQY9,66e40c3f3322a38c351a214b,https://thenugget.app/template/location/the-ivy-soho-brasserie-london-england
The Duke of Cambridge,The Duke of Cambridge,30 Saint Peter's Street,London,England,N1 8JT,GB,0 20 7359 3066,,http://www.dukeorganic.co.uk/,1,"High chair, Baby change in unisex room, Wheelchair access, Outdoor seating, Small sharing plates, Vegetarian, Vegan, Cosy, Good for groups, Dog friendly, Friendly staff, Healthy, Kids' colouring, Games available, Quick service",,closed,17:30-22:00,17:30-22:00,12:00-23:00,12:00-23:00,12:00-23:00,12:00-17:00,Europe/London,,FALSE,the-duke-of-cambridge-london-england,https://cdn.prod.website-files.com/65c4e3041d72984c18dbb740/670f8f55f5a20e567497b5db_duke%2520of%2520cambridge.png,,,,,"30 St Peter's St, London N1 8JT, UK",51.5345849,-0.0986845,y8GDkDkYpr,"Gastropub serving organic meat, sustainable fish and healthy options. Organic beer and wine available.  Kids toys available. Baby change is down a set of stairs outside the men's and women's toilets. Great for birthday parties, weddings, or events. Private dining area available. 📸 Duke of Cambridge",https://maps.app.goo.gl/RRbokJJiZpghtmJV6,66e40c40d840780eaa50643b,https://thenugget.app/template/location/the-duke-of-cambridge-london-england
The Wolseley,The Wolseley,160 Piccadilly,London,England,W1J 9EB,GB,0 20 7499 6996,,http://www.thewolseley.com/,1,"High chair, Baby change in unisex room, Wheelchair access, Small sharing plates, Vegetarian, Vegan, Posh, Good for groups, Dog friendly, Friendly staff, Healthy, A/C",,07:00-23:00,07:00-23:00,07:00-23:00,07:00-23:00,07:00-23:00,08:00-23:00,08:00-22:00,Europe/London,,FALSE,the-wolseley-london-england,https://cdn.prod.website-files.com/65c4e3041d72984c18dbb740/670f8f55438791db5c8ef2bb_the%2520wolseley%2520.jpeg,,,,,"160 Piccadilly, St. James's, London W1J 9EB, UK",51.5074427,-0.1409233,zpALPLEe8d,"A British elegant restaurant serving modern European food & afternoon tea with grand, art deco glamour. Cash not accepted; Reservations recommended. 📸 The Wolseley",https://maps.app.goo.gl/MLq7cbk8ZH8vDsTq7,66e40c421974d4d441bbdf8f,https://thenugget.app/template/location/the-wolseley-london-england
Brasserie Zedel,Brasserie Zedel,20 Sherwood Street,London,England,W1F 7ED,GB,0 20 7734 4888,,https://www.brasseriezedel.com/brasserie-zedel/,1,"High chair, Baby change in unisex room, Wheelchair access, Outdoor seating, Small sharing plates, Vegetarian, Vegan, Fun / Quirky, Buzzy, Posh, Good for groups, Friendly staff, Healthy, Kids' colouring, A/C",,12:00-23:00,12:00-23:00,12:00-23:00,12:00-23:00,12:00-23:00,11:30-23:00,11:30-22:00,Europe/London,,FALSE,brasserie-zedel-london-england,https://cdn.prod.website-files.com/65c4e3041d72984c18dbb740/670f8f569a73919fc233d493_Brasserie-Zedel-Restaurant-in-Soho-700x467.jpeg,,,,,"20 Sherwood St, London W1F 7ED, UK",51.5105561,-0.1355974,KpDEZE9V4d,French brasserie with live music and authentic Art Deco. Great for pre-theatre prix-fixe and family celebrations. Cash not accepted. 📸 Brasserie Zédel ,https://maps.app.goo.gl/jcZEfkG6VPYRPL7V6,66e40c44ae507d3b07a11400,https://thenugget.app/template/location/brasserie-zedel-london-england
Laughing Halibut,Laughing Halibut,38 Strutton Ground,London,England,SW1P 2HR,GB,0 20 7799 2844,,http://thelaughinghalibutlondon.com/,0,"High chair, Baby change in unisex room, Kids' menu, Small sharing plates, Vegetarian, Vegan, Halal, Relaxed, Buzzy, Good for groups, Takeaway, Healthy, Quick service, A/C",,11:15-20:00,11:15-20:00,11:15-20:00,11:15-20:00,11:15-20:00,11:15-16:00,closed,Europe/London,,FALSE,laughing-halibut-london-england,https://cdn.prod.website-files.com/65c4e3041d72984c18dbb740/670f8f4cb127b9b6e35c92e1_Color%2520logo%2520with%2520background%25201%2520(2).png,,,,,"38 Strutton Ground, London SW1P 2HR, UK",51.4967053,-0.1338725,G4gKlK9a40,Old-school fish and chips takeaway with a cafe seating area at the back. Cash not accepted,https://maps.app.goo.gl/GhVdePQnWnqrD4c49,66e40c453322a38c351a2551,https://thenugget.app/template/location/laughing-halibut-london-england
Big Easy Restaurant - Covent Garden,Big Easy Restaurant - Covent Garden,12 Maiden Lane,London,England,WC2E 7NA,GB,0 20 4580 1173,,https://www.bigeasy.co.uk/menus/covent-garden-kids,1,"High chair, Baby change in unisex room, Kids' menu, Wheelchair access, Small sharing plates, Vegetarian, Vegan, Halal, Fun / Quirky, Relaxed, Buzzy, Good for groups, Takeaway, Healthy, Kids' colouring, A/C",,12:00-22:00,12:00-22:00,12:00-22:00,12:00-22:00,12:00-22:30,11:30-22:30,11:30-21:30,Europe/London,,FALSE,big-easy-restaurant-covent-garden-london-england,https://cdn.prod.website-files.com/65c4e3041d72984c18dbb740/66e40c46f5ad5d18e8bbe928_big%2520easy%2520covent%2520garden.webp,,,,,"12 Maiden Ln, London WC2E 7NA, UK",51.5106786,-0.1229818,b4n2l2Mx4y,"Family owned since 1991, has authentic American BBQ with live music every night; pre-theatre menu available Monday-Friday from 4:00-5:30 pm; Weekday express lunch for £11; Cash not accepted. 📸 Big Easy",https://maps.app.goo.gl/PjME2PvscrPyukVB8,66e40c46f5ad5d18e8bbe92c,https://thenugget.app/template/location/big-easy-restaurant-covent-garden-london-england
Maxwell's Bar & Grill,Maxwell's Bar & Grill,34 King Street,London,England,WC2E 8JG,GB,0 20 7836 0303,,https://static1.squarespace.com/static/6033b2cd97baec38954ec857/t/660ed157fe51d02efe02020e/1712247137815/MAX+KIDS+ACTIVITY+MENU+MAR+2024.pdf,1,"High chair, Baby change in unisex room, Kids' menu, Wheelchair access, Outdoor seating, Small sharing plates, Vegetarian, Vegan, Relaxed, Good for groups, Friendly staff, Healthy, Kids' colouring, A/C",,12:00-23:00,12:00-23:00,12:00-23:00,12:00-23:00,12:00-00:00,12:00-00:00,12:00-23:00,Europe/London,,FALSE,maxwell-s-bar-grill-london-england,https://cdn.prod.website-files.com/65c4e3041d72984c18dbb740/670f8f5934a5ec5ff0dc71d2_maxwells.jpeg,,,,,"34 King St, London WC2E 8JG, UK",51.5116961,-0.1246264,rpXR5R3YJB,"American-style burgers, salads, ribs and grills with cocktail list and pre-theatre specials. Known as a family friendly restaurant with a kids meal for kids 10 and under: £9.95, including a main, side and pudding. Mocktails for kids also available. 📸 Maxwell's",https://maps.app.goo.gl/S5R3vKbvZSK3a7r39,66e40c4720ea1fdc6d74267b,https://thenugget.app/template/location/maxwell-s-bar-grill-london-england
Din Tai Fung Covent Garden,Din Tai Fung Covent Garden,5 Henrietta Street,London,England,WC2E 8PS,GB,0 20 3034 3888,,https://dintaifung-uk.com/discover/covent-garden/,1,"High chair, Baby change in women's room, Wheelchair access, Small sharing plates, Vegetarian, Vegan, Buzzy, Good for groups, Friendly staff, Healthy, A/C",,12:00-23:00,12:00-23:00,12:00-23:00,12:00-23:00,12:00-23:00,11:00-23:00,11:00-22:00,Europe/London,,FALSE,din-tai-fung-covent-garden-london-england,https://cdn.prod.website-files.com/65c4e3041d72984c18dbb740/670f8f59091321a63edde0c8_din%2520tai%2520fung%2520cg.jpeg,,,,,"5 Henrietta St, London WC2E 8PS, UK",51.5112490,-0.1231764,LJyklkoDpl,"Flagship location for world-famous Chinese restaurant from Taiwan, known for its soup dumplings and noodles. Great for multi generational gatherings and celebrations. Cash not accepted. 📸 Din Tai Fung",https://maps.app.goo.gl/Qi4Sicw75gEFaKym6,66e40c479527ab23b4cdca7d,https://thenugget.app/template/location/din-tai-fung-covent-garden-london-england
Homeslice Neal's Yard,Homeslice Neal's Yard,13 Neal's Yard,London,England,WC2H 9DP,GB,0 20 3151 7488,,https://www.homeslicepizza.co.uk/menu,1,"High chair, Baby change in women's room, Outdoor seating, Small sharing plates, Vegetarian, Vegan, Cosy, Good for groups, Takeaway, Dog friendly, Friendly staff, Healthy, Quick service, A/C",,12:00-22:00,12:00-22:00,12:00-22:00,12:00-23:00,12:00-23:00,12:00-23:00,12:00-22:00,Europe/London,,FALSE,homeslice-neal-s-yard-london-england,https://cdn.prod.website-files.com/65c4e3041d72984c18dbb740/670f8f5b25c7cd820d7e6628_homeslice.%2520neals%2520yeard.jpeg,,,,,"13 Neal's Yard, London WC2H 9DP, UK",51.5146643,-0.1264717,287y5yB64A,"Classic and creative pizzas, served 20"" or by the slice, also offering prosecco and  beers. 3 locations around London; Walk ins only; Cash not accepted. 📸 Homeslice",https://maps.app.goo.gl/XeHqqqbVMbCP2drC8,66e40c49e9d6ea4ba778b12b,https://thenugget.app/template/location/homeslice-neal-s-yard-london-england
Darwin Brasserie,Darwin Brasserie,"Level 36, Sky Garden Walk",London,England,EC3M 8AF,GB,0 333 772 0020,,https://skygarden.london/restaurants/darwin-brasserie/,1,"High chair, Baby change in women's room, Kids' menu, Wheelchair access, Small sharing plates, Vegetarian, Vegan, Buzzy, Good for groups, Dog friendly, Friendly staff, Healthy, Quick service, A/C",,08:30-22:00,08:30-22:00,08:30-22:00,08:30-22:00,08:30-22:30,08:30-22:30,08:30-21:30,Europe/London,,FALSE,darwin-brasserie-london-england,https://cdn.prod.website-files.com/65c4e3041d72984c18dbb740/670f8f5c765fd2652b3d7423_darwin%2520brasserie.jpeg,,,,,"Level 36, Sky Garden Walk, London, England, EC3M 8AF, GB",51.5112152,-0.0834590,x86GLG2Bpy,36th-floor restaurant in Sky Garden serving seasonal British dishes from breakfast to dinner. Spectacular views over London. Children must be accompanied by a guardian/parents (18+). Children not able to visit the gardens or bars after 6pm on weekdays and 9pm on the weekends. Cash not accepted. 📸 Darwin Brasserie,https://maps.app.goo.gl/pRU5tdQLonHixT9x9,66e40c4961caa43f4236d966,https://thenugget.app/template/location/darwin-brasserie-london-england
Jollibee Leicester Square,Jollibee Leicester Square,22 Leicester Square,London,England,WC2H 7LE,GB,0 20 7839 7150,,http://www.jollibee.uk/,0,"High chair, Baby change in women's room, Kids' menu, Wheelchair access, Outdoor seating, Good for groups, Takeaway, Friendly staff, Quick service, A/C",,10:00-22:00,10:00-22:00,10:00-22:00,10:00-22:00,10:00-23:00,10:00-23:00,10:00-22:00,Europe/London,,FALSE,jollibee-leicester-square-london-england,https://cdn.prod.website-files.com/65c4e3041d72984c18dbb740/670f8f4cb127b9b6e35c92e1_Color%2520logo%2520with%2520background%25201%2520(2).png,,,,,"22 Leicester Square, London WC2H 7LE, UK",51.5106763,-0.1293528,0pjYlYEg86,"Philippines chain serving fried chicken, burgers & spaghetti with a Filipino flavor with counter-service. 2 locations in London; Cash not accepted; No parking available",https://maps.app.goo.gl/CbXpkjmopCewBSyd7,66e40c4a7f67db5058944c5e,https://thenugget.app/template/location/jollibee-leicester-square-london-england
T. Rex Restaurant,T. Rex Restaurant,Cromwell Road,London,England,SW7 5BD,GB,0 20 7942 5000,,https://www.nhm.ac.uk/content/dam/nhm-www/visit/Eatdrinkandshop/menus/T.Rex-Restaurant-Menu.pdf,1,"High chair, Baby change in women's room, Kids' menu, Wheelchair access, Small sharing plates, Vegetarian, Vegan, Relaxed, Good for groups, Takeaway, Friendly staff, Healthy, Kids' colouring, Kids' play space, Quick service, A/C",,11:00-20:30,11:00-20:30,11:00-20:30,10:30-22:00,10:30-22:00,10:30-22:00,11:00-20:30,Europe/London,,FALSE,t-rex-restaurant-london-england,https://cdn.prod.website-files.com/65c4e3041d72984c18dbb740/670f8f5d18671d9375e81415_t-rex-grill-hti.jpg.thumb.768.768.jpeg,,,,,"Natural History Museum (Green Zone, Cromwell Rd, South Kensington, London SW7 5BD, UK",51.4965426,-0.1759764,y8GDkD0Bpr,"Family-friendly restaurant in the Natural History Museum for burgers, salads & stone-baked pizzas. Kids meals: Main and drink £8.5; OR Main, drink and dessert £11. Cash not accepted. 📸 Natural History Museum",https://maps.app.goo.gl/an7Cbv5C13vG6rpz5,66e40c4bdc02f44ce8471f8a,https://thenugget.app/template/location/t-rex-restaurant-london-england
Harrods Food Halls,Harrods Food Halls,87-135 Brompton Road,London,England,SW1X 7XL,GB,,,https://www.harrods.com/en-gb/c/restaurants/dining-hall,1,"High chair, Baby change in women's room, Kids' menu, Wheelchair access, Small sharing plates, Vegetarian, Vegan, Buzzy, Posh, Good for groups, Takeaway, Friendly staff, Healthy, A/C",,10:00-21:00,10:00-21:00,10:00-21:00,10:00-21:00,10:00-21:00,10:00-21:00,11:30-18:00,Europe/London,,FALSE,harrods-food-halls-london-england,https://cdn.prod.website-files.com/65c4e3041d72984c18dbb740/670f8f5ea29a8096c4702a04_harrods.jpeg,,,,,"Food Halls, GROUND FLOOR, Harrods, 87-135 Brompton Rd, London SW1X 7XL, UK",51.4990913,-0.1628889,MJbZ0GB6JX,"The Harrods Food Hall 7 restaurants including Caviar Bar, Dim Sum by China Tang, The Grill, Kerridge's Fish & Chips, Kinoya Ramen Bar, Pasta Evangelists by Perbellini, and Sushi by MASA.  📸 Harrods",https://maps.app.goo.gl/F42AQWytXoaVRzf1A,66e40c4ccad9594ee3e59368,https://thenugget.app/template/location/harrods-food-halls-london-england
Thai Square Islington,Thai Square Islington,347-349 Upper Street,London,England,N1 0PD,GB,0 20 7704 2000,,http://www.thaisq.com/,1,"High chair, Baby change in women's room, Wheelchair access, Small sharing plates, Vegetarian, Vegan, Halal, Relaxed, Buzzy, Good for groups, Takeaway, Friendly staff, Healthy, Quick service, A/C",,"12:00-15:00,17:30-22:00","12:00-15:00,17:30-22:00","12:00-15:00,17:30-22:00","12:00-15:00,17:30-22:00","12:00-15:15,17:30-23:00",12:00-23:00,12:00-22:00,Europe/London,,FALSE,thai-square-islington-london-england,https://cdn.prod.website-files.com/65c4e3041d72984c18dbb740/670f8f5ffd4d5b193e65e0b1_Thai%2520sq%2520islington.jpeg,,,,,"347-349 Upper St, London N1 0PD, UK",51.5349221,-0.1042182,wpZnyVj1pA,A Thai restaurant offering express lunch menu Monday-Friday from 12-3 pm and an early bird menu from 12:00-6:30 pm every day; Cash not accepted. 8 locations around London. 📸 Thai Square,https://maps.app.goo.gl/MExr3k3FXn1Q3hQ3A,66e40c4ced785208ce669699,https://thenugget.app/template/location/thai-square-islington-london-england
14 Hills,14 Hills,120 Fenchurch Street,London,England,EC3M 5AL,GB,0 20 3981 5222,,http://14hills.co.uk/,1,"High chair, Baby change in women's room, Kids' menu, Wheelchair access, Small sharing plates, Vegetarian, Vegan, Buzzy, Posh, Good for groups, Friendly staff, Healthy, Kids' colouring, Quick service, A/C",,12:00-00:00,12:00-00:00,12:00-00:00,12:00-00:00,12:00-00:00,12:00-00:00,12:00-22:30,Europe/London,,FALSE,14-hills-london-england,https://cdn.prod.website-files.com/65c4e3041d72984c18dbb740/670f8f62bc5ec6e46f35ec59_14%2520hills.png,,,,,"14th floor, 120 Fenchurch St, London EC3M 5AL, UK",51.5122730,-0.0808058,gpaAydYEpZ,"On top of the 14th floor, all-day dining with British favourites and a French touch: seafood, meat and more. Kids meal £15. Cash not accepted. 📸 14 Hills",https://maps.app.goo.gl/wXU4jy8jzQ15fqeHA,66e40c51ab4a1b2ad05fa70b,https://thenugget.app/template/location/14-hills-london-england
YORI (Covent Garden),YORI (Covent Garden),15 Catherine Street,London,England,WC2B 5LA,GB,0 20 7836 3145,,https://yoriuk.com/covent-garden/,1,"High chair, Baby change in women's room, Wheelchair access, Small sharing plates, Vegetarian, Vegan, Cosy, Good for groups, Takeaway, Friendly staff, Healthy, Quick service, A/C",,12:00-23:00,12:00-23:00,12:00-21:30,12:00-23:00,12:00-23:00,12:00-23:00,12:00-22:00,Europe/London,,FALSE,yori-covent-garden-london-england,https://cdn.prod.website-files.com/65c4e3041d72984c18dbb740/670f8f63f5a20e567497c637_yori%2520cg.png,,,,,"15 Catherine St, London WC2B 5LA, UK",51.5122682,-0.1198011,N4Q6yDVKJO,"Authentic Korean restaurant serving starts, fried chicken, stew, stir fry, BBQ, rice, bibimbap, noodles, kimchi and desserts; with 8 locations around London. 📸 Yori",https://maps.app.goo.gl/UcE4puKdPXp8QfGf7,66e40c53e530ca2a89d40f56,https://thenugget.app/template/location/yori-covent-garden-london-england
Gordon Ramsay Street Pizza - St Paul's,Gordon Ramsay Street Pizza - St Paul's,10 Bread Street,London,England,EC4M 9AJ,GB,0 20 7499 0120,,https://www.gordonramsayrestaurants.com/en/uk/street-pizza/menus/st-paul-s,1,"High chair, Baby change in unisex room, Kids' menu, Wheelchair access, Outdoor seating, Small sharing plates, Vegetarian, Vegan, Cosy, Good for groups, Takeaway, Dog friendly, Friendly staff, Healthy, Games available, Quick service, A/C",,11:30-23:00,11:30-23:00,11:30-23:00,11:30-23:00,11:30-23:00,11:30-23:00,11:30-21:00,Europe/London,,FALSE,gordon-ramsay-street-pizza-st-paul-s-london-england,https://cdn.prod.website-files.com/65c4e3041d72984c18dbb740/670f8f646a2f8e884847b20f_gordon%2520street%2520pizza%2520st%2520pauls.jpeg,,,,,"Ground Floor, 10 Bread St, London EC4M 9AJ, UK",51.5133615,-0.0949946,ZpoVygdV8D,"Bottomless pizzas for £20; bottomless kids pizza for £10, delicious sides, amazing cocktails and beers; 4 lcoations around London. 📸 Gordon Ramsay's Street Pizza",https://maps.app.goo.gl/gomV54QnGXH78XSx8,66e40c54e9d6ea4ba778bccf,https://thenugget.app/template/location/gordon-ramsay-street-pizza-st-paul-s-london-england
Uzumaki London,Uzumaki London,107 Great Russell Street,London,England,WC1B 3NB,GB,0 7746 998623,,http://www.uzumakilondon.com/,0,"High chair, Baby change in women's room, Wheelchair access, Small sharing plates, Vegetarian, Vegan, Halal, Fun / Quirky, Cosy, Good for groups, Takeaway, Teen favourite, Dog friendly, Friendly staff, Healthy, Quick service, A/C",,closed,12:00-23:00,12:00-23:00,12:00-23:00,12:00-23:00,12:00-23:00,12:00-23:00,Europe/London,,FALSE,uzumaki-london-london-england,https://cdn.prod.website-files.com/65c4e3041d72984c18dbb740/670f8f4cb127b9b6e35c92e1_Color%2520logo%2520with%2520background%25201%2520(2).png,,,,,"107 Great Russell St, London WC1B 3NB, UK",51.5175444,-0.1292386,64KeYv1Q8g,Immersive Japanese anime restaurant serving anime food and drinks; a delicious and fun experience for the whole family!,https://maps.app.goo.gl/UWqCPe9caah36Xyq6,66e40c55ab4a1b2ad05fa9b5,https://thenugget.app/template/location/uzumaki-london-london-england
Casa Tua King's Cross,Casa Tua King's Cross,106 Cromer Street,London,England,WC1H 8BZ,GB,0 20 7833 1483,,http://www.casatualondon.com/,1,"High chair, Baby change in women's room, Kids' menu, Wheelchair access, Outdoor seating, Small sharing plates, Vegetarian, Vegan, Relaxed, Good for groups, Takeaway, Dog friendly, Friendly staff, Healthy, Quick service, A/C",,10:30-22:00,10:30-22:00,10:30-22:00,10:30-22:00,10:30-22:00,09:00-22:00,09:00-22:00,Europe/London,,FALSE,casa-tua-king-s-cross-london-england,https://cdn.prod.website-files.com/65c4e3041d72984c18dbb740/670f8f65765fd2652b3d7c6a_casa%2520tua%2520kings%2520x.jpeg,,,,,"106 Cromer St, London WC1H 8BZ, UK",51.5276685,-0.1235636,PJmQym6bJl,"Italian dining with 2 locations in Camden Town and Kings Cross. Serving breakfast, lunch, and dinner and their handmade pasta. 📸 Casa Tua",https://maps.app.goo.gl/GUmuggiUJX7YReTV7,66e40c56fd2ac7be9ff7a51f,https://thenugget.app/template/location/casa-tua-king-s-cross-london-england
The Lighterman,The Lighterman,3 Granary Square,London,England,N1C 4BH,GB,0 20 3846 3400,,http://thelighterman.co.uk/,1,"High chair, Baby change in women's room, Kids' menu, Wheelchair access, Outdoor seating, Small sharing plates, Vegetarian, Vegan, Relaxed, Good for groups, Takeaway, Dog friendly, Friendly staff, Healthy, Kids' colouring, Quick service, A/C",,12:00-23:30,12:00-23:30,12:00-23:30,12:00-23:30,12:00-00:00,10:00-00:00,10:00-22:30,Europe/London,,FALSE,the-lighterman-london-england,https://cdn.prod.website-files.com/65c4e3041d72984c18dbb740/670f8f6609a716e933efe028_Screenshot%25202024-07-11%2520033138.png,,,,,"3 Granary Square, London N1C 4BH, UK",51.5352593,-0.1243704,gprAynw28X,"A pub and dining room over 3 floors and terraces, right on the canal at Granary Square in King's Cross. Kids menu from £7.",https://maps.app.goo.gl/qx1pYY7dj6x1TN9LA,66e40c58e3c54c66a4baec66,https://thenugget.app/template/location/the-lighterman-london-england
Morty & Bob's,Morty & Bob's,Coal Drops Yard,London,England,N1C 4DQ,GB,0 20 3668 7703,,https://www.mortyandbobs.com/kingscrossn1c,1,"High chair, Baby change in women's room, Kids' menu, Wheelchair access, Outdoor seating, Small sharing plates, Vegetarian, Vegan, Relaxed, Good for groups, Takeaway, Dog friendly, Friendly staff, Healthy, Quick service, A/C",,12:00-23:30,12:00-23:30,12:00-23:30,12:00-23:30,12:00-00:00,10:00-00:00,10:00-22:30,Europe/London,,FALSE,morty-bob-s-london-england,https://cdn.prod.website-files.com/65c4e3041d72984c18dbb740/670f8f6840ece5b3fa2026aa_Morty%2520and%2520bobs.jpeg,,,,,"Coal Drops Yard, London, England, N1C 4DQ, GB",51.5362376,-0.1261819,DJ36GqBn4m,"All day dining cafe, restaurant, and bar with 3 locations in London. Card payment only.",https://maps.app.goo.gl/AKm58ztpXNap3yk4A,66e40c591974d4d441bbfa5e,https://thenugget.app/template/location/morty-bob-s-london-england
Mildreds Soho,Mildreds Soho,45 Lexington Street,London,England,W1F 9AN,GB,0 20 7494 1634,,https://www.mildreds.com/soho/#w24-kids-copy,1,"High chair, Baby change in women's room, Kids' menu, Outdoor seating, Small sharing plates, Vegetarian, Vegan, Cosy, Good for groups, Takeaway, Dog friendly, Friendly staff, Healthy, Kids' colouring, Quick service, A/C",,09:00-23:00,09:00-23:00,09:00-23:00,09:00-23:00,09:00-23:00,09:00-23:00,09:00-22:00,Europe/London,,FALSE,mildreds-soho-london-england,https://cdn.prod.website-files.com/65c4e3041d72984c18dbb740/670f8f69278c80cda2be778f_Mildred%2520soho%2520.jpeg,,,,,"45 Lexington St, Carnaby, London W1F 9AN, UK",51.5130279,-0.1364023,yJznPWVgJ6,A light-filled space with an plant-based menu and friendly staff. Kids menu from £7 with 6 locations around London.  📸 Mildreds,https://maps.app.goo.gl/5a5Sh5ME1ok8iCsM6,66e40c5a263f4387aa7d5326,https://thenugget.app/template/location/mildreds-soho-london-england
Azzurro,Azzurro,1 Sutton Walk,London,England,SE1 7ND,GB,0 20 7620 1300,,https://azzurro-restaurant.co.uk/wp-content/uploads/2024/03/Azzurro-A4-Kids-menu-24.pdf,1,"High chair, Baby change in women's room, Kids' menu, Wheelchair access, Outdoor seating, Playground nearby, Tourist attraction nearby, Small sharing plates, Vegetarian, Vegan, Relaxed, Buzzy, Good for groups, Takeaway, Healthy, Kids' colouring, A/C",,11:00-23:00,11:00-23:00,11:00-23:00,11:00-23:00,11:00-23:00,11:00-23:00,11:00-22:00,Europe/London,,FALSE,azzurro-london-england,https://cdn.prod.website-files.com/65c4e3041d72984c18dbb740/670f8f6a278c80cda2be7832_azzurro.png,,,,,"1 Sutton Walk, London SE1 7ND, UK",51.5044503,-0.1146752,kJ1kjrwEpq,"Minutes from Waterloo, near South Bank and Jubiliee Gardens Playground & London Eye, all-day Italian dining. Kids menu £7.95. Cash not accepted. 📸 Azzurro",https://maps.app.goo.gl/5jBxL4XUo8B74iQP7,66e40c5b4ba74f31a8fdb808,https://thenugget.app/template/location/azzurro-london-england
Crème de la Crêpe,Crème de la Crêpe,The Piazza,London,England,WC2E 8RE,GB,0 20 7836 6896,,https://www.cremedelacrepe.co.uk/menu,1,"High chair, Baby change in women's room, Kids' menu, Wheelchair access, Outdoor seating, Tourist attraction nearby, Vegetarian, Vegan, Relaxed, Buzzy, Good for groups, Takeaway, Healthy, Quick service, A/C",,09:30-00:30,09:30-21:00,09:30-21:00,09:30-21:00,09:30-21:00,09:30-21:00,09:30-21:00,Europe/London,,FALSE,creme-de-la-crepe-london-england,https://cdn.prod.website-files.com/65c4e3041d72984c18dbb740/670f8f6bde1265dbc0572859_creme%2520de%2520la%2520crepe.png,,,,,"29, The Market, The Piazza, London WC2E 8RE, UK",51.5117017,-0.1228551,G4gKy02G40,"In the heart of Covent Garden with sweet and savoury crepes. Combine with the Transport Museum, a show, or exploring the market. 📸 Crème de la Crêpe",https://maps.app.goo.gl/g4926LoF847joJpi9,66e40c603cbfb6aa20c17745,https://thenugget.app/template/location/creme-de-la-crepe-london-england
Frankie & Benny's,Frankie & Benny's,355-357 Strand,London,England,WC2R 0HR,GB,0 20 7836 4664,,https://www.frankieandbennys.com/restaurants/London/burleigh-house,0,"High chair, Baby change in women's room, Kids' menu, Wheelchair access, Small sharing plates, Cosy, Relaxed, Good for groups, Takeaway, A/C",,09:00-23:00,09:00-23:00,09:00-23:00,09:00-23:00,09:00-23:00,09:00-23:00,09:00-22:30,Europe/London,,FALSE,frankie-benny-s-london-england,https://cdn.prod.website-files.com/65c4e3041d72984c18dbb740/670f8f4cb127b9b6e35c92e1_Color%2520logo%2520with%2520background%25201%2520(2).png,,,,,"355-357 Strand, London WC2R 0HR, UK",51.5111981,-0.1200557,w8lwy0k6Jv,An Italian-American style diner in a family-friendly atmosphere. 7 locations around London.,https://maps.app.goo.gl/NeD9gADfC711D4bX9,66e40c61dc02f44ce8474401,https://thenugget.app/template/location/frankie-benny-s-london-england
My Old Dutch,My Old Dutch,131-132 High Holborn,London,England,WC1V 6PS,GB,0 20 7242 5200,,http://www.myolddutch.com/restaurants-home/#holborn,1,"High chair, Baby change in women's room, Kids' menu, Wheelchair access, Small sharing plates, Vegetarian, Vegan, Fun / Quirky, Cosy, Relaxed, Good for groups, Takeaway, Healthy, Kids' colouring, Quick service, A/C",,10:00-21:00,10:00-20:00,10:00-20:00,10:00-20:00,10:00-20:00,10:00-20:00,10:00-18:00,Europe/London,,FALSE,my-old-dutch-london-england,https://cdn.prod.website-files.com/65c4e3041d72984c18dbb740/670f8f71678d1f71e84f7cad_old%2520dutch%2520holborn.png,,,,,"131-132 High Holborn, London WC1V 6PS, UK",51.5175310,-0.1220063,OJNDAd1Qpn,"Since 1958, delicious pancakes with a nice selection of savoury and sweet pancakes, salads, Dutch starters, and desserts. Locations in Holborn and Chelsea. 📸 My Old Dutch",https://maps.app.goo.gl/8pDBu8rkgXWGbinz6,66e40c6361caa43f4236f58b,https://thenugget.app/template/location/my-old-dutch-london-england
Chin Chin Dessert Club (Chin Chin Ice Cream),Chin Chin Dessert Club (Chin Chin Ice Cream),54 Greek Street,London,England,W1D 3DS,GB,,,https://www.chinchinicecream.com/,1,"High chair, Baby change in women's room, Outdoor seating, Fun / Quirky, Cosy, Good for groups, Takeaway, Dog friendly, Friendly staff, Quick service, A/C",,13:00-22:00,13:00-22:00,13:00-22:00,13:00-22:00,13:00-22:00,13:00-23:00,13:00-20:00,Europe/London,,FALSE,chin-chin-dessert-club-chin-chin-ice-cream-london-england,https://cdn.prod.website-files.com/65c4e3041d72984c18dbb740/6809f41a7c7a8e85578fa1b1_chin%2520chin%2520soho.jpeg,,,,,"54 Greek St, London W1D 3DS, UK",51.5143267,-0.1312209,zpBgxaXR4v,"Nitro ice cream with 3 locations around London. ""The Future of Ice Cream"". 📸 Chin Chin",https://maps.app.goo.gl/6QNc3qKuMcPNTiwB6,66e40c64991e1a63765e13b4,https://thenugget.app/template/location/chin-chin-dessert-club-chin-chin-ice-cream-london-england
INIS,INIS,13 Rookwood Way,London,England,E3 2XT,GB,,,http://www.inisfishisland.com/,1,"High chair, Baby change in women's room, Kids' menu, Wheelchair access, Outdoor seating, Playground nearby, Vegetarian, Vegan, Gluten free, Relaxed, Buzzy, Good for groups, Takeaway, Dog friendly, Friendly staff, Healthy, Kids' colouring, Quick service, A/C, Pram storage",,closed,closed,08:00-15:00,08:00-23:00,08:00-23:00,08:00-23:00,08:00-17:00,Europe/London,,FALSE,inis-london-england,https://cdn.prod.website-files.com/65c4e3041d72984c18dbb740/670f8f73091321a63ede0f0b_IMG_7660.jpeg,,,,,"13 Rookwood Way, Fish Island, London E3 2XT, UK",51.5410075,-0.0230516,ZpoVy1Dn8D,"Opened in May 2024, this super friendly restaurant with delicious food, including counter salads, pastries, cakes, and hot food. Very welcoming of kids!  Combine with Victoria Park.",https://maps.app.goo.gl/cVG8aja5oSUVRWRk9,66e40c654bbe52ae3ba40c87,https://thenugget.app/template/location/inis-london-england
Circolo Popolare,Circolo Popolare,40-41 Rathbone Place,London,England,W1T 1HX,GB,,,https://www.circolopopolare.com/restaurants/circolopopolare-london,1,"High chair, Baby change in women's room, Kids' menu, Wheelchair access, Outdoor seating, Small sharing plates, Vegetarian, Vegan, Relaxed, Buzzy, Good for groups, Takeaway, Teen favourite, Dog friendly, Friendly staff, Healthy, Kids' colouring, A/C",,"12:00-15:30,17:00-22:30","12:00-15:30,17:00-22:30","12:00-15:30,17:00-22:30",12:00-22:30,12:00-22:30,11:00-22:30,11:00-22:00,Europe/London,,FALSE,circolo-popolare-london-england,https://cdn.prod.website-files.com/65c4e3041d72984c18dbb740/66e40c66fd2ac7be9ff7bc95_circolo%2520pololare.webp,,,,,"40-41 Rathbone Pl, London W1T 1HX, UK",51.5171895,-0.1338679,yJznAm7WJ6,Delicious Italian food with buzzy vibes and beautiful decor. 📸 Circolo Popolare,https://maps.app.goo.gl/6zscshiY62VfmdFz6,66e40c66fd2ac7be9ff7bcdf,https://thenugget.app/template/location/circolo-popolare-london-england
Spaghetti House,Spaghetti House,24 Cranbourn Street,London,England,WC2H 7AB,GB,0 20 7836 8168,info@spaghettihouse.co.uk,https://www.spaghettihouse.co.uk/location/cranbourn-street/,1,"High chair, Baby change in women's room, Kids' menu, Wheelchair access, Outdoor seating, Small sharing plates, Vegetarian, Vegan, Halal, Cosy, Relaxed, Good for groups, Takeaway, Dog friendly, Healthy, Kids' colouring, Quick service, A/C",,12:00-23:00,12:00-23:00,12:00-23:00,12:00-23:00,12:00-23:00,12:00-23:00,12:00-23:00,Europe/London,,FALSE,spaghetti-house-london-england,https://cdn.prod.website-files.com/65c4e3041d72984c18dbb740/670f8f75639cb5e91b66fd63_spahettie%2520cranborn.png,,,,,"24 Cranbourn St, London WC2H 7AB, UK",51.5117969,-0.1275746,X8Rje26D8A,"Since 1955, offering Italian dining with 8 locations across the city. 📸 Spaghetti House",https://maps.app.goo.gl/xjg9TqurhFCQtzqVA,66e40c68263f4387aa7d63f8,https://thenugget.app/template/location/spaghetti-house-london-england
The Jam,The Jam,289A King's Road,London,England,SW3 5EW,GB,0 20 7352 8827,bookingsthejam@hotmail.com,https://www.thejamrestaurant.com/,1,"High chair, Baby change in women's room, Small sharing plates, Vegetarian, Vegan, Dairy Free, Gluten free, Fun / Quirky, Cosy, Relaxed, Buzzy, Good for groups, Takeaway, Friendly staff, Healthy, Quick service, A/C",,17:00-22:30,16:00-22:30,16:00-22:30,16:00-22:30,12:00-23:00,12:00-23:00,12:00-22:30,Europe/London,,FALSE,the-jam-london-england,https://cdn.prod.website-files.com/65c4e3041d72984c18dbb740/670f8f765ddbb5a45cf94094_the%2520jam.jpeg,,,,,"289A King's Rd, London SW3 5EW, UK",51.4852839,-0.1738437,5J0Wvybq4B,"Since 1972, delicious Italian dining over multi level booth seating with ladders to climb up to reach the up top seating. 📸 The Jam",https://maps.app.goo.gl/8DavXHfz1ev4Fras6,66e40c683f0c3f4e6164bae1,https://thenugget.app/template/location/the-jam-london-england
Gordon Ramsay Street Burger - Charing Cross Road,Gordon Ramsay Street Burger - Charing Cross Road,24-28 Charing Cross Road,London,England,WC2H 0HX,GB,0 20 7592 1361,charingcrossroad@gordonramsaystreetburger.com,https://www.gordonramsayrestaurants.com/en/uk/street-burger/menus/standard,1,"High chair, Baby change in unisex room, Kids' menu, Outdoor seating, Small sharing plates, Vegetarian, Vegan, Relaxed, Good for groups, Takeaway, Dog friendly, Friendly staff, Healthy, Quick service, A/C",,11:30-22:00,11:30-22:00,11:30-22:00,11:30-23:00,11:30-23:00,11:30-23:00,11:30-22:00,Europe/London,,FALSE,gordon-ramsay-street-burger-charing-cross-road-london-england,https://cdn.prod.website-files.com/65c4e3041d72984c18dbb740/670f8f776f22f1b524fd2290_Gordon_Ramsay_Street_Burger_Charing_Cross_Road_%2520Interior_5.png,,,,,"24-28 Charing Cross Rd, London WC2H 0HX, UK",51.5108033,-0.1281686,DJkEQne6pO,"Burgers, ribs, wings, sides, and a vegan menu. 6 locations around London. 📸 Gordon Ramsay Street Burger",https://maps.app.goo.gl/r6jT3cZRBThtnEa58,66e40c6a4bbe52ae3ba415de,https://thenugget.app/template/location/gordon-ramsay-street-burger-charing-cross-road-london-england
Heddon Street Kitchen,Heddon Street Kitchen,3-9 Heddon Street,London,England,W1B 4BE,GB,0 20 7592 1212,heddonstreetkitchen@gordonramsay.com,https://www.gordonramsayrestaurants.com/heddon-street-kitchen/menus/#Ramsay%20Kids,1,"High chair, Baby change in women's room, Kids' menu, Wheelchair access, Outdoor seating, Small sharing plates, Vegetarian, Vegan, Halal, Buzzy, Posh, Good for groups, Takeaway, Dog friendly, Friendly staff, Healthy, Quick service, A/C",,07:30-23:00,07:30-23:00,07:45-23:00,07:30-23:30,07:30-23:30,11:30-23:30,11:30-21:00,Europe/London,,FALSE,heddon-street-kitchen-london-england,https://cdn.prod.website-files.com/65c4e3041d72984c18dbb740/670f8f782817f79ec7ca0d90_heddon%2520street.png,,,,,"3-9 Heddon St, London W1B 4BE, UK",51.5107010,-0.1392904,dJEOVDLopW,"Gordon Ramsay restaurant that offers European dining for everyone, welcoming children of all ages. Kids 8 and under eat free Monday-Friday, one free with each puchase of an adult meal. Walk in dining only with no reservations; small dogs and guide dogs welcome;cash not accepted. 📸 Heddon Street Kitchen",https://maps.app.goo.gl/EP5eRfmyjga52n327,66e40c6be3c54c66a4bb05b0,https://thenugget.app/template/location/heddon-street-kitchen-london-england
Ev Restaurant,Ev Restaurant,98 Isabella Street,London,England,SE1 8DD,GB,0 20 7620 6192,ev@tasrestaurants.co.uk,https://evrestaurant.co.uk/,1,"High chair, Baby change in women's room, Kids' menu, Wheelchair access, Outdoor seating, Small sharing plates, Vegetarian, Vegan, Dairy Free, Halal, Cosy, Relaxed, Good for groups, Takeaway, Dog friendly, Friendly staff, Healthy, Quick service, A/C",,12:00-22:30,12:00-23:30,12:00-23:30,12:00-23:30,12:00-23:30,12:00-23:30,12:00-23:30,Europe/London,,FALSE,ev-restaurant-london-england,https://cdn.prod.website-files.com/65c4e3041d72984c18dbb740/66e40c743e97f18c25756ad9_ev%2520rest.webp,,,,,"The Arches, 98 Isabella St, London SE1 8DD, UK",51.5041547,-0.1062374,DJ36567n4m,"Contemporary dining with Anatolian (Turkish) and Mediterranean dishes including hot and cold meze, grilled fish, vegetarian options, and regular house specials. 📸 Ev Restaurant ",https://maps.app.goo.gl/EKiQKCJsKkGuT96H6,66e40c753e97f18c25756b05,https://thenugget.app/template/location/ev-restaurant-london-england
Crust Bros Pizza Restaurant Waterloo,Crust Bros Pizza Restaurant Waterloo,113 Waterloo Road,London,England,SE1 8UL,GB,0 20 3034 3424,waterloo@crustbros.co.uk,https://www.crustbros.co.uk/waterloo/,1,"High chair, Baby change in unisex room, Kids' menu, Wheelchair access, Outdoor seating, Small sharing plates, Vegetarian, Vegan, Gluten free, Cosy, Relaxed, Buzzy, Good for groups, Takeaway, Dog friendly, Friendly staff, Healthy, Quick service, A/C",,12:00-23:00,12:00-23:00,12:00-23:00,12:00-23:00,12:00-23:00,12:00-23:00,12:15-22:00,Europe/London,,FALSE,crust-bros-pizza-restaurant-waterloo-london-england,https://cdn.prod.website-files.com/65c4e3041d72984c18dbb740/66e40c754384be6228248e1f_Crust%2520Bros%2520waterloo.webp,,,,,"113 Waterloo Rd, London SE1 8UL, UK",51.5027616,-0.1103191,yJznAn0gJ6,Delicious pizza with 4 locations in London. Personalize your own pizza! 1 pizza = 1 tree planted with Earthly. 📸 Crust Bros,https://maps.app.goo.gl/4yWc5hJiqM6vRAoT6,66e40c764384be6228248e23,https://thenugget.app/template/location/crust-bros-pizza-restaurant-waterloo-london-england
Pizza Pilgrims Waterloo,Pizza Pilgrims Waterloo,82 Lower Marsh,London,England,SE1 7AB,GB,0 20 3974 9829,,http://www.pizzapilgrims.co.uk/,0,"High chair, Baby change in women's room, Kids' menu, Wheelchair access, Outdoor seating, Small sharing plates, Vegetarian, Vegan, Halal, Relaxed, Buzzy, Good for groups, Takeaway, Dog friendly, Friendly staff, Healthy, Quick service, A/C",,11:30-22:30,11:30-22:30,11:30-22:30,11:30-22:30,11:30-22:30,11:30-22:30,11:30-21:00,Europe/London,,FALSE,pizza-pilgrims-waterloo-london-england,https://cdn.prod.website-files.com/65c4e3041d72984c18dbb740/670f8f4cb127b9b6e35c92e1_Color%2520logo%2520with%2520background%25201%2520(2).png,,,,,"82 Lower Marsh, London SE1 7AB, UK",51.5016996,-0.1110858,B8eAZA0689,Buzzy neapolitan pizza place with locations around the UK,https://maps.app.goo.gl/EVRztEUkabvZwfY8A,66e40c77235a24ee71aca726,https://thenugget.app/template/location/pizza-pilgrims-waterloo-london-england
Meson Don Felipe,Meson Don Felipe,53 The Cut,London,England,SE1 8LF,GB,0 20 7928 3237,reservations@mesondonfelipe.co.uk,https://www.mesondonfelipe.co.uk/,1,"High chair, Baby change in women's room, Wheelchair access, Outdoor seating, Small sharing plates, Vegetarian, Vegan, Dairy Free, Cosy, Relaxed, Good for groups, Takeaway, Dog friendly, Friendly staff, Healthy, Quick service, A/C",,12:00-17:00,12:00-23:00,12:00-23:00,12:00-23:00,12:00-23:00,12:00-23:00,closed,Europe/London,,FALSE,meson-don-felipe-london-england,https://cdn.prod.website-files.com/65c4e3041d72984c18dbb740/670f8f7d2caa58ab19545ffa_meson%2520don%2520.png,,,,,"53 The Cut, London SE1 8LF, UK",51.5030000,-0.1072000,Q8dwEwnlJr,"Since 1987, family run tapas bar and restaurant with small plates perfect for sharing. Located on The Cut near The Old Vic theater, perfect location for a pre/post meal dinner. Last food orders at 10:15 pm. 📸 Meson Don Felipe",https://maps.app.goo.gl/CuvJ5QMgR6R5RY6J8,66e40c774384be6228248f44,https://thenugget.app/template/location/meson-don-felipe-london-england
Carluccio's - Marriott Regents Park,Carluccio's - Marriott Regents Park,128 King Henry's Road,London,England,NW3 3ST,GB,0 20 7722 7711,,https://www.carluccios.com/restaurant/london-marriott-regents-park/,1,"High chair, Baby change in women's room, Kids' menu, Wheelchair access, Outdoor seating, Small sharing plates, Vegetarian, Vegan, Dairy Free, Gluten free, Relaxed, Buzzy, Good for groups, Takeaway, Dog friendly, Friendly staff, Healthy, Quick service, A/C",,06:30-23:00,06:30-23:00,06:30-23:00,06:30-23:00,06:30-23:00,07:00-23:00,07:00-23:00,Europe/London,,FALSE,carluccio-s-marriott-regents-park-london-england,https://cdn.prod.website-files.com/65c4e3041d72984c18dbb740/670f8f7e1e083a48e3068da8_carluccios%2520marriot%2520regent.png,,,,,"128 King Henry's Rd, London NW3 3ST, UK",51.5421339,-0.1698352,68MKmKxO49,"Located in the Marriot, all day Italian dining with locations around the UK, sure to please every family member. 📸 Carluccio",https://maps.app.goo.gl/LRQnBB1yfuZq4kFz8,66e40c7b3e97f18c25757477,https://thenugget.app/template/location/carluccio-s-marriott-regents-park-london-england
Roast,Roast,Stoney Street,London,England,SE1 1TL,GB,0 20 3371 3120,info@roast-restaurant.com,https://roast-restaurant.com/wp-content/uploads/2024/03/2024-03-05-Kids-Menu.pdf,1,"High chair, Baby change in women's room, Kids' menu, Wheelchair access, Small sharing plates, Vegetarian, Vegan, Dairy Free, Relaxed, Buzzy, Posh, Good for groups, Free kids meal, Friendly staff, Healthy, Kids' colouring, A/C",,11:45-22:00,07:30-22:00,07:30-22:00,07:30-22:00,07:30-22:00,08:30-22:00,11:45-18:30,Europe/London,,FALSE,roast-london-england,https://cdn.prod.website-files.com/65c4e3041d72984c18dbb740/670f8f7f9a73919fc234035c_roast.png,,,,,"The Floral Hall, Stoney St, London SE1 1TL, UK",51.5056314,-0.0910520,dJEOVOrDpW,"Located above Borough Market with contemporary British all-day dining, also serving Sunday roast and afternoon tea. Children eat free during school holidays; other times kids menu is 1 course is £13 and 2 courses for £15. Check events for themed afternoon tea experiences. 📸 Roast",https://maps.app.goo.gl/wia61DEvKTjHwAvX8,66e40c7d216f861a3f645982,https://thenugget.app/template/location/roast-london-england
Beijing Dumpling,Beijing Dumpling,23 Lisle Street,London,England,WC2H 7BA,GB,0 20 7287 6888,,http://beijingdumpling.co.uk/,1,"Baby change in women's room, Small sharing plates, Relaxed, Good for groups, Takeaway, Friendly staff, Quick service, A/C",,12:00-22:15,12:00-22:15,12:00-22:15,12:00-22:15,12:00-23:30,12:00-23:30,11:30-22:30,Europe/London,,FALSE,beijing-dumpling-london-england,https://cdn.prod.website-files.com/65c4e3041d72984c18dbb740/670f8f808edf06d71a910c8e_beijing%2520dumpling.jpeg,,,,,"23 Lisle St, London WC2H 7BA, UK",51.5117139,-0.1301306,wpZngnyZpA,"Local Chinatown favourite with a variety of dumplings, soups, and mains. 📸 Beijing Dumpling",https://maps.app.goo.gl/4UAmftrXp3JW8hdG9,66e40c7df50a796606e9195a,https://thenugget.app/template/location/beijing-dumpling-london-england
Apricity Restaurant,Apricity Restaurant,68 Duke Street,London,England,W1K 6JU,GB,,hello@apricityrestaurant.com,https://www.apricityrestaurant.com/,1,"High chair, Baby change in women's room, Kids' menu, Wheelchair access, Outdoor seating, Small sharing plates, Vegetarian, Vegan, Gluten free, Cosy, Posh, Good for groups, Dog friendly, Friendly staff, Healthy, Quick service, A/C",,closed,"12:00-14:15,17:30-23:00","12:00-14:15,17:30-23:00","12:00-14:15,17:30-23:00","12:00-14:15,17:30-23:00","12:00-14:30,17:00-23:00",closed,Europe/London,,FALSE,apricity-restaurant-london-england,https://cdn.prod.website-files.com/65c4e3041d72984c18dbb740/66faa0ebf46badf2c4a30826_Apricity.png,,,,,"68 Duke St, London W1K 6JU, UK",51.5135846,-0.1513096,64KexeaY8g,"Michelin Green Star championing British produce with a low waste operation. 5-Course Culinary Kids' Tasting Menu £32; Note from the restaurant: The main restaurant, including the bathroom, is wheelchair accessible. The street level entrance has a small step, so please make us aware at the time of booking and we will have our ramp prepared, and a suitable table assigned. 📸 Apricity",https://maps.app.goo.gl/jgmVEd1B7TQiTznY9,66e40c7f8eb91179f81657a5,https://thenugget.app/template/location/apricity-restaurant-london-england
BAO Soho,BAO Soho,53 Lexington Street,London,England,W1F 9AS,GB,0 20 3019 2200,,http://baolondon.com/restaurant/bao-soho/,0,"Baby change in women's room, Outdoor seating, Small sharing plates, Vegetarian, Vegan, Cosy, Relaxed, Buzzy, Takeaway, Healthy, A/C",,"12:00-15:00,17:00-22:00","12:00-15:00,17:00-22:00","12:00-15:00,17:00-22:00","12:00-15:00,17:00-22:00",12:00-22:30,12:00-22:30,12:00-21:00,Europe/London,,FALSE,bao-soho-london-england,https://cdn.prod.website-files.com/65c4e3041d72984c18dbb740/670f8f4cb127b9b6e35c92e1_Color%2520logo%2520with%2520background%25201%2520(2).png,,,,,"53 Lexington St, Carnaby, London W1F 9AS, UK",51.5132162,-0.1365562,o8xBLBzL4g,The original BAO with a great tea selection; small number of outdoor seats available;  Menu good for kids,https://maps.app.goo.gl/KgiwhqYutWDN1sgP6,66e40c80e9d6ea4ba778e69d,https://thenugget.app/template/location/bao-soho-london-england
Cafe Murano Covent Garden,Cafe Murano Covent Garden,36 Tavistock Street,London,England,WC2E 7PB,GB,0 20 7240 3654,,https://www.cafemurano.co.uk/genuine-italian-food-menus/?menu-location=3&menu-id=267,1,"High chair, Baby change in women's room, Kids' menu, Wheelchair access, Outdoor seating, Small sharing plates, Vegetarian, Vegan, Cosy, Posh, Good for groups, Takeaway, Friendly staff, Healthy, A/C",,"12:00-15:00,17:00-22:30","12:00-15:00,17:00-22:30","12:00-15:00,17:00-22:30","12:00-15:00,17:00-22:30","12:00-15:00,17:00-22:30","12:00-15:00,17:00-22:30",12:00-16:30,Europe/London,,FALSE,cafe-murano-covent-garden-london-england,https://cdn.prod.website-files.com/65c4e3041d72984c18dbb740/670f8f824fd6ca8bcc0d8b24_Cafe-Muran-covent%2520garden.jpeg,,,,,"36 Tavistock St, London WC2E 7PB, UK",51.5121716,-0.1200638,28OR3RxxJo,Angela Hartnett’s group of Italian restaurants with seasonal fare. Kids menu includes 3 courses for £10. Lunch and theatere menu available- 2 courses £25 - 3 courses £30 / served Monday - Saturday from 12pm-3pm and 5pm-7pm. Cash not accepted. Other locations at St. James's and Bermondsey. 📸 Cafe Murano,https://maps.app.goo.gl/d58AyNyaLFTCyGCj8,66e40c8134b1c301c20093c0,https://thenugget.app/template/location/cafe-murano-covent-garden-london-england
Darcie & May Green,Darcie & May Green,Sheldon Square,London,England,W2 6DS,GB,0 20 3935 9045,,https://www.daisygreenfood.com/location-darcie-may,1,"Baby change in women's room, Outdoor seating, Small sharing plates, Vegetarian, Vegan, Fun / Quirky, Cosy, Relaxed, Buzzy, Good for groups, Friendly staff, Healthy, Quick service, A/C",,09:00-22:30,09:00-22:30,09:00-22:30,09:00-22:30,09:00-22:30,09:00-22:30,09:00-22:30,Europe/London,,FALSE,darcie-may-green-london-england,https://cdn.prod.website-files.com/65c4e3041d72984c18dbb740/670f8f83ec62a722ad7114b0_Darcie%2B%26%2BMay%2BGreen_MC50.jpeg,,,,,"Grand Union Canal, Sheldon Square, Central W2 6DS, UK",51.5188130,-0.1780675,ZJWZA2Rz40,"Buzzy Australian cafe on a boat! Because it is located on the water, please mind children closely. Save room for lammingtons for dessert. You can also visit the Bondi Green on the other side of the canal for a wider lammingtons selection. 📸 Daisy Green Collection",https://maps.app.goo.gl/NJRH4e4x99aXunWV6,66e40c82b0053a11edc5155b,https://thenugget.app/template/location/darcie-may-green-london-england
Fallow,Fallow,52 Haymarket,London,England,SW1Y 4RP,GB,0 20 8017 1788,,http://www.fallowrestaurant.com/,0,"High chair, Baby change in women's room, Kids' menu, Wheelchair access, Outdoor seating, Small sharing plates, Vegetarian, Vegan, Relaxed, Buzzy, Good for groups, Takeaway, Dog friendly, Friendly staff, Healthy, Quick service, A/C",,07:30-23:00,07:30-23:00,07:30-23:00,07:30-23:00,07:30-23:00,09:00-23:00,11:30-22:00,Europe/London,,FALSE,fallow-london-england,https://cdn.prod.website-files.com/65c4e3041d72984c18dbb740/670f8f4cb127b9b6e35c92e1_Color%2520logo%2520with%2520background%25201%2520(2).png,,,,,"52 Haymarket, St. James's, London SW1Y 4RP, UK",51.5094100,-0.1327837,y8GDamMnpr,Contemporary all-day dining with something for everyone. Cash not accepted; Reservation required,https://maps.app.goo.gl/6p6xENcCU5uAmwcX7,66e40c83ab4a1b2ad05fda07,https://thenugget.app/template/location/fallow-london-england
Fiume,Fiume,Battersea Power Station,London,England,SW8 5BN,GB,0 20 3904 9010,,https://www.fiume-restaurant.co.uk/menus/restaurant/bambini-menu/,1,"High chair, Baby change in women's room, Kids' menu, Wheelchair access, Outdoor seating, Playground nearby, Tourist attraction nearby, Small sharing plates, Vegetarian, Vegan, Relaxed, Buzzy, Good for groups, Dog friendly, Friendly staff, Healthy, Kids' colouring, Quick service, A/C",,12:00-21:30,12:00-21:30,12:00-21:30,12:00-21:30,12:00-21:45,11:00-21:45,11:00-20:30,Europe/London,,FALSE,fiume-london-england,https://cdn.prod.website-files.com/65c4e3041d72984c18dbb740/670f8f85129d1067ab52db6f_fiume.jpeg,,,,,"Battersea Power Station, Circus West Village, London, England, SW8 5BN, GB",51.4831520,-0.1460446,rJq9rBEYJq,Buzzy Italian dining with views of the Thames and a large Mediterranean piazza-style terrace. Kids menu starts from £8. Combine with Prospect Place Playground or Battersea Park Playground. Cash not accepted. 📸 Fiume,https://maps.app.goo.gl/SRvtsp7bbacyeA626,66e40c85e530ca2a89d44bd6,https://thenugget.app/template/location/fiume-london-england
Flat Iron Covent Garden,Flat Iron Covent Garden,17-18 Henrietta Street,London,England,WC2E 8QH,GB,,,https://flatironsteak.co.uk/restaurant/covent-garden,1,"High chair, Baby change in women's room, Wheelchair access, Vegetarian, Vegan, Cosy, Relaxed, Good for groups, Friendly staff, Healthy, Quick service, A/C",,12:00-22:30,12:00-22:30,12:00-23:00,12:00-23:00,12:00-23:30,12:00-23:30,12:00-22:30,Europe/London,,FALSE,flat-iron-covent-garden-london-england,https://cdn.prod.website-files.com/65c4e3041d72984c18dbb740/670f8f85fbd1463ac1cb408f_Flat-Iron-Henrietta-PWF-0261-HDR-1050x699.jpeg,,,,,"17-18 Henrietta St, London WC2E 8QH, UK",51.5107950,-0.1240732,68MKmz9M49,"""Great steak for everyone"" also with burgers, delicious sides and free soft serve. Cash not accepted. 📸 Flat Iron",https://maps.app.goo.gl/Zf3Y6YeR6WLE41oM7,66e40c86e530ca2a89d44c53,https://thenugget.app/template/location/flat-iron-covent-garden-london-england
Pear Tree Cafe,Pear Tree Cafe,Lakeside Cafe,London,England,SW11 4NJ,GB,0 20 7978 1655,,https://www.peartreecafe.co.uk/battersea-park,1,"High chair, Baby change in women's room, Kids' menu, Wheelchair access, Outdoor seating, Playground nearby, Small sharing plates, Vegetarian, Vegan, Dairy Free, Gluten free, Relaxed, Buzzy, Good for groups, Takeaway, Dog friendly, Healthy, Quick service, A/C",,08:00-22:00,08:00-22:00,08:00-22:00,08:00-22:00,08:00-22:00,08:00-22:00,08:00-21:00,Europe/London,,FALSE,pear-tree-cafe-london-england,https://cdn.prod.website-files.com/65c4e3041d72984c18dbb740/670f8f8618671d9375e847ba_pear%2520tree%2520battersea.jpeg,,,,,"Lakeside Cafe  , Battersea Park, London, England, SW11 4NJ, GB",51.4796629,-0.1511722,k8P7z2amJb,"Cafe dining in the park with beautiful outdoor dining. Serving brunch, lunch, pizza, and a kids menu from £6. Check the calendar for live music and other events. Combine with Battersea Park Playground. Other locations as Clapham Commons and Lincoln's Inn Fields. 📸 Pear Tree Cafe",https://maps.app.goo.gl/C7hK6YNmevxohfQ69,66e40c87fd2ac7be9ff7ebc4,https://thenugget.app/template/location/pear-tree-cafe-london-england
Frizzante,Frizzante,1a Goldsmiths Row,London,England,E2 8QA,GB,0 20 7739 2266,,https://frizzanterestaurant.com/,1,"High chair, Baby change in women's room, Kids' menu, Wheelchair access, Outdoor seating, Playground nearby, Small sharing plates, Vegetarian, Vegan, Fun / Quirky, Relaxed, Buzzy, Good for groups, Takeaway, Dog friendly, Friendly staff, Healthy, Quick service, A/C, Pram storage",,closed,11:00-16:00,11:00-16:00,10:00-22:00,10:00-22:00,10:00-22:00,10:00-17:00,Europe/London,,FALSE,frizzante-london-england,https://cdn.prod.website-files.com/65c4e3041d72984c18dbb740/66faa0f3c98bea50c7d53913_Frizante.jpeg,,,,,"1a Goldsmiths Row, London E2 8QA, UK",51.5315897,-0.0665402,MJbZP51DJX,Farm-to-fork Italian with rustic indoors and garden outdoor seating at Hackney City Farm. Kids menu from £5. Combine with a visit to see the farm animals and nearby Haggerston Park Playground. 📸 Frizzante,https://maps.app.goo.gl/wbu3STrJbaiagvVo7,66e40c87f8d447bc213c0632,https://thenugget.app/template/location/frizzante-london-england
Pastaio Pasta Restaurant Carnaby,Pastaio Pasta Restaurant Carnaby,19 Ganton Street,London,England,W1F 9BN,GB,0 20 3019 8680,,https://www.pastaio.co.uk/kidsmenu,1,"High chair, Baby change in women's room, Kids' menu, Wheelchair access, Outdoor seating, Small sharing plates, Vegetarian, Vegan, Cosy, Relaxed, Good for groups, Takeaway, Dog friendly, Friendly staff, Healthy, Kids' colouring, Quick service, A/C",,12:00-22:30,12:00-22:30,12:00-22:30,12:00-22:30,12:00-23:00,12:00-23:00,12:00-22:00,Europe/London,,FALSE,pastaio-pasta-restaurant-carnaby-london-england,https://cdn.prod.website-files.com/65c4e3041d72984c18dbb740/66faa0f5a34b0bbfc214b495_pastaio.png,,,,,"19 Ganton St, Carnaby, London W1F 9BN, UK",51.5128972,-0.1390056,wpZngNROpA,"Daily handmade fresh pasta mixed with seasonal produce. Kids menu is £6 for half-sized portion of pasta, veg pot and scoop of gelato. Try to save room for dessert. Note: indoor seating is on stools, outdoor seating has chairs with backs. 📸 Pastaio",https://maps.app.goo.gl/sRnH9jMLAsqbGVtt8,66e40c893cbfb6aa20c1b0e2,https://thenugget.app/template/location/pastaio-pasta-restaurant-carnaby-london-england
Gloria,Gloria,54-56 Great Eastern Street,London,England,EC2A 3QR,GB,,,https://www.bigmammagroup.com/italian-restaurants/gloria-london,1,"High chair, Baby change in women's room, Kids' menu, Wheelchair access, Small sharing plates, Vegetarian, Vegan, Relaxed, Buzzy, Good for groups, Takeaway, Teen favourite, Dog friendly, Friendly staff, Healthy, A/C",,"12:00-15:30,17:15-22:30","12:00-15:30,17:15-22:30","12:00-17:00,17:15-22:30","12:00-16:15,17:15-23:00","12:00-16:15,17:15-23:00","11:00-16:15,17:15-23:00","11:00-16:15,17:15-22:30",Europe/London,,FALSE,gloria-london-england,https://cdn.prod.website-files.com/65c4e3041d72984c18dbb740/670f8f89a7b3cf98b6f57c9c_gloria.png,,,,,"54-56 Great Eastern St, London EC2A 3QR, UK",51.5251266,-0.0813541,ZJWZAzrW40,"A buzzy Italian Trattoria mixing old classics and modern twists over two floors of dining. Make sure to save room for dessert! Bookings recommended. Combine with Brick Lane markets, Spitalfields Market or Shoreditch street art tours. 📸 Gloria",https://maps.app.goo.gl/HBa6ELcseZjVnehF9,66e40c8aab4a1b2ad05fe2c4,https://thenugget.app/template/location/gloria-london-england
OXO Tower Brasserie,OXO Tower Brasserie,Barge House Street,London,England,SE1 9PH,GB,0 20 7803 3888,,https://oxotowerrestaurant.com/wp-content/uploads/2025/04/OXO-Kids-Menu-1.pdf,1,"High chair, Baby change in women's room, Kids' menu, Wheelchair access, Outdoor seating, Small sharing plates, Vegetarian, Vegan, Dairy Free, Relaxed, Buzzy, Good for groups, Friendly staff, Healthy, A/C",,12:00-21:30,12:00-21:30,12:00-21:30,12:00-21:30,12:00-21:30,12:00-22:00,12:00-21:30,Europe/London,,FALSE,oxo-tower-restaurant-bar-and-brasserie-london-england,https://cdn.prod.website-files.com/65c4e3041d72984c18dbb740/670f8f8a3699aed65e538f51_oxo%2520brasserie.jpeg,,,,,"Barge House St, London SE1 9PH, UK",51.5083580,-0.1082386,68MKmz9N49,"Buzzy brasserie located on the top floor of the famous OXO Tower with a relaxed menu suitable for casual lunches, sharing plates, pre-theatre dining and everything in between. Sunday roast with live music. Kids meal is £15 and includes juice, starter, main and dessert. 📸 Oxo Brasserie",https://maps.app.goo.gl/2AH27ZZjNujQ5REE8,66e40c8bdc02f44ce8477d48,https://thenugget.app/template/location/oxo-tower-restaurant-bar-and-brasserie-london-england
The Hub Cafe,The Hub Cafe,undefined,Edinburgh,Scotland,EH1,GB,0 131 473 2015,,https://www.eif.co.uk/,0,"High chair, Baby change in women's room, Kids' menu, Wheelchair access, Outdoor seating, Small sharing plates, Vegetarian, Vegan, Cosy, Relaxed, Good for groups, Takeaway, Dog friendly, Friendly staff, Healthy, Quick service, A/C",,08:30-17:00,08:30-17:00,08:30-17:00,08:30-17:00,08:30-17:00,08:30-17:00,08:30-17:00,Europe/London,,FALSE,the-hub-edinburgh-scotland,https://cdn.prod.website-files.com/65c4e3041d72984c18dbb740/670f8f4cb127b9b6e35c92e1_Color%2520logo%2520with%2520background%25201%2520(2).png,,,,,"The Hub, Edinburgh EH1, UK",55.9489705,-3.1948975,k8P7z2alJb,"Tasty treats, dog friendly.",https://maps.app.goo.gl/GAsEfwuxczniAaYq8,66e40c8c34b1c301c2009fe0,https://thenugget.app/template/location/the-hub-edinburgh-scotland
Jefferson's Ice Cream Brixton,Jefferson's Ice Cream Brixton,Arch 545 Brixton Station Road,London,England,SW9 8PF,GB,0 20 3149 1644,,http://www.jeffersonsicecream.com/brixton/?utm_source=google&utm_medium=organic&utm_campaign=gbp-listing,1,"Baby change in women's room, Wheelchair access, Outdoor seating, Fun / Quirky, Relaxed, Good for groups, Takeaway, Dog friendly, Friendly staff, Quick service, A/C",,closed,closed,17:00-22:00,17:00-22:00,17:00-22:00,14:00-22:00,14:00-21:30,Europe/London,,FALSE,jefferson-s-ice-cream-brixton-london-england,https://cdn.prod.website-files.com/65c4e3041d72984c18dbb740/670f8f8c2ff8cf317dc3a30f_jeffersons%2520ice%2520cream.jpeg,,,,,"Arch 545 Brixton Station Rd, London SW9 8PF, UK",51.4635527,-0.1091009,MJbZP51NJX,"An independent family-owned artisan ice creamery. Another location in Balham, London. 📸 Jefferson's Ice Cream",https://maps.app.goo.gl/uhRVFi7Uc7FBAfd48,66e40c8e8eb91179f8167036,https://thenugget.app/template/location/jefferson-s-ice-cream-brixton-london-england
Koya Ko Hackney,Koya Ko Hackney,10 Broadway Market Mews,London,England,E8 4TS,GB,0 7342 236933,,https://www.koya.co.uk/restaurant/hackney,1,"High chair, Baby change in women's room, Kids' menu, Wheelchair access, Outdoor seating, Small sharing plates, Vegetarian, Vegan, Cosy, Relaxed, Buzzy, Good for groups, Takeaway, Friendly staff, Healthy, Quick service, A/C",,12:00-22:00,12:00-22:00,12:00-22:00,12:00-22:00,10:00-22:00,10:00-22:00,10:00-22:00,Europe/London,,FALSE,koya-ko-hackney-london-england,https://cdn.prod.website-files.com/65c4e3041d72984c18dbb740/66ebf89b215359e347408f17_koya%2520hackney.webp,,,,,"10 Broadway Market Mews, London E8 4TS, UK",51.5365434,-0.0622250,dJEOVgGWpW,"Casual noodle bar with fast service, serving udon, donburi; also serving breakfast Friday-Sunday. Combine with the Jackman Street playground just a 2 min walk, Broadway Market on a Saturday, or two nearby London Fields playgrounds. Two other locations in London (Bank and Soho). 📸 Koya Ko",https://maps.app.goo.gl/TogB9zm9w6HkicNaA,66e40c90e3c54c66a4bb3051,https://thenugget.app/template/location/koya-ko-hackney-london-england
Lina Stores Italian Restaurant & Deli Marylebone,Lina Stores Italian Restaurant & Deli Marylebone,13-15 Marylebone Lane,London,England,W1U 2NE,GB,0 20 3148 7503,,https://www.linastores.co.uk/locations/marylebone-lane/?utm_source=GMB&utm_medium=website%20click&utm_campaign=SDM&utm_id=GMB,1,"High chair, Baby change in women's room, Wheelchair access, Small sharing plates, Vegetarian, Vegan, Gluten free, Halal, Relaxed, Buzzy, Good for groups, Takeaway, Dog friendly, Friendly staff, Healthy, A/C",,08:00-23:30,08:00-23:30,08:00-23:30,08:00-23:30,08:00-23:30,09:00-00:00,09:00-00:00,Europe/London,,FALSE,lina-stores-italian-restaurant-deli-marylebone-london-england,https://cdn.prod.website-files.com/65c4e3041d72984c18dbb740/680b6b15744363dae3aff64a_lina%2520stores%2520marylebone.png,,,,,"13-15 Marylebone Ln, London W1U 2NE, UK",51.5162550,-0.1501996,b4n2xON34y,Buzzy Italian diner with all-day dining offered over two floors. Deli also serving takeaway. Live music the last Sunday every month during dinner. 📸 Lina Stores,https://maps.app.goo.gl/yvsQKjsFDRh4XoMr5,66e40c918eb91179f816749e,https://thenugget.app/template/location/lina-stores-italian-restaurant-deli-marylebone-london-england
Mama Restaurant London,Mama Restaurant London,437 Hackney Road,London,England,E2 8PP,GB,0 20 7613 6500,,https://mamashelter.com/london-shoreditch/eat-drink/?utm_source=google+Maps&utm_medium=seo+maps&utm_campaign=seo+maps,1,"High chair, Baby change in women's room, Kids' menu, Wheelchair access, Outdoor seating, Playground nearby, Small sharing plates, Vegetarian, Vegan, Gluten free, Fun / Quirky, Relaxed, Buzzy, Good for groups, Teen favourite, Dog friendly, Friendly staff, Healthy, Kids' colouring, Games available, Kids' play space, Quick service, A/C",,08:00-22:00,08:00-22:00,08:00-22:00,08:00-22:00,08:00-22:30,08:00-22:30,08:00-21:00,Europe/London,,FALSE,mama-restaurant-london-london-england,https://cdn.prod.website-files.com/65c4e3041d72984c18dbb740/670f8f8f1283fc8dea84227a_IMG_2123.jpeg,,,,,"437 Hackney Rd, London E2 8PP, UK",51.5321453,-0.0617021,y8GDaNk0pr,"Hip restaurant with fooseball, arcade games, and more. Diverse menu with something for everyone, Saturday brunch and Sunday roast. Buzzy vibe that has DJs in the evening. Karaoke rooms also available. Located in the Mama Shelter hotel.",https://maps.app.goo.gl/dfZJHfLFfcej58Bq8,66e40c93fd2ac7be9ff7f812,https://thenugget.app/template/location/mama-restaurant-london-london-england
Marugame Udon / 丸亀製麺 Strand,Marugame Udon / 丸亀製麺 Strand,449 Strand,London,England,WC2R 0QU,GB,,,http://marugame.co.uk/,0,"High chair, Baby change in women's room, Wheelchair access, Small sharing plates, Vegetarian, Vegan, Relaxed, Good for groups, Takeaway, Healthy, Quick service, A/C",,11:00-22:00,11:00-22:00,11:00-23:00,11:00-23:00,11:00-23:00,11:00-23:00,11:00-21:00,Europe/London,,FALSE,marugame-udon-strand-london-england,https://cdn.prod.website-files.com/65c4e3041d72984c18dbb740/670f8f4cb127b9b6e35c92e1_Color%2520logo%2520with%2520background%25201%2520(2).png,,,,,"449 Strand, London WC2R 0QU, UK",51.5088752,-0.1256196,k8P7zNrAJb,"Udon kitchen with handcrafted noodles, rice, tempura and more. Kids meal for £4.95, counter service with plenty of seating available and unlimited ice cream on the menu. 8 locations around London.",https://maps.app.goo.gl/RRLe8Qc3EctXUU5T8,66e40c943f0c3f4e6164f4ae,https://thenugget.app/template/location/marugame-udon-strand-london-england
Brigit's Bakery & Afternoon Tea Bus Tours,Brigit's Bakery & Afternoon Tea Bus Tours,6-7 Chandos Place,London,England,WC2N 4HU,GB,0 20 3026 1188,,https://b-bakery.com/,1,"High chair, Baby change in women's room, Kids' menu, Wheelchair access, Small sharing plates, Fun / Quirky, Relaxed, Buzzy, Good for groups, Takeaway, Dog friendly, Friendly staff, Kids' colouring, A/C",,09:00-17:00,09:00-17:00,09:00-17:00,09:00-17:00,09:00-17:00,09:00-17:00,09:00-17:00,Europe/London,,FALSE,brigit-s-bakery-afternoon-tea-bus-tours-london-england,https://cdn.prod.website-files.com/65c4e3041d72984c18dbb740/670f8f91a29a8096c470645c_OLDAnnaLachlan%2520brigitsbakery18698s.jpeg,,,,,"6-7 Chandos Pl, London WC2N 4HU, UK",51.5100768,-0.1245529,ZJWZANya40,"A bakery full of treat, also offering delicous afternoon tea served on a double decker bus so you can sightsee too! Check website for themed buses like Peppa Pig, Paddington, Mother's Day, Father's Day, etc. 📸 Brigit's Bakery",https://maps.app.goo.gl/WTgnHsV97koR3eBC9,66e40c95b3feac1215e591f1,https://thenugget.app/template/location/brigit-s-bakery-afternoon-tea-bus-tours-london-england
The Petersham Wine Bar & Deli,The Petersham Wine Bar & Deli,31 King Street,London,England,WC2E 9DS,GB,0 20 7305 7676,,https://thepetershamwinebar.com/,1,"High chair, Baby change in women's room, Outdoor seating, Small sharing plates, Vegetarian, Vegan, Cosy, Relaxed, Good for groups, Dog friendly, Healthy, A/C",,12:00-20:30,12:00-20:30,12:00-20:30,12:00-20:30,12:00-20:30,12:00-20:30,11:30-18:00,Europe/London,,FALSE,the-petersham-wine-bar-deli-london-england,https://cdn.prod.website-files.com/65c4e3041d72984c18dbb740/670f8f91678d4dbffc8f8448_petersham%2520wine%2520and%2520deli.png,,,,,"31 King St, London WC2E 9DS, UK",51.5115618,-0.1248667,k8P7zN1LJb,"A deli counter offering seasonal quiches, sandwiches, salads, and desserts, with organic coffee and loose-leaf teas. 📸 Petersham Nurseries",https://maps.app.goo.gl/esqNWbYAbLx9W1nRA,66e40c9705089f0c0b8d052b,https://thenugget.app/template/location/the-petersham-wine-bar-deli-london-england
Pho & Bun,Pho & Bun,76 Shaftesbury Avenue,London,England,W1D 6ND,GB,20 3230 1086,,https://phoandbun.com/,1,"Baby change in women's room, Vegetarian, Vegan, Cosy, Relaxed, Good for groups, Friendly staff, Healthy, Quick service, A/C",,12:00-22:00,12:00-22:00,12:00-22:00,12:00-22:00,12:00-22:00,12:00-22:30,12:00-22:00,Europe/London,,FALSE,pho-bun-london-england,https://cdn.prod.website-files.com/65c4e3041d72984c18dbb740/670f8f9227e5e1298d3ba371_pho%2520and%2520bun.png,,,,,"76 Shaftesbury Ave, London W1D 6ND, UK",51.5119378,-0.1317572,dJEOVNrapW,Authentic Vietnamese street food including pho and bao burgers. Perfect for a pre or post show quick meal. 📸 Pho and Bun,https://maps.app.goo.gl/tqURMMnmyUvpdqjt5,66e40c98f50a796606e93206,https://thenugget.app/template/location/pho-bun-london-england
Poppies Fish & Chips,Poppies Fish & Chips,55-59 Old Compton Street,London,England,W1D 6HW,GB,0 20 7734 4845,,https://poppiesfishandchips.co.uk/poppies-soho/,1,"High chair, Baby change in women's room, Kids' menu, Wheelchair access, Small sharing plates, Vegetarian, Vegan, Fun / Quirky, Relaxed, Buzzy, Good for groups, Dog friendly, Friendly staff, Healthy, Quick service, A/C",,11:00-21:00,11:00-21:00,11:00-21:00,11:00-21:00,11:00-21:00,11:00-22:00,11:00-22:00,Europe/London,,FALSE,poppies-fish-chips-london-england,https://cdn.prod.website-files.com/65c4e3041d72984c18dbb740/670f8f939d39a6de0abe10fa_poppies%2520compton%2520st.png,,,,,"55-59 Old Compton St, London W1D 6HW, UK",51.5125657,-0.1327136,N49e6vZb4G,"Since 1952, a city favourite for fish and chips, also serving pasty, chicken, pies, and sausage.  4 locations around London. Kids menu £8.95. 📸 Poppies",https://maps.app.goo.gl/JEC1gjyzPYBkyz7C8,66e40c99906a41b0b037443d,https://thenugget.app/template/location/poppies-fish-chips-london-england
RedFarm,RedFarm,9 Russell Street,London,England,WC2B 5HZ,GB,0 20 3883 9093,,https://www.redfarmldn.com/,1,"High chair, Baby change in women's room, Wheelchair access, Small sharing plates, Vegetarian, Vegan, Relaxed, Buzzy, Good for groups, Takeaway, Dog friendly, Friendly staff, Healthy, Quick service, A/C",,"12:00-15:00,17:00-21:00","12:00-15:00,17:00-21:00",12:00-22:00,12:00-22:00,12:00-23:00,12:00-23:00,12:00-21:30,Europe/London,,FALSE,redfarm-london-england,https://cdn.prod.website-files.com/65c4e3041d72984c18dbb740/670f8f94e73e06cc0b117509_red%2520farm.png,,,,,"9 Russell St, London WC2B 5HZ, UK",51.5123604,-0.1215565,64KexNYq8g,"Modern and inventive Chinese food with dim sum, small plates with something for everyone, mocktails and cocktails, and pre and post theatre menus also available. Combine with Covent Garden, Transport Museum or a West End show.  📸 RedFarm",https://maps.app.goo.gl/kDV6u9snpTHeQEg9A,66e40c9cc9983e0760c078f3,https://thenugget.app/template/location/redfarm-london-england
The Rosendale,The Rosendale,65 Rosendale Road,London,England,SE21 8EZ,GB,0 20 8761 9008,,https://www.therosendale.co.uk/menus/kids/,1,"High chair, Baby change in women's room, Kids' menu, Wheelchair access, Outdoor seating, Playground nearby, Small sharing plates, Vegetarian, Vegan, Dairy Free, Relaxed, Buzzy, Good for groups, Takeaway, Dog friendly, Healthy, Games available, Kids' play space, A/C",,11:00-23:00,11:00-23:00,11:00-23:00,11:00-23:00,11:00-23:00,11:00-23:00,11:00-23:00,Europe/London,,FALSE,the-rosendale-london-england,https://cdn.prod.website-files.com/65c4e3041d72984c18dbb740/670f8f9572ad253f909330b7_rosendale.jpeg,,,,,"65 Rosendale Rd, Norwood, London SE21 8EZ, UK",51.4357693,-0.0940618,28OR3NDGJo,Pub with good food and outdoor gardens featuring a climbing frame for children and table tennis and boules for adults. Kids menu from £5. Check website for weekly offers. Children (and their parents) welcome until 8 pm. 📸Rosendale,https://maps.app.goo.gl/EWNVfhM3MM33UGDTA,66e40c9d61caa43f423734b5,https://thenugget.app/template/location/the-rosendale-london-england
Sweet Thursday,Sweet Thursday,95 Southgate Road,London,England,N1 3JS,GB,0 20 7226 1727,,http://www.sweetthursday.co.uk/,1,"High chair, Baby change in women's room, Kids' menu, Wheelchair access, Outdoor seating, Playground nearby, Small sharing plates, Vegetarian, Vegan, Relaxed, Buzzy, Good for groups, Takeaway, Dog friendly, Healthy, Kids' colouring, Quick service, A/C",,12:00-22:00,12:00-22:00,12:00-22:00,12:00-22:00,12:00-22:30,12:00-22:30,12:00-21:00,Europe/London,,FALSE,sweet-thursday-london-england,https://cdn.prod.website-files.com/65c4e3041d72984c18dbb740/670f8f96e3b3be77c60373c1_sweet%2520thursday.jpeg,,,,,"95 Southgate Rd, London N1 3JS, UK",51.5411390,-0.0853930,gprA3zyx8X,"Neapolitan style pizzeria with a wine shop and private events space. Also serving freshly made calzoncini, pizza sandwiches, fresh juices, and milkshakes. Kids pasta £6.5 and pizza £7. Combine with nearby Rosemary Gardens playground. 📸 Sweet Thursday",https://maps.app.goo.gl/38ppZF2de3q4B11u9,66e40c9e7f67db505894adf0,https://thenugget.app/template/location/sweet-thursday-london-england
Tapas Brindisa Soho,Tapas Brindisa Soho,46 Broadwick Street,London,England,W1F 7AE,GB,0 20 7534 1690,,https://www.brindisakitchens.com/restaurant/tapas-brindisa-soho/,1,"High chair, Baby change in women's room, Outdoor seating, Small sharing plates, Vegetarian, Vegan, Cosy, Relaxed, Good for groups, Takeaway, Dog friendly, Friendly staff, Healthy, Quick service, A/C",,12:00-00:00,12:00-00:00,12:00-00:00,12:00-00:00,12:00-00:00,12:00-00:00,12:00-23:30,Europe/London,,FALSE,tapas-brindisa-soho-london-england,https://cdn.prod.website-files.com/65c4e3041d72984c18dbb740/670f8f9793fbc6d2370d2c15_brindisa%2520soho.jpeg,,,,,"46 Broadwick St, London W1F 7AE, UK",51.5135116,-0.1365615,X8RjeNyb8A,"Spanish tapas with plenty of options for the whole family. Pre theater menu £25 including drinks, Sunday-Wednesday 4:00-5:30 pm. 📸 Tapas Brindisa",https://maps.app.goo.gl/JvhVq8Pq6gvD6RRx6,66e40c9f9527ab23b4ce38c7,https://thenugget.app/template/location/tapas-brindisa-soho-london-england
Toconoco,Toconoco,28 Hertford Road,London,England,N1 5QT,GB,0 20 7249 8394,,https://www.toconoco.com/,1,"High chair, Baby change in women's room, Wheelchair access, Outdoor seating, Playground nearby, Small sharing plates, Vegetarian, Vegan, Gluten free, Cosy, Relaxed, Good for groups, Takeaway, Dog friendly, Healthy, Kids' colouring, Games available, Kids' play space, Quick service, A/C",,10:00-17:00,10:00-17:00,10:00-17:00,10:00-17:00,10:00-17:00,10:00-17:00,10:00-17:00,Europe/London,,FALSE,toconoco-london-england,https://cdn.prod.website-files.com/65c4e3041d72984c18dbb740/670f8f9741bb758261a4454d_img_8320-fotor-202406141547.jpeg,,,,,"unit a, 28 Hertford Rd, London N1 5QT, UK",51.5383498,-0.0783027,kJ1kYxj0pq,"A truly kid-friendly cafe with a play area, serving delicious home-cooked Japanese food. Combine with Stonebridge Gardens ""The snake park"" playground or a walk on the canal nearby. ",https://maps.app.goo.gl/mau2hFDyTnJMWFpC9,66e40ca14ba74f31a8fe1c9a,https://thenugget.app/template/location/toconoco-london-england
Tonkotsu Soho,Tonkotsu Soho,63 Dean Street,London,England,W1D 4QG,GB,0 20 7437 0071,,https://tonkotsu.co.uk/menu/kids/,1,"High chair, Baby change in women's room, Kids' menu, Wheelchair access, Outdoor seating, Small sharing plates, Vegetarian, Vegan, Cosy, Relaxed, Good for groups, Takeaway, Dog friendly, Healthy, Quick service, A/C",,11:30-22:30,11:30-22:30,11:30-22:30,11:30-22:30,11:30-22:30,11:30-22:30,11:30-22:00,Europe/London,,FALSE,tonkotsu-soho-london-england,https://cdn.prod.website-files.com/65c4e3041d72984c18dbb740/66ebf8aaa1e7988c36c3338c_Tonkotsu-PWF-0671-HDRsoho.webp,,,,,"63 Dean St, London W1D 4QG, UK",51.5130957,-0.1322617,ZJWZAyvb40,"Homemade noodles for delicious ramen with broths, katsu curries, gyoza, and more. Kids menu is £7.95 for a ramen or katsu curry with a drink. 15 locations around London. 📸 Tonkotsu",https://maps.app.goo.gl/nSGfD5Zqd8mvA6jBA,66e40ca4fd2ac7be9ff80982,https://thenugget.app/template/location/tonkotsu-soho-london-england
The Wands & Wizard Exploratorium,The Wands & Wizard Exploratorium,26 Greek Street,London,England,W1D 5DE,GB,0 20 8106 6911,,http://www.wizardexploratorium.io/tea,1,"Baby change in women's room, Fun / Quirky, Relaxed, Buzzy, Good for groups, A/C",,closed,closed,11:45-23:00,11:45-23:00,11:45-00:00,11:45-00:00,12:45-23:00,Europe/London,,FALSE,the-wands-wizard-exploratorium-london-england,https://cdn.prod.website-files.com/65c4e3041d72984c18dbb740/670f8f9ade1265dbc0575030_wizard.png,,,,,"26 Greek St, London W1D 5DE, UK",51.5133688,-0.1302560,N49e6Z1n4G,A bewitching afternoon tea experience with working magic wands to brew interactive teas and enjoy fantastical treats. Check their calendar for themed teas and events. 📸 The Wands & Wizard Exploratorium,https://maps.app.goo.gl/fRqbNcGzdetJDKph9,66e40ca6bedceb1ccc0526c1,https://thenugget.app/template/location/the-wands-wizard-exploratorium-london-england
Charlie and the Chocolate Factory Afternoon Tea,Charlie and the Chocolate Factory Afternoon Tea,1 Aldwych,London,England,WC2B 4BZ,GB,0 20 7300 0300,,https://www.onealdwych.com/food-drink/charlie-the-chocolate-factory-afternoon-tea/,1,"High chair, Baby change in women's room, Kids' menu, Wheelchair access, Small sharing plates, Vegetarian, Vegan, Dairy Free, Fun / Quirky, Relaxed, Buzzy, Posh, Good for groups, Friendly staff, Healthy, A/C",,closed,closed,12:00-15:00,12:00-15:00,12:00-15:00,12:00-16:30,12:00-16:30,Europe/London,,FALSE,charlie-and-the-chocolate-factory-afternoon-tea-london-england,https://cdn.prod.website-files.com/65c4e3041d72984c18dbb740/66faa1178cde69d70757d2be_charlie%2520afternoon%2520tea.jpeg,,,,,"1 Aldwych, London WC2B 4BZ, UK",51.5117832,-0.1194172,w8VB5ye98a,"A delicious and fun experience of fizzy lifting drinks, snozzberry jam, chocolate swudge milkshake mixed by waterfall and more!Afternoon Tea £70 per person Children’s Tea (12 and under) £50 per child. 📸O ne Aldwych",https://maps.app.goo.gl/Lcw8baKyC4WQf2rB6,66e40ca79b72822a3d1edd1a,https://thenugget.app/template/location/charlie-and-the-chocolate-factory-afternoon-tea-london-england
Monmouth Coffee Company,Monmouth Coffee Company,27 Monmouth Street,London,England,WC2H 9EU,GB,0 20 7232 3010,,https://www.monmouthcoffee.co.uk/shops/,1,"Baby change in women's room, Outdoor seating, Cosy, Relaxed, Buzzy, Good for groups, Takeaway, Dog friendly, Friendly staff, Quick service, A/C",,08:00-19:00,08:00-19:00,08:00-19:00,08:00-19:00,08:00-19:00,08:00-19:00,closed,Europe/London,,FALSE,monmouth-coffee-company-london-england,https://cdn.prod.website-files.com/65c4e3041d72984c18dbb740/670f8f9bc5aa4d46dad04693_monmouth.jpeg,,,,,"27 Monmouth St, London WC2H 9EU, UK",51.5143891,-0.1268041,Z4wZYGkLpP,"Amazing coffee and pastries; card payment only;  no longer use paper cups for takeaway coffee. You can have coffee to stay in ceramic, to takeaway in your own reusable, or to takeaway in one of their reusable cups available for purchase.",https://maps.app.goo.gl/VeuH7ed5UurXQhQE6,66e40ca832f01adb4431dfaf,https://thenugget.app/template/location/monmouth-coffee-company-london-england
Udderlicious Covent Garden,Udderlicious Covent Garden,24 Earlham Street,London,England,WC2H 9LN,GB,0 20 7836 2527,,http://www.udderlicious.co.uk/,1,"Baby change in women's room, Vegetarian, Vegan, Fun / Quirky, Cosy, Relaxed, Buzzy, Good for groups, Takeaway, Healthy, Quick service, A/C",,12:00-23:00,12:00-23:00,12:00-23:00,12:00-23:00,12:00-23:00,12:00-23:00,12:00-23:00,Europe/London,,FALSE,udderlicious-covent-garden-london-england,https://cdn.prod.website-files.com/65c4e3041d72984c18dbb740/670f8f9cde1265dbc0575302_udderlicious.png,,,,,"24 Earlham St, London WC2H 9LN, UK",51.5136044,-0.1274120,N4Q6RymoJO,Udderlicious ice cream and ice cream cakes (2 day pre-order). Other locations in Islington and Crouch End. 📸 Udderlicious,https://maps.app.goo.gl/nQtCea6oSWVSEaS1A,66e40ca93322a38c351a9cd6,https://thenugget.app/template/location/udderlicious-covent-garden-london-england
La Gelatiera - Covent Garden,La Gelatiera - Covent Garden,27 New Row,London,England,WC2N 4LA,GB,0 20 7836 9559,,http://www.lagelatiera.co.uk/index.html,1,"Baby change in women's room, Outdoor seating, Fun / Quirky, Cosy, Relaxed, Good for groups, Dog friendly, Friendly staff, Quick service, A/C",,13:00-22:30,13:00-22:30,13:00-22:30,13:00-22:30,13:00-23:30,12:00-23:30,12:00-22:30,Europe/London,,FALSE,la-gelatiera-covent-garden-london-england,https://cdn.prod.website-files.com/65c4e3041d72984c18dbb740/670f8f9d9bf75b70961a181f_La%2520Gelatiera%2520-%2520Covent%2520Garden.png,,,,,"27 New Row, London WC2N 4LA, UK",51.5111360,-0.1267820,ZpoVOyal8D,"Delicious gelato, hot chocolate, and coffee.",https://maps.app.goo.gl/c9EPCdGaJcCQdXK47,66e40caaf5ad5d18e8bc5cbf,https://thenugget.app/template/location/la-gelatiera-covent-garden-london-england
Gelatorino,Gelatorino,2 Russell Street,London,England,WC2B 5JD,GB,0 20 7240 0746,,https://gelatorino.com/covent-garden-london,1,"Baby change in women's room, Outdoor seating, Vegetarian, Vegan, Dairy Free, Gluten free, Fun / Quirky, Cosy, Relaxed, Buzzy, Good for groups, Takeaway, Dog friendly, Friendly staff, Healthy, Quick service, A/C",,09:00-20:00,09:00-20:00,09:00-20:00,09:00-20:00,09:00-20:00,09:00-20:00,10:00-20:00,Europe/London,,FALSE,gelatorino-london-england,https://cdn.prod.website-files.com/65c4e3041d72984c18dbb740/670f8f9d3697913c5b48f93d_Gelatorino-Covent%2BGarden-2.jpeg,,,,,"2 Russell St, London WC2B 5JD, UK",51.5126805,-0.1208744,64KexYaY8g,"Italian gelato, coffee, cake, pastries, and more. Another location in Richmond. 📸 Gelatorino",https://maps.app.goo.gl/LvXwyvhgNN8Zm4cV7,66e40cabf5ad5d18e8bc5d1e,https://thenugget.app/template/location/gelatorino-london-england
Ruby Violet,Ruby Violet,3 Wharf Road,London,England,N1C 4BZ,GB,0 1908 109018,,https://rubyviolet.co.uk/pages/kings-cross-parlour,1,"Baby change in women's room, Wheelchair access, Outdoor seating, Cosy, Relaxed, Dog friendly, Friendly staff, Quick service, A/C",,11:30-21:00,11:30-21:00,11:30-21:00,11:30-21:00,11:30-22:00,11:30-22:00,11:30-21:00,Europe/London,,FALSE,ruby-violet-london-england,https://cdn.prod.website-files.com/65c4e3041d72984c18dbb740/670f8f9e27e5e1298d3bb16a_Screenshot%25202024-07-11%2520033401.png,,,,,"Midland Goods Shed, 3 Wharf Rd, London N1C 4BZ, UK",51.5357509,-0.1233409,28OR3DxxJo,"Natural ice cream, vegan sorbets, artisan coffee, and signature cocktails. Try the Ice Cream Afternoon Tea experience and one of the best hot chocolates in London! Pre-order cakes. 📸 Ruby Violet ",https://maps.app.goo.gl/D1TBbR9fNNBaGiMw5,66e40cacb3feac1215e5ad77,https://thenugget.app/template/location/ruby-violet-london-england
Searcys at The Gherkin,Searcys at The Gherkin,30 Saint Mary Axe,London,England,EC3A 8BF,GB,0 330 107 0816,,http://searcysatthegherkin.co.uk/,1,"Baby change in women's room, Wheelchair access, Small sharing plates, Vegetarian, Vegan, Relaxed, Posh, Good for groups, Healthy, Quick service, A/C",,closed,12:30-21:00,12:30-21:00,12:30-21:30,12:30-21:30,12:30-21:30,closed,Europe/London,,FALSE,searcys-at-the-gherkin-london-england,https://cdn.prod.website-files.com/65c4e3041d72984c18dbb740/670f8f9f5ddbb5a45cf96ecb_searcys%2520Ultimate-Provence-Afternoon-Tea_.png,,,,,"The Gherkin, 30 St Mary Axe, London EC3A 8BF, UK",51.5145513,-0.0803523,PJmQKyVOJl,A special day out for the whole family with sky-high Afternoon Tea and contemporary dining in The Gerkin building. 📸 Searcys,https://maps.app.goo.gl/Ypbticht9mVixW3t6,66e40cad3e97f18c2575c99c,https://thenugget.app/template/location/searcys-at-the-gherkin-london-england
CuppaPug,CuppaPug,Arbutus Street,London,England,E8 4DT,GB,0 7463 567890,,https://www.cuppapug.com/,1,"Baby change in women's room, Wheelchair access, Fun / Quirky, Cosy, Relaxed, Good for groups, Takeaway, Dog friendly, Friendly staff, A/C",,closed,closed,closed,11:00-19:00,11:00-19:00,11:00-19:00,11:00-18:00,Europe/London,,FALSE,cuppapug-london-england,https://cdn.prod.website-files.com/65c4e3041d72984c18dbb740/670f8fa027e5e1298d3bb338_cuppapug.png,,,,,"5, Ability Plaza, Arbutus St, London E8 4DT, UK",51.5389770,-0.0760048,gprA3yKE8X,"Bring your own pug! Anyone can enjoy pug themed coffee, cakes, and cocktails. 1 hour booking £15 per person. Children under 5 go free. 📸 CuppaPug",https://maps.app.goo.gl/VGwK5u5KsSuZAoGw9,66e40caea875d76188ced78a,https://thenugget.app/template/location/cuppapug-london-england
Verve London Pet Boutique & Cafe,Verve London Pet Boutique & Cafe,179 Westbourne Grove,London,England,W11 2SB,GB,0 20 7229 1348,,https://verve-london.com/pages/cafe-menu,0,"Baby change in women's room, Outdoor seating, Vegetarian, Vegan, Fun / Quirky, Cosy, Relaxed, Good for groups, Dog friendly, Friendly staff, Healthy, Games available, Quick service, A/C",,10:00-18:00,10:00-18:00,10:00-18:00,10:00-21:00,10:00-21:00,10:00-21:00,10:00-20:00,Europe/London,,FALSE,verve-london-pet-boutique-cafe-london-england,https://cdn.prod.website-files.com/65c4e3041d72984c18dbb740/670f8f4cb127b9b6e35c92e1_Color%2520logo%2520with%2520background%25201%2520(2).png,,,,,"179 Westbourne Grove, London W11 2SB, UK",51.5145607,-0.1979192,DJ365GvR4m,"Since 1984, pet cafe bar, boutiqe, grooming parlour and hotel. Full menu with hot food, salad, sandwiches, sweets, cakes, coffee and alcholic beverages.",https://maps.app.goo.gl/GBSxqwdZE2HMy8u59,66e40cafe9d6ea4ba7791d97,https://thenugget.app/template/location/verve-london-pet-boutique-cafe-london-england
Paws For Coffee,Paws For Coffee,41 High Street,Hampton,England,TW12 1NB,GB,0 20 8979 8010,,http://www.pawsforcoffee.co.uk/,1,"Baby change in women's room, Wheelchair access, Outdoor seating, Vegetarian, Vegan, Gluten free, Fun / Quirky, Cosy, Relaxed, Good for groups, Takeaway, Dog friendly, Friendly staff, Healthy, A/C",,08:30-15:30,08:30-15:30,08:30-15:30,08:30-15:30,08:30-15:30,08:30-15:30,09:00-15:30,Europe/London,,FALSE,paws-for-coffee-hampton-england,https://cdn.prod.website-files.com/65c4e3041d72984c18dbb740/670f8fa1438791db5c8f416d_paws%2520for%2520coffee.jpeg,,,,,"41 High St, Hampton Hill, Hampton TW12 1NB, UK",51.4240814,-0.3583691,yJznAPeRJ6,A menu for humans and a menu for dogs! Combine with a walk in the park to the nearby Upper Lodge Water Gardens. 📸 Paws for Coffee,https://maps.app.goo.gl/9bctCnubqc6te4Tz8,66e40cb04ba74f31a8fe2e9c,https://thenugget.app/template/location/paws-for-coffee-hampton-england
Love my Human Townhouse,Love my Human Townhouse,330 King's Road,London,England,SW3 5UR,GB,0 20 7293 0833,,https://lovemyhuman.co.uk/pages/cafe,1,"High chair, Baby change in women's room, Kids' menu, Wheelchair access, Outdoor seating, Small sharing plates, Vegetarian, Vegan, Fun / Quirky, Cosy, Relaxed, Good for groups, Dog friendly, Friendly staff, Healthy, Quick service, A/C",,09:00-18:00,09:00-18:00,09:00-18:00,09:00-18:00,09:00-18:00,09:00-18:00,10:00-17:00,Europe/London,,FALSE,love-my-human-townhouse-london-england,https://cdn.prod.website-files.com/65c4e3041d72984c18dbb740/670f8fa2438791db5c8f4192_LMH_TOWNHOUSE_Birthday_76786f1b-d31b-4ad1-8fb8-0f79e447c160.jpeg,,,,,"330 King's Rd, London SW3 5UR, UK",51.4854281,-0.1742510,X8Rjeyr68A,"A chic dog friendly cafe, daycare, and wellness centre for dogs. Serving all day breakfast with favorites like a Full English Breakfast and Brioche French Toast, as well as lunch favorites like jacket potatoes, bagels, sandwiches and more. Kids meals start at £7.50. 📸 Love my Human Townhouse",https://maps.app.goo.gl/n8czByxVgDaogYxa8,66e40cb14ba74f31a8fe3073,https://thenugget.app/template/location/love-my-human-townhouse-london-england
Pawsitive Cafe,Pawsitive Cafe,52 Westbourne Grove,London,England,W2 5SH,GB,,,https://pawsitivecafe.com/,1,"Baby change in women's room, Vegetarian, Vegan, Fun / Quirky, Cosy, Relaxed, Good for groups, Dog friendly, Friendly staff, Healthy, Quick service, A/C",,closed,09:30-18:30,09:30-18:30,09:30-18:30,09:30-18:30,09:30-18:30,09:30-18:30,Europe/London,,FALSE,pawsitive-cafe-london-england,https://cdn.prod.website-files.com/65c4e3041d72984c18dbb740/670f8fa2b95477c063f837e8_PASWSITIVE_INT_17.jpeg,,,,,"52 Westbourne Grove, London W2 5SH, UK",51.5154855,-0.1916844,68MKmo1149,"Dog cafe good for humans and their dogs, combining their passion for mental health and animals. Bring your own dog or meet the other furry guests. Restaurant is not wheelchair accessible but has a wheelchair-accessible toilet.",https://maps.app.goo.gl/BQcEcZfEMfpRUxbu9,66e40cb3b3feac1215e5b80c,https://thenugget.app/template/location/pawsitive-cafe-london-england
Big City Dog,Big City Dog,212 Kensington High Street,London,England,W8 6SA,GB,0 20 7998 4434,,https://bigcitydog.co.uk/dog-caf%C3%A9-pup-love,1,"Baby change in women's room, Outdoor seating, Fun / Quirky, Relaxed, Good for groups, Dog friendly, Friendly staff, Quick service, A/C",,09:00-18:00,09:00-18:00,09:00-18:00,09:00-18:00,09:00-18:00,10:00-18:00,09:00-18:00,Europe/London,,FALSE,big-city-dog-london-england,https://cdn.prod.website-files.com/65c4e3041d72984c18dbb740/66ebf8bc7b2cfbf08821674c_big%2520city%2520dog.webp,,,,,"212 Kensington High St, London W8 6SA, UK",51.4994548,-0.1979470,k8P7zOxKJb,"Dog shop and cafe that serves cold and hot drinks, pastries, with pupuccinos and biscuits for dogs. Standard booking is £15 for 45 minutes. Free for kids under 3 years old. 📸 Big City Dog",https://maps.app.goo.gl/fia6YPZWafZhjc7d8,66e40cb4b72f9ee32d93bbb8,https://thenugget.app/template/location/big-city-dog-london-england
King's Dog Daycare,King's Dog Daycare,173 Fulham Road,London,England,SW3 6JW,GB,0 7354 005692,,https://www.kings.london/,1,"Baby change in women's room, Outdoor seating, Tourist attraction nearby, Fun / Quirky, Relaxed, Good for groups, Dog friendly, Friendly staff, Quick service, A/C",,07:00-17:00,07:00-17:00,07:00-17:00,07:00-17:00,07:00-17:00,closed,closed,Europe/London,,FALSE,king-s-dog-daycare-london-england,https://cdn.prod.website-files.com/65c4e3041d72984c18dbb740/66faa126e82715654c74ce55_kings%2520dog%2520care.png,,,,,"173 Fulham Rd., London SW3 6JW, UK",51.4916826,-0.1718239,MJbZPjKQJX,Doggy day care with a cafe! Less than a 10 minute walk to the Natural History Musuem and the V&A Musuem. 📸 King's Dog Daycare,https://maps.app.goo.gl/JD4kzp6n3fhhhZGA6,66e40cb5263f4387aa7db7df,https://thenugget.app/template/location/king-s-dog-daycare-london-england
Hard Rock Cafe Piccadilly Circus,Hard Rock Cafe Piccadilly Circus,undefined,London,England,W1J 9HR,GB,0 20 7287 4600,,https://cafe.hardrock.com/piccadilly-circus/#utm_source=Google&utm_medium=Yext&utm_campaign=Listings,1,"High chair, Baby change in unisex room, Kids' menu, Wheelchair access, Vegetarian, Vegan, Fun / Quirky, Relaxed, Buzzy, Good for groups, Friendly staff, Healthy, Quick service, A/C",,09:00-22:00,11:30-22:00,11:30-22:00,11:30-22:00,09:00-00:00,09:00-00:00,09:00-22:00,Europe/London,,FALSE,hard-rock-cafe-london-piccadilly-circus-london-england,https://cdn.prod.website-files.com/65c4e3041d72984c18dbb740/670f8fa59d18ec19db7e4fc9_Hard%2520Rock%2520Cafe%2520Piccadilly%2520-%2520Bar%2520Area%25201.jpeg,,,,,"225-229 Piccadilly Criterion, Building, St. James's, London W1J 9HR, UK",51.5099503,-0.1337223,dJEOVkROpW,Hard Rocks flagship property. Iconic restaurant serving Americana food with live music and the world’s largest Rock Shop at Hard Rock Cafe Piccadilly Circus! Walk ins only. 📸 Hard Rock,https://maps.app.goo.gl/xAgCEEWwkMGR3gpd7,66e40cb9e2dee69247aba4be,https://thenugget.app/template/location/hard-rock-cafe-london-piccadilly-circus-london-england
Santo Remedio - Cocina Mexicana London Bridge,Santo Remedio - Cocina Mexicana London Bridge,152 Tooley Street,London,England,SE1 2TU,GB,0 20 7403 3021,,https://www.santoremedio.co.uk/londonbridge,1,"High chair, Baby change in women's room, Wheelchair access, Outdoor seating, Small sharing plates, Vegetarian, Vegan, Cosy, Relaxed, Good for groups, Takeaway, Dog friendly, Friendly staff, Healthy, A/C",,17:00-22:30,17:00-22:30,12:00-22:30,12:00-23:00,12:00-23:00,12:00-23:00,12:00-21:00,Europe/London,,FALSE,santo-remedio-cocina-mexicana-london-england,https://cdn.prod.website-files.com/65c4e3041d72984c18dbb740/670f8fa62caa58ab19548a7b_santo%2520remedio%2520london%2520bridge.png,,,,,"152 Tooley St, London SE1 2TU, UK",51.5036308,-0.0809753,ZJWZAvPY40,"Mexican restaurant with tostados, tacos, specialties, and a weekend bottomless brunch. Pre-theatre menu available Monday - Saturday 5.00pm - 6.30pm. Bottomless brunch on Saturdays & Sundays from 12-4 pm. Other locations in Marylebone andShoreditch. 📸 Santo Remedio",https://maps.app.goo.gl/yTpuXxuuW8LPutvS9,66e40cbe991e1a63765e8777,https://thenugget.app/template/location/santo-remedio-cocina-mexicana-london-england
El Pastor,El Pastor,7A Stoney Street,London,England,SE1 9AA,GB,0 20 7440 1450,,https://www.tacoselpastor.co.uk/,1,"High chair, Baby change in women's room, Wheelchair access, Outdoor seating, Small sharing plates, Vegetarian, Vegan, Cosy, Relaxed, Good for groups, Dog friendly, Friendly staff, Healthy, Quick service, A/C",,"12:00-15:00,17:00-23:00","12:00-15:00,17:00-23:00","12:00-15:00,17:00-23:00","12:00-15:00,17:00-23:00","12:00-15:00,17:00-23:00","12:00-16:00,18:00-23:00","12:00-15:00,17:00-22:00",Europe/London,,FALSE,el-pastor-london-england,https://cdn.prod.website-files.com/65c4e3041d72984c18dbb740/670f8fa8c5aa4d46dad05381_tacos%2520el%2520pastor.png,,,,,"7A Stoney St, London SE1 9AA, UK",51.5052687,-0.0911635,N49e61Nd4G,"The orginial location, serving tacos al pastor & other Mexican–inspired food & drinks served in buzzy, colourful restaurant. Cash not accepted. 4 locations around London. 📸 Tacos El Pastor",https://maps.app.goo.gl/42qcwWZvSj1UHdMG9,66e40cc03e97f18c2575e3f8,https://thenugget.app/template/location/el-pastor-london-england
Masala Zone Covent Garden,Masala Zone Covent Garden,48 Floral Street,London,England,WC2E 9DA,GB,0 20 7379 0101,,https://www.masalazone.com/menus/covent-garden/kids-menu/,1,"High chair, Baby change in women's room, Kids' menu, Wheelchair access, Small sharing plates, Vegetarian, Vegan, Fun / Quirky, Cosy, Relaxed, Posh, Good for groups, Takeaway, Friendly staff, Healthy, A/C",,12:00-22:00,12:15-22:00,12:00-22:00,12:00-22:30,12:30-23:00,12:30-23:00,12:30-22:00,Europe/London,,FALSE,masala-zone-covent-garden-london-england,https://cdn.prod.website-files.com/65c4e3041d72984c18dbb740/670f8fa8a7b3cf98b6f5a5bd_masala%2520zone.jpeg,,,,,"48 Floral St, London WC2E 9DA, UK",51.5133413,-0.1228638,w8VB5eEd8a,Indian food with a buzzy vibe. Kids menu from £8.35 for kids under 7. Cash not accepted. 4 locations around London. 📸 Masala Zone,https://maps.app.goo.gl/bs6MppTT8rysDWDJ6,66e40cc14bbe52ae3ba48456,https://thenugget.app/template/location/masala-zone-covent-garden-london-england
Benihana Covent Garden,Benihana Covent Garden,31 Maiden Lane,London,England,WC2E 7JS,GB,0 20 7494 2525,,https://www.benihanainternational.com/site/media/Kids_Menu_jul_24.pdf,1,"High chair, Baby change in women's room, Kids' menu, Wheelchair access, Small sharing plates, Vegetarian, Vegan, Fun / Quirky, Relaxed, Buzzy, Good for groups, Dog friendly, Friendly staff, Healthy, Quick service, A/C",,"12:00-15:00,17:00-22:00","12:00-15:00,17:00-22:00","12:00-15:00,17:00-22:00","12:00-15:00,17:00-22:00","12:00-15:00,17:00-22:00","12:00-15:00,17:00-22:00","12:00-15:00,17:00-22:00",Europe/London,,FALSE,benihana-covent-garden-london-england,https://cdn.prod.website-files.com/65c4e3041d72984c18dbb740/670f8faa091321a63ede3ed1_benihana.png,,,,,"31 Maiden Ln, London WC2E 7JS, UK",51.5106970,-0.1233850,gpaAM6YOpZ,International Japanese Teppanyaki with a fun experience for the whole family. Kids meals from £13.75 and up. Cash not accepted. Reservations recommended. 📸 Benihana,https://maps.app.goo.gl/PCtPen4YHScgL62f7,66e40cc332f01adb4431ffcc,https://thenugget.app/template/location/benihana-covent-garden-london-england
Golden Dragon (Chinatown),Golden Dragon (Chinatown),28-29 Gerrard Street,London,England,W1D 6JW,GB,0 20 7734 1073,,http://www.gdlondon.co.uk/,1,"High chair, Baby change in women's room, Wheelchair access, Small sharing plates, Vegetarian, Vegan, Relaxed, Buzzy, Good for groups, Takeaway, Friendly staff, Healthy, Quick service, A/C",,12:00-23:00,12:00-23:00,12:00-22:30,12:00-23:00,12:00-23:00,11:00-22:30,11:00-22:30,Europe/London,,FALSE,golden-dragon-chinatown-london-england,https://cdn.prod.website-files.com/65c4e3041d72984c18dbb740/670f8fabf2a2c4bea4ccac0c_golden%2520dragon.jpeg,,,,,"28-29 Gerrard St, London W1D 6JW, UK",51.5114322,-0.1316320,B4LeOQXZJe,Authentic Chinese food including traditional Dim Sum and Cantonese dishes. Great for a pre or post theatre meal. Cash not accepted. 📸 Golden Dragon,https://maps.app.goo.gl/ZQpsqPoFsZcjxfjk8,66e40cc479566cf6680a8aaf,https://thenugget.app/template/location/golden-dragon-chinatown-london-england
Sticky Mango Tower Bridge,Sticky Mango Tower Bridge,36c Shad Thames,London,England,SE1 2YE,GB,0 20 7928 4554,,https://static1.squarespace.com/static/638f488a30bb255b0c725a03/t/65fc5bd90b55d55a58c1543a/1711037404361/Sticky+Mango+Children%27s+Menu.pdf,1,"High chair, Baby change in women's room, Kids' menu, Wheelchair access, Outdoor seating, Small sharing plates, Vegetarian, Vegan, Buzzy, Posh, Good for groups, Dog friendly, Friendly staff, Healthy, A/C",,17:00-22:30,"12:00-14:30,17:00-22:30","12:00-14:30,17:00-22:30","12:00-14:30,17:00-22:30","12:00-14:30,17:00-23:00",12:00-22:30,12:00-21:00,Europe/London,,FALSE,sticky-mango-tower-bridge-london-england,https://cdn.prod.website-files.com/65c4e3041d72984c18dbb740/670f8fac72ad253f909347bc_sticky%2520mango.png,,,,,"36c Shad Thames, London SE1 2YE, UK",51.5034669,-0.0731303,k8P7zOB2Jb,Pan-Asian menu with a £15 children's bento box. Cash not accepted. Another location at Waterloo. 📸 Sticky Mango,https://maps.app.goo.gl/N94qq4CWzisHXAzR6,66e40cc9c4c832bf39ffbbfe,https://thenugget.app/template/location/sticky-mango-tower-bridge-london-england
Flesh & Buns Covent Garden,Flesh & Buns Covent Garden,41 Earlham Street,London,England,WC2H 9LX,GB,0 20 3019 3492,,https://www.fleshandbuns.com/restaurants/covent-garden/,1,"High chair, Small sharing plates, Vegetarian, Vegan, Cosy, Relaxed, Good for groups, Dog friendly, Friendly staff, Healthy, Quick service, A/C",,12:00-22:00,12:00-22:00,12:00-23:00,12:00-23:00,12:00-23:00,12:00-23:00,12:00-21:00,Europe/London,,FALSE,flesh-buns-covent-garden-london-england,https://cdn.prod.website-files.com/65c4e3041d72984c18dbb740/670f8facfd4d5b193e66302f_flesh%2520and%2520buns%2520CG.jpeg,,,,,"41 Earlham St, London WC2H 9LX, UK",51.5140027,-0.1256805,MJbZPjQXJX,"Japanese Izakaya restaurant with small and large plates and sushi. Located in a basement, only accessible by a staircase. If a high chair is needed, request in the booking. Cash not accepted. Another location at Oxford Circus. 📸 Flesh and Buns",https://maps.app.goo.gl/LgeuCfKtyB8Qs85D7,66e40cca4bbe52ae3ba48d01,https://thenugget.app/template/location/flesh-buns-covent-garden-london-england
Ippudo Goodge Street,Ippudo Goodge Street,40 Goodge Street,London,England,W1T 2QP,GB,0 20 3422 3940,,https://stores.ippudo.com/en_gb/UK004,1,"Baby change in women's room, Wheelchair access, Outdoor seating, Small sharing plates, Vegetarian, Vegan, Cosy, Relaxed, Good for groups, Takeaway, Dog friendly, Friendly staff, Healthy, Quick service, A/C",,12:00-20:30,12:00-20:30,12:00-20:30,12:00-20:30,12:00-21:30,12:00-21:30,12:00-20:00,Europe/London,,FALSE,ippudo-goodge-street-london-england,https://cdn.prod.website-files.com/65c4e3041d72984c18dbb740/66ebf8c825a739f8d70c8031_ippudo%2520goodge%2520street.webp,,,,,"40 Goodge St, London W1T 2QP, UK",51.5196062,-0.1354555,wpZng5K2pA,"Delicious ramen, buns, curry, donburi and appetisers with a menu sure to please the kids too; 4 locations in London. Cash not accepted. 📸 Ippudo",https://maps.app.goo.gl/tNA63VJthCb7Q3R98,66e40ccca875d76188ceff66,https://thenugget.app/template/location/ippudo-goodge-street-london-england
The Lord Tredegar,The Lord Tredegar,50 Lichfield Road,London,England,E3 5AL,GB,020 8983 0130,,http://www.thelordtredegar.co.uk/,1,"High chair, Baby change in women's room, Outdoor seating, Playground nearby, Small sharing plates, Vegetarian, Vegan, Dairy Free, Gluten free, Cosy, Relaxed, Buzzy, Good for groups, Friendly staff, Healthy",,15:00-22:00,15:00-22:00,15:00-22:00,15:00-22:00,15:00-22:00,12:00-22:00,12:00-20:00,Europe/London,,FALSE,the-lord-tredegar-london-england,https://cdn.prod.website-files.com/65c4e3041d72984c18dbb740/66faa133097d22d846ec5f6a_IMG_8350%25202.jpeg,,,,,"50 Lichfield Rd, London E3 5AL, UK",51.5283429,-0.0334869,y8GDax2rpr,"Cosy pub with British mains, burgers, and small plates, perfect for multi-generational celebrations. Delicious Sunday Roast. Cosy front pub area that opens to extended naturally lit back room and a large beer garden.",https://g.co/kgs/tZWnTfd,66e40ccce3c54c66a4bb80d0,https://thenugget.app/template/location/the-lord-tredegar-london-england
Sartori - Italian Restaurant & Pizzeria,Sartori - Italian Restaurant & Pizzeria,15 Great Newport Street,London,England,WC2H 7JE,GB,0 20 7836 6308,,https://www.sartorirestaurant.com/,1,"High chair, Baby change in women's room, Small sharing plates, Vegetarian, Vegan, Cosy, Relaxed, Good for groups, Takeaway, Friendly staff, Healthy, Quick service, A/C",,12:00-22:00,12:00-22:00,12:00-22:00,12:00-22:00,12:00-23:00,12:00-23:00,12:00-23:00,Europe/London,,FALSE,sartori-italian-restaurant-pizzeria-london-england,https://cdn.prod.website-files.com/65c4e3041d72984c18dbb740/670f8fae2caa58ab195493a6_Screenshot%25202024-09-16%2520at%252010.06.08%25E2%2580%25AFPM.png,,,,,"15 Great Newport St, London WC2H 7JE, UK",51.5118006,-0.1280284,ZJWZlbja40,"Neapolitan wood-fired pizza and Southern Italian cuisine including pasta, meat, and fish. 📸 Sartori",https://maps.app.goo.gl/kChvkEi3igcf8Kti6,66e40cceea819c6c8ff0efbf,https://thenugget.app/template/location/sartori-italian-restaurant-pizzeria-london-england
Tavolino Bar & Kitchen,Tavolino Bar & Kitchen,2 More London Place,London,England,SE1 2RR,GB,0 20 8194 1037,,https://www.tavolino.co.uk/wp-content/uploads/2023/01/Tavolino-kids-menu-Jan-2023-WEB.pdf,1,"High chair, Baby change in women's room, Kids' menu, Wheelchair access, Outdoor seating, Small sharing plates, Vegetarian, Vegan, Relaxed, Buzzy, Good for groups, Dog friendly, Friendly staff, Healthy, Quick service, A/C",,12:00-22:00,12:00-22:00,12:00-22:00,12:00-22:30,12:00-22:30,12:00-22:30,12:00-22:00,Europe/London,,FALSE,tavolino-bar-kitchen-london-england,https://cdn.prod.website-files.com/65c4e3041d72984c18dbb740/66ebf8ca97e01ddef0040c31_tavolino.webp,,,,,"2 More London Pl, London SE1 2RR, UK",51.5054128,-0.0801616,w8VBgP7B8a,"Italian restaurant split across two floors with an outdoor terrace and panoramic views of Tower Bridge. 2 course kids meal for £8.50, including pasta or pizza and soft serve ice cream. 📸 Tavolino",https://maps.app.goo.gl/2LCzRDkwmYqEzbTw6,66e40ccfb3feac1215e5e06f,https://thenugget.app/template/location/tavolino-bar-kitchen-london-england
Padella Borough Market,Padella Borough Market,6 Southwark Street,London,England,SE1 1TQ,GB,,,http://padella.co/,1,"High chair, Baby change in women's room, Wheelchair access, Outdoor seating, Small sharing plates, Cosy, Relaxed, Good for groups, Dog friendly, Friendly staff, Quick service, A/C",,11:30-22:30,11:30-22:30,11:30-22:30,11:30-22:30,11:30-22:30,11:30-22:30,11:30-21:30,Europe/London,,FALSE,padella-london-england,https://cdn.prod.website-files.com/65c4e3041d72984c18dbb740/670f8fb10c2cea7c0165aa4b_padella%2520borough.png,,,,,"6 Southwark St, London SE1 1TQ, UK",51.5051655,-0.0899202,LJykDEylpl,"Delicious pastas, great for sharing. Join the queue in person and via the Dojo app. Combine with a day out at Borough Market. Additional location in Shoreditch. 📸 Padella",https://maps.app.goo.gl/RtD3m5z1yvXwkVG9A,66e40cd0b72f9ee32d93e1e7,https://thenugget.app/template/location/padella-london-england
Pizza East,Pizza East,56 Shoreditch High Street,London,England,E1 6JJ,GB,0 20 7349 9650,,https://www.pizzaeast.com/system/files/032024/65e845531cb7110f93000016/original/Kids_Menu_-_Pizza_East_-_April_25_160425.pdf?1745566318,1,"High chair, Baby change in women's room, Kids' menu, Wheelchair access, Small sharing plates, Vegetarian, Vegan, Halal, Relaxed, Buzzy, Good for groups, Free kids meal, Takeaway, Teen favourite, Friendly staff, Healthy, Kids' colouring, Quick service, A/C",,11:30-22:00,11:30-22:00,11:30-22:00,11:30-00:00,11:30-00:00,11:30-00:00,11:30-21:00,Europe/London,,FALSE,pizza-east-london-england,https://cdn.prod.website-files.com/65c4e3041d72984c18dbb740/680b6b3932371797a29d5b2c_pizza%2520east%2520shoreditch.png,,,,,"56 Shoreditch High St, London E1 6JJ, UK",51.5237972,-0.0767994,5J0W0O564B,"Buzzy Italian with pizzas, mains, and snacks. Kids menu is £10. Great for groups and family gatherings. Another location at Stratford. Combine with Brick Lane and Spitalfield Markets. 📸 Pizza East",https://maps.app.goo.gl/gok2LvLXNiB1D6qN9,66e40cd1930c3e53e89ecacf,https://thenugget.app/template/location/pizza-east-london-england
Gourmet Pizza Co,Gourmet Pizza Co,56 Upper Ground,London,England,SE1 9PP,GB,0 20 7928 3188,,http://www.gourmetpizzacompany.co.uk/,1,"High chair, Baby change in women's room, Kids' menu, Wheelchair access, Outdoor seating, Tourist attraction nearby, Small sharing plates, Vegetarian, Vegan, Cosy, Relaxed, Good for groups, Takeaway, Dog friendly, Friendly staff, Healthy, Quick service, A/C",,11:30-22:00,11:30-22:00,11:30-22:30,11:30-22:30,11:30-23:00,11:30-23:00,11:30-22:00,Europe/London,,FALSE,gourmet-pizza-co-london-england,https://cdn.prod.website-files.com/65c4e3041d72984c18dbb740/670f8fb355a7b4a334d003c2_gourmet%2520pizza%2520co.jpeg,,,,,"56 Upper Ground, London SE1 9PP, UK",51.5081110,-0.1100800,DJkEK3zQpO,"Italian favourites like pizza, pasta, and salads on the South Bank with views of the Thames River. Kids meal is £7.95, including 3 courses. 📸 Gourmet Pizza Company",https://maps.app.goo.gl/7zeV5FT1ijGt8fGn8,66e40cd26b37bbeb6dd7d769,https://thenugget.app/template/location/gourmet-pizza-co-london-england
Holborn Dining Room,Holborn Dining Room,252 High Holborn,London,England,WC1V 7EN,GB,0 20 3747 8633,,https://www.rosewoodhotels.com/en/london/dining/holborn-dining-room,1,"High chair, Baby change in women's room, Wheelchair access, Outdoor seating, Vegetarian, Vegan, Buzzy, Posh, Good for groups, Dog friendly, Friendly staff, Healthy, A/C",,07:00-22:00,07:00-22:00,07:00-22:00,07:00-22:00,07:00-22:00,07:00-22:00,07:00-22:00,Europe/London,,FALSE,holborn-dining-room-london-england,https://cdn.prod.website-files.com/65c4e3041d72984c18dbb740/670f8fb41283fc8dea844223_holborn%2520dining%2520room.png,,,,,"252 High Holborn, London WC1V 7EN, UK",51.5176487,-0.1179150,287ydvjA4A,"A beautiful brasserie serving British favourites for breakfast, lunch, and dinner such as pies, seafood, other mains and Sunday roast. 📸 Holborn Dining Room",https://maps.app.goo.gl/FUrgju5Bp9qU1zGQ6,66e40cd4c97ec7f6bf464f66,https://thenugget.app/template/location/holborn-dining-room-london-england
Five Guys Piccadilly Circus,Five Guys Piccadilly Circus,2 Coventry Street,London,England,W1D 7DH,GB,0 20 7734 6892,,https://restaurants.fiveguys.co.uk/greater-london/unit-1/2-coventry-st?y_source=1_MTI0MzE1MTAtNzE1LWxvY2F0aW9uLndlYnNpdGU%3D,0,"High chair, Baby change in women's room, Wheelchair access, Outdoor seating, Vegetarian, Vegan, Cosy, Relaxed, Good for groups, Takeaway, Dog friendly, Friendly staff, Healthy, Quick service, A/C",,11:00-23:30,11:00-23:30,11:00-23:30,11:00-23:30,11:00-00:00,11:00-00:00,11:00-22:30,Europe/London,,FALSE,five-guys-piccadilly-circus-london-england,https://cdn.prod.website-files.com/65c4e3041d72984c18dbb740/670f8f4cb127b9b6e35c92e1_Color%2520logo%2520with%2520background%25201%2520(2).png,,,,,"Unit 1, 2 Coventry St, London W1D 7DH, UK",51.5102920,-0.1334020,0pjYorz686,"Fast-food chain with made-to-order burgers, fries & hot dogs.",https://maps.app.goo.gl/egAB945KRxpE1RYg8,66e40cd74ba74f31a8fe579f,https://thenugget.app/template/location/five-guys-piccadilly-circus-london-england
Granger & Co. Marylebone,Granger & Co. Marylebone,105 Marylebone High Street,London,England,W1U 4RS,GB,0 20 8079 7120,,https://grangerandco.com/marylebone,1,"High chair, Baby change in women's room, Wheelchair access, Outdoor seating, Small sharing plates, Vegetarian, Vegan, Cosy, Relaxed, Good for groups, Takeaway, Dog friendly, Friendly staff, Healthy, Quick service, A/C",,07:00-23:30,07:00-23:30,07:00-23:30,07:00-23:30,07:00-23:30,07:00-23:30,07:00-22:30,Europe/London,,FALSE,granger-co-marylebone-london-england,https://cdn.prod.website-files.com/65c4e3041d72984c18dbb740/670f8fb5a329d3c89c6d0676_WhatsApp%2520Image%25202024-07-12%2520at%252005.07.56_493365b6.jpeg,,,,,"105 Marylebone High St, London W1U 4RS, UK",51.5191151,-0.1518381,Q8dwWQzlJr,"Australian favourite, serving breakfast, lunch and dinner. 5 locations around London. Bookings are taken from 5pm and spaces available for walk-ins. 📸 Granger & Co.",https://maps.app.goo.gl/pZ2qPAxMVzQMo1Qn9,66e40cd77292e2acdad5e5d4,https://thenugget.app/template/location/granger-co-marylebone-london-england
The Coal Shed One Tower Bridge,The Coal Shed One Tower Bridge,4 Crown Square,London,England,SE1 2SE,GB,0 20 3384 7272,,https://coalshed-restaurant.co.uk/london/uploads/sites/2/2024/08/CSB-SUMMER-KIDS-MENU.pdf,1,"High chair, Baby change in women's room, Wheelchair access, Outdoor seating, Tourist attraction nearby, Small sharing plates, Vegetarian, Vegan, Relaxed, Buzzy, Good for groups, Dog friendly, Friendly staff, Healthy, Quick service, A/C",,17:00-23:00,12:00-23:00,12:00-23:00,12:00-23:00,12:00-23:00,12:00-23:00,12:00-18:00,Europe/London,,FALSE,the-coal-shed-one-tower-bridge-london-england,https://cdn.prod.website-files.com/65c4e3041d72984c18dbb740/66ebf8d1784917c34c93d283_288-The-Coal-Shed-210716-HaydonPerrior-4k.webp,,,,,"One, 4 Tower Bridge, Crown Square, London SE1 2SE, UK",51.5038645,-0.0783028,y8GDxyK0pr,"Open-plan grill restaurant serving chargrilled steak, fish, sharing platters, & Sunday roasts. Reservations accepted. Kids meal includes 2 courses for £10. 📸 The Coal Shed",https://maps.app.goo.gl/TrrPiJ3nVUV6rzqN9,66e40cd94ba74f31a8fe5a93,https://thenugget.app/template/location/the-coal-shed-one-tower-bridge-london-england
The Goring Dining Room,The Goring Dining Room,15 Beeston Place,London,England,SW1W 0JW,GB,0 20 7769 4475,,https://www.thegoring.com/food-drink/the-dining-room/,1,"High chair, Baby change in women's room, Kids' menu, Wheelchair access, Tourist attraction nearby, Small sharing plates, Vegetarian, Vegan, Posh, Good for groups, Friendly staff, Healthy, A/C",,"07:00-10:00,12:00-14:45,18:30-21:45","07:00-10:00,12:00-14:45,18:30-21:45","07:00-10:00,12:00-14:45,18:30-21:45","07:00-10:00,12:00-14:45,18:30-21:45","07:00-10:00,12:00-14:45,18:30-21:45","07:00-10:00,12:00-14:45,18:30-21:45","07:00-10:00,12:00-14:45,18:30-21:45",Europe/London,,FALSE,the-goring-dining-room-london-england,https://cdn.prod.website-files.com/65c4e3041d72984c18dbb740/670f8fb75ddbb5a45cf988aa_goring%2520dining.jpeg,,,,,"15 Beeston Pl, London SW1W 0JW, UK",51.4975261,-0.1456220,68MKkA6O49,Elegant Edwardian restaurant with Michelin star service. Kids meals from £18. Reservations required. Combine with nearby Buckingham Palace.  📸 Goring Dining Room,https://maps.app.goo.gl/BnBn1xkqWAAtcfQK7,66e40cda46da67d20ec35582,https://thenugget.app/template/location/the-goring-dining-room-london-england
The Spread Eagle,The Spread Eagle,224 Homerton High Street,London,England,E9 6AS,GB,0 20 8985 0400,,https://www.thespreadeaglelondon.co.uk/,1,"High chair, Baby change in women's room, Wheelchair access, Outdoor seating, Small sharing plates, Vegetarian, Vegan, Fun / Quirky, Relaxed, Buzzy, Good for groups, Takeaway, Dog friendly, Friendly staff, Healthy, Games available, Quick service, A/C",,16:00-23:00,16:00-23:00,16:00-23:00,16:00-23:00,16:00-01:00,12:00-02:00,12:00-22:00,Europe/London,,FALSE,the-spread-eagle-london-england,https://cdn.prod.website-files.com/65c4e3041d72984c18dbb740/670f8fb71283fc8dea84449b_Screenshot%25202024-09-16%2520at%252010.53.15%25E2%2580%25AFPM.png,,,,,"224 Homerton High St, London E9 6AS, UK",51.5486373,-0.0407243,k8P7YkGAJb,London’s first fully vegan pub. Pool table available. Under 18s welcome with a parent until 9 pm. 📸 The Spread Eagle,https://maps.app.goo.gl/TJck62h1WgfnoLPJA,66e40cdca875d76188cf12c5,https://thenugget.app/template/location/the-spread-eagle-london-england
Borough Market,Borough Market,Borough Market,London,England,SE1 9AL,GB,0 20 7407 1002,,https://boroughmarket.org.uk/,0,"Baby change in women's room, Wheelchair access, Vegetarian, Vegan, Takeaway, Friendly staff, Healthy, Quick service",,closed,10:00-17:00,10:00-17:00,10:00-17:00,10:00-17:00,09:00-17:00,10:00-16:00,Europe/London,,FALSE,borough-market-london-england,https://cdn.prod.website-files.com/65c4e3041d72984c18dbb740/670f8f4cb127b9b6e35c92e1_Color%2520logo%2520with%2520background%25201%2520(2).png,,,,,"Borough Market, London, England, SE1 9AL, GB",51.5055826,-0.0904808,Z4wZ5kWqpP,"A historic and huge market under the railway lines, offering all types of hot food, cheese, bread, desserts, pastries, and more. ",https://maps.app.goo.gl/SJXVYMFtpoKcCr2b9,66e40cde4ba74f31a8fe5f6d,https://thenugget.app/template/location/borough-market-london-england
Seven Dials Market,Seven Dials Market,Seven Dials Market,London,England,WC2H 9AU,GB,,,http://www.sevendialsmarket.com/,1,"High chair, Baby change in women's room, Wheelchair access, Outdoor seating, Small sharing plates, Vegetarian, Vegan, Dairy Free, Relaxed, Buzzy, Good for groups, Takeaway, Teen favourite, Dog friendly, Friendly staff, Healthy, Quick service, A/C, Pram storage",,12:00-22:00,12:00-22:00,11:00-23:00,11:00-23:00,11:00-23:00,11:00-23:00,11:00-21:00,Europe/London,,FALSE,seven-dials-market-london-england,https://cdn.prod.website-files.com/65c4e3041d72984c18dbb740/670f8fbb4d2848ceeedb1607_Copy%2520of%2520Copy%2520of%2520Copy%2520of%2520Seven%2520DIals%2520Market%2520_%2520launchnighthighlights_%2520%40weAreContent_September%25207%25202019%2520KERB_LAUNCH_Highlights_VF-9728.jpeg,,,,,"Seven Dials Market, London, England, WC2H 9AU, GB",51.5139632,-0.1260421,64Ke3avM8g,"Multi-level food court with dozens of restaurants & bars, bookshop & event space. Plenty of options for everyone. 📸 Seven Dials Market",https://maps.app.goo.gl/x8PdftAGwJhp7Ghm9,66e40cdf263f4387aa7dea78,https://thenugget.app/template/location/seven-dials-market-london-england
Eataly London,Eataly London,135 Bishopsgate,London,England,EC2M 3YD,GB,0 20 4538 0271,,https://www.eataly.co.uk/,1,"High chair, Baby change in women's room, Kids' menu, Wheelchair access, Outdoor seating, Small sharing plates, Vegetarian, Vegan, Relaxed, Buzzy, Good for groups, Takeaway, Dog friendly, Friendly staff, Healthy, Quick service, A/C",,07:00-23:00,07:00-23:00,07:00-23:00,07:00-23:00,07:00-23:00,09:00-23:00,09:00-22:00,Europe/London,,FALSE,eataly-london-london-england,https://cdn.prod.website-files.com/65c4e3041d72984c18dbb740/670f8fbcbc5ec6e46f3643fd_eataly.jpeg,,,,,"135 Bishopsgate, London, England, EC2M 3YD, GB",51.5178605,-0.0804078,PJmQOVmMJl,"Massive Italian market with numerous restaurants, deli counter, gelato, sandwiches, and more. You can also shop for cheese, meats, pasta, sauces, desserts, and a huge wine selection. ",https://maps.app.goo.gl/eWoaYgBWm55Pzon69,66e40ce09527ab23b4ce861a,https://thenugget.app/template/location/eataly-london-london-england
Camden Market,Camden Market,54-56 Camden Lock Place,London,England,NW1 8AF,GB,0 20 3763 9900,,https://www.camdenmarket.com/food-drink,0,"Baby change in women's room, Wheelchair access, Vegetarian, Vegan, Buzzy, Good for groups, Takeaway, Teen favourite, Healthy, Quick service, A/C",,10:00-18:00,10:00-18:00,10:00-18:00,10:00-18:00,10:00-18:00,10:00-18:00,10:00-18:00,Europe/London,,FALSE,camden-market-london-england,https://cdn.prod.website-files.com/65c4e3041d72984c18dbb740/670f8f4cb127b9b6e35c92e1_Color%2520logo%2520with%2520background%25201%2520(2).png,,,,,"54-56 Camden Lock Pl, London NW1 8AF, UK",51.5414026,-0.1465084,gprARKnz8X,Eclectic market with numerous restaurants and shops.,https://maps.app.goo.gl/BL7AQX7njxomvZo67,66e40ce1dc02f44ce847e393,https://thenugget.app/template/location/camden-market-london-england
"Giraffe, Victoria","Giraffe, Victoria",120 Wilton Road,London,England,SW1V 1JZ,GB,0 20 7233 8303,,https://www.giraffe.net/restaurants/victoria,1,"High chair, Baby change in women's room, Kids' menu, Wheelchair access, Outdoor seating, Small sharing plates, Vegetarian, Vegan, Relaxed, Buzzy, Good for groups, Takeaway, Dog friendly, Friendly staff, Healthy, Quick service, A/C",,08:00-22:00,08:00-22:00,08:00-22:00,08:00-22:00,08:00-22:00,08:00-22:00,08:00-22:00,Europe/London,,FALSE,giraffe-victoria-london-england,https://cdn.prod.website-files.com/65c4e3041d72984c18dbb740/670f8fbe43f2e44f781d401a_giraffe%2520victoria.jpeg,,,,,"120 Wilton Rd, Pimlico, London SW1V 1JZ, UK",51.4938716,-0.1422210,zpALVqd78d,"Child-friendly chain serving international favourites at breakfast, lunch & dinner, including a bottomless brunch. 3 locations around London. 📸 Giraffe",https://maps.app.goo.gl/yCm1Y9yCqWwQ7w4F8,66e40ce4a89c60ec91522e9a,https://thenugget.app/template/location/giraffe-victoria-london-england/
Côte Kensington,Côte Kensington,47 Kensington Court,London,England,W8 5DA,GB,0 20 7938 4147,,https://www.cote.co.uk/restaurant/kensington/,0,"High chair, Baby change in women's room, Kids' menu, Wheelchair access, Outdoor seating, Small sharing plates, Vegetarian, Vegan, Cosy, Relaxed, Good for groups, Dog friendly, Friendly staff, Healthy, Quick service, A/C",,09:00-22:00,09:00-22:00,09:00-22:00,09:00-22:00,09:00-22:00,09:00-22:00,09:00-21:30,Europe/London,,FALSE,cote-kensington-london-england,https://cdn.prod.website-files.com/65c4e3041d72984c18dbb740/670f8f4cb127b9b6e35c92e1_Color%2520logo%2520with%2520background%25201%2520(2).png,,,,,"47 Kensington Ct, London W8 5DA, UK",51.5019218,-0.1889155,kJ1k0RdEpq,"Modern, all-day French brasserie chain, serving regional specialties & traditional classics.",https://maps.app.goo.gl/EKHQsPR9fsnmbitV9,66e40ce5b72f9ee32d93fecb,https://thenugget.app/template/location/cote-kensington-london-england
Rosa's Thai Soho,Rosa's Thai Soho,48 Dean Street,London,England,W1D 5BF,GB,0 20 7494 1638,,https://rosasthai.com/locations/rosas-thai-restaurant-delivery-takeaway-soho,1,"High chair, Baby change in women's room, Kids' menu, Outdoor seating, Small sharing plates, Vegetarian, Vegan, Halal, Cosy, Relaxed, Buzzy, Good for groups, Takeaway, Dog friendly, Friendly staff, Healthy, Quick service, A/C",,12:00-22:30,12:00-22:30,12:00-22:30,12:00-22:30,12:00-23:00,12:00-23:00,12:00-22:00,Europe/London,,FALSE,rosa-s-thai-soho-london-england,https://cdn.prod.website-files.com/65c4e3041d72984c18dbb740/66ebf8dcfb8cc64e59d78b8e_rosas%2520soho.webp,,,,,"48 Dean St, London W1D 5BF, UK",51.5128018,-0.1317140,w8lwx9A6Jv,"Modern Thai cuisine served in a compact, friendly cafe. Kids meal is £7.50 and includes starter, main, and a drink. Locations around London. 📸 Rosa's",https://maps.app.goo.gl/8bgBj1j19YbVAtWV7,66e40ce58f796da69d0f82c8,https://thenugget.app/template/location/rosa-s-thai-soho-london-england
Shoryu Ramen Soho,Shoryu Ramen Soho,3 Denman Street,London,England,W1D 7HA,GB,0 20 3405 2392,,http://www.shoryuramen.com/stores/11-soho,1,"High chair, Baby change in women's room, Kids' menu, Wheelchair access, Small sharing plates, Vegetarian, Vegan, Cosy, Relaxed, Good for groups, Takeaway, Friendly staff, Healthy, Quick service, A/C",,11:30-23:00,11:30-23:00,11:30-23:00,11:30-23:30,11:30-23:30,11:30-00:00,11:30-22:00,Europe/London,,FALSE,shoryu-ramen-soho-london-england,https://cdn.prod.website-files.com/65c4e3041d72984c18dbb740/670f8fc12ff8cf317dc3d4a6_shoryu%2520soho.jpeg,,,,,"3 Denman St, London W1D 7HA, UK",51.5108580,-0.1343650,B8eA9GvE89,"Ramen dishes, Japanese street food, buns, curry and sakes. Kids meal is £8.50 for children 11 and under) and includes edamame, a main, and ice cream. 10 locations around London. 📸 Shoryu",https://maps.app.goo.gl/qxwG2E2XTv7y46oF6,66e40ce69527ab23b4ce8d83,https://thenugget.app/template/location/shoryu-ramen-soho-london-england
All Star Lanes Holborn,All Star Lanes Holborn,Bloomsbury Place,London,England,WC1B 4DA,GB,,,http://www.allstarlanes.co.uk/,1,"High chair, Baby change in women's room, Small sharing plates, Vegetarian, Vegan, Fun / Quirky, Relaxed, Buzzy, Good for groups, Teen favourite, Friendly staff, Healthy, Games available, Kids' play space, Quick service, A/C",,15:00-23:30,15:00-23:30,15:00-23:30,15:00-00:00,12:00-02:00,11:00-02:00,11:00-22:30,Europe/London,,FALSE,all-star-lanes-london-england,https://cdn.prod.website-files.com/65c4e3041d72984c18dbb740/670f8fc4d6f3692ee06151e2_all%2520star%2520lanes.png,,,,,"Victoria House, Bloomsbury Pl, London WC1B 4DA, UK",51.5195434,-0.1226220,k4Y970aw4X,"Retro-American, 4-lane bowling alley with burgers, cocktails, and music. £6.50 for a kids main. 4 locations around London. Bookings recommended. 📸 All Star Lanes",https://maps.app.goo.gl/ok8uNfQrdXFUoapy9,66e40ce9216f861a3f649827,https://thenugget.app/template/location/all-star-lanes-london-england
Poppies Fish & Chips,Poppies Fish & Chips,30 Hawley Crescent,London,England,NW1 8QR,GB,0 20 7267 0440,,https://poppiesfishandchips.co.uk/poppies-camden/,1,"High chair, Baby change in women's room, Kids' menu, Wheelchair access, Small sharing plates, Fun / Quirky, Relaxed, Buzzy, Good for groups, Takeaway, Friendly staff, Quick service, A/C",,11:00-22:00,11:00-22:00,11:00-22:00,11:00-23:00,11:00-23:00,11:00-23:00,11:00-22:00,Europe/London,,FALSE,poppies-fish-chips-london-england-2,https://cdn.prod.website-files.com/65c4e3041d72984c18dbb740/670f8fc5b95477c063f85580_Screenshot%25202024-09-17%2520at%25202.07.08%25E2%2580%25AFPM.png,,,,,"30 Hawley Cres, London NW1 8QR, UK",51.5409723,-0.1439610,B4Lez0jZJe,A favourite for fish and chips in a nostalgic setting with quirky 1940s memorabilia. Kids meals for £8.95 with 4 locations in London. 📸 Poppies,https://maps.app.goo.gl/EmMQB9VQbyV1tbm99,66e40ceb4ba74f31a8fe6f62,https://thenugget.app/template/location/poppies-fish-chips-london-england-2
Nobu London (Old Park Lane),Nobu London (Old Park Lane),19 Old Park Lane,London,England,W1K 1LB,GB,0 20 7447 4747,,https://www.noburestaurants.com/london-old-park-lane/home-2,0,"High chair, Baby change in women's room, Kids' menu, Wheelchair access, Small sharing plates, Vegetarian, Vegan, Cosy, Relaxed, Good for groups, Takeaway, Friendly staff, Healthy, Quick service, A/C",,"12:00-14:30,18:00-22:30","12:00-14:30,18:00-22:30","12:00-14:30,18:00-22:30","12:00-14:30,18:00-22:30","12:00-14:30,18:00-22:30","12:00-14:30,18:00-22:30","12:00-14:30,18:00-22:30",Europe/London,,FALSE,nobu-london-old-park-lane-london-england,https://cdn.prod.website-files.com/65c4e3041d72984c18dbb740/670f8f4cb127b9b6e35c92e1_Color%2520logo%2520with%2520background%25201%2520(2).png,,,,,"19 Old Park Ln, London W1K 1LB, UK",51.5051490,-0.1501351,r85d6NbZJN,"Nobu style cuisine since 1997 serving sushi, cocktails, and sake.",https://maps.app.goo.gl/M4qYk3DQxD1Zj4JL7,66e40cecff3875df05e49648,https://thenugget.app/template/location/nobu-london-old-park-lane-london-england
Cinnamon Kitchen,Cinnamon Kitchen,4 Arches Lane,London,England,SW11 8AB,GB,0 20 3995 5075,,https://www.cinnamon-kitchen.com/wp-content/uploads/2023/10/CK-Kids-Menu-2023-Final.pdf,1,"High chair, Baby change in women's room, Kids' menu, Wheelchair access, Outdoor seating, Small sharing plates, Vegetarian, Vegan, Halal, Fun / Quirky, Cosy, Relaxed, Buzzy, Good for groups, Takeaway, Dog friendly, Friendly staff, Healthy, Quick service, A/C",,12:00-23:00,12:00-23:00,12:00-23:00,12:00-23:00,12:00-23:00,12:00-23:00,12:00-22:00,Europe/London,,FALSE,cinnamon-kitchen-london-england,https://cdn.prod.website-files.com/65c4e3041d72984c18dbb740/670f8fc7678d4dbffc8fb577_CK-BATTERSEA-MAIN-RES-940x552.jpeg,,,,,"4 Arches Ln, Nine Elms, London SW11 8AB, UK",51.4832953,-0.1470702,zpALV0O28d,"Modern Indian cuisine with two locations in London. Kids meal is £10.50 for kids 8 and under, including a main, dessert, and drink. Saturday DJ brunch, Sunday bottomless brunch and afternoon tea.  📸 Cinnamon Kitchen",https://maps.app.goo.gl/yP1RqvY8Ru5FZZzg6,66e40cef8eb91179f816eca4,https://thenugget.app/template/location/cinnamon-kitchen-london-england
Taj Mahal Indian Cuisine,Taj Mahal Indian Cuisine,339 Grays Inn Road,London,England,WC1X 8PX,GB,0 20 7837 6370,,http://tajmahalkingcross.co.uk/,1,"High chair, Baby change in women's room, Wheelchair access, Outdoor seating, Small sharing plates, Vegetarian, Vegan, Halal, Cosy, Relaxed, Good for groups, Takeaway, Dog friendly, Friendly staff, Healthy, Quick service, A/C",,12:00-00:00,12:00-00:00,12:00-00:00,12:00-00:00,12:00-00:00,12:00-00:00,12:00-00:00,Europe/London,,FALSE,taj-mahal-indian-cuisine-london-england,https://cdn.prod.website-files.com/65c4e3041d72984c18dbb740/670f8fc893fbc6d2370d56b3_Screenshot%25202024-09-17%2520at%25202.30.25%25E2%2580%25AFPM.png,,,,,"339 Grays Inn Rd, London WC1X 8PX, UK",51.5304470,-0.1219692,k4Y970Nw4X,Authentic Indian food with handmade samosas near Kings Cross. 📸 Taj Mahal,https://maps.app.goo.gl/ieU8ZYn2dC1fhqLq5,66e40cf0991e1a63765ebd43,https://thenugget.app/template/location/taj-mahal-indian-cuisine-london-england
De Vine,De Vine,2 America Square,London,England,EC3N 2PX,GB,0 20 7488 9929,,,0,"High chair, Baby change in unisex room, Baby change in women's room, Wheelchair access, Tourist attraction nearby, Small sharing plates, Vegetarian, Vegan, Relaxed, Good for groups, Takeaway, Friendly staff, Healthy, Quick service, A/C",,07:00-14:00,07:00-14:00,07:00-14:00,07:00-14:00,07:00-14:00,closed,closed,Europe/London,,FALSE,de-vine-london-england,https://cdn.prod.website-files.com/65c4e3041d72984c18dbb740/670f8fcbb127b9b6e35d0942_de%2520vine.png,,,,,"19 Vine st next, under railway bridge, to, 2 America Square, London EC3N 2PX, UK",51.5110165,-0.0756282,64Ke30yM8g,Counter-service cafe & deli serving breakfast & lunch near Tower of London.  📸 De Vine,https://maps.app.goo.gl/RdiVkKBs9bpbm7Zg7,66e40cf1e3c54c66a4bbb067,https://thenugget.app/template/location/de-vine-london-england
Kachori,Kachori,12 Ash Avenue,London,England,SE17 1GQ,GB,0 20 7358 6955,,https://kachorirestaurant.com/,1,"High chair, Baby change in women's room, Wheelchair access, Outdoor seating, Small sharing plates, Vegetarian, Vegan, Buzzy, Good for groups, Takeaway, Dog friendly, Friendly staff, Healthy, A/C",,12:00-22:30,12:00-22:30,12:00-22:30,12:00-22:30,12:00-22:30,12:00-22:30,12:00-22:30,Europe/London,,FALSE,kachori-london-england,https://cdn.prod.website-files.com/65c4e3041d72984c18dbb740/670f8fcc1e4c2538124657b8_kachori.png,,,,,"12 Ash Ave, London SE17 1GQ, UK",51.4937044,-0.0966923,o8xBA3jw4g,"All-day restaurant serving dishes from the North Indian regions of Rajasthan, Punjab, Uttar Pradesh, Haryana and Delhi. 📸 Kachori",https://maps.app.goo.gl/zpfQ7nk2Z5L3tKk88,66e40cf3a875d76188cf2abb,https://thenugget.app/template/location/kachori-london-england
Taste of Nawab,Taste of Nawab,97 Colney Hatch Lane,London,England,N10 1LR,GB,0 20 8883 6429,,http://www.tasteofnawab.com/,1,"High chair, Baby change in unisex room, Baby change in women's room, Wheelchair access, Small sharing plates, Vegetarian, Vegan, Cosy, Relaxed, Good for groups, Takeaway, Friendly staff, Healthy, Quick service, A/C",,17:30-22:45,17:30-22:45,17:30-22:45,17:30-22:45,17:30-22:45,17:30-22:45,17:30-22:45,Europe/London,,FALSE,taste-of-nawab-london-england,https://cdn.prod.website-files.com/65c4e3041d72984c18dbb740/66faa156d9720ada9ed131f3_Screenshot%25202024-09-17%2520at%25203.04.28%25E2%2580%25AFPM.png,,,,,"97 Colney Hatch Ln, London N10 1LR, UK",51.5999731,-0.1477860,gprARovz8X,"Since 1996, serving Indian and Bengali dishes in compact, glass-fronted restaurant, plus takeaway and delivery service. ""Curries for cool kids"" are £7.95. A 15 minute walk to Muswell Hill Playground. 📸 Taste of Nawab",https://maps.app.goo.gl/1TYPqtnoguJHoMm1A,66e40cf46078c336855181e5,https://thenugget.app/template/taste-of-nawab-london-england
The Spice,The Spice,161 Fortess Road,London,England,NW5 2HR,GB,0 20 7482 2700,,http://thespice-nw5.co.uk/,1,"High chair, Baby change in unisex room, Baby change in women's room, Wheelchair access, Small sharing plates, Vegetarian, Vegan, Cosy, Relaxed, Good for groups, Takeaway, Friendly staff, Healthy, Quick service, A/C",,18:00-22:30,18:00-22:30,18:00-22:30,18:00-22:30,18:00-22:30,18:00-22:30,18:00-22:30,Europe/London,,FALSE,the-spice-london-england,https://cdn.prod.website-files.com/65c4e3041d72984c18dbb740/670f8fd1765fd2652b3de6ee_the%2520spice.png,,,,,"161 Fortess Rd, London NW5 2HR, UK",51.5566778,-0.1387213,DJ360g114m,Indian dining with takeaway and collection available. 📸 The Spice,https://maps.app.goo.gl/4N8JK8qev7u4gdJV7,66e40cf5f50a796606e9a9f8,https://thenugget.app/template/location/the-spice-london-england
Maharaja of India,Maharaja of India,19A Charing Cross Road,London,England,WC2H 0ET,GB,0 20 3091 3500,,https://www.maharajacharingcross.co.uk/,1,"High chair, Baby change in women's room, Kids' menu, Wheelchair access, Outdoor seating, Small sharing plates, Vegetarian, Vegan, Halal, Cosy, Relaxed, Good for groups, Takeaway, Dog friendly, Friendly staff, Healthy, Quick service, A/C",,12:00-00:00,12:00-00:00,12:00-00:00,12:00-00:00,12:00-00:00,12:00-00:00,12:00-00:00,Europe/London,,FALSE,maharaja-of-india-london-england,https://cdn.prod.website-files.com/65c4e3041d72984c18dbb740/670f8fd28b4065109d0b1fb1_maharaja%2520of%2520india.png,,,,,"19A Charing Cross Rd, London WC2H 0ET, UK",51.5103104,-0.1287427,X8Rj50kz8A,Traditional Indian cuisine and tandoori specialities. Nearby Leicester Square for pre and post theatre meals. 📸 Maharaja of India,https://maps.app.goo.gl/PysiBPkefSVtznVX7,66e40cf72b93b7e7b5e9e71c,https://thenugget.app/template/location/maharaja-of-india-london-england
Andy’s Greek Taverna,Andy’s Greek Taverna,23 Pratt Street,London,England,NW1 0BE,GB,0 20 7485 9718,,https://www.andystaverna.co.uk/,1,"High chair, Baby change in unisex room, Baby change in women's room, Wheelchair access, Outdoor seating, Small sharing plates, Vegetarian, Vegan, Halal, Relaxed, Buzzy, Good for groups, Takeaway, Dog friendly, Friendly staff, Healthy, Quick service, A/C",,12:00-22:30,12:00-22:30,12:00-22:30,12:00-22:30,12:00-22:30,12:00-22:30,12:00-22:30,Europe/London,,FALSE,andy-s-greek-taverna-london-england,https://cdn.prod.website-files.com/65c4e3041d72984c18dbb740/66ebf8e850cb5a8b8b1a96ef_andystaverna.webp,,,,,"23 Pratt St., London NW1 0BE, UK",51.5377407,-0.1398794,zpALNyZm8d,"Since 1967, a family owned relaxed taverna serving classical Greek dishes. 📸 Andy's",https://maps.app.goo.gl/zdrzJWiJPSnBwAC96,66e40cf8094c2560127c47ca,https://thenugget.app/template/location/andy-s-greek-taverna-london-england
Bayleaf Restaurant,Bayleaf Restaurant,1282-1284 High Road,London,England,N20 9HH,GB,0 20 8446 8671,,https://restaurant.bayleaf.co.uk/,1,"High chair, Baby change in women's room, Wheelchair access, Small sharing plates, Vegetarian, Vegan, Halal, Cosy, Relaxed, Good for groups, Friendly staff, Healthy, Quick service, A/C",,17:30-22:00,17:30-22:00,17:30-22:00,17:30-22:00,17:30-22:00,"13:00-16:00,17:30-22:00","13:00-16:00,17:30-22:00",Europe/London,,FALSE,bayleaf-restaurant-london-england,https://cdn.prod.website-files.com/65c4e3041d72984c18dbb740/670f8fd39bf75b70961a45eb_bayleaf%2520restaurant.jpeg,,,,,"1282-1284 High Rd, London N20 9HH, UK",51.6305058,-0.1747054,KpDE6zBn4d,A North Eastern Indian restaurant with a bottomless brunch and an extensive menu. 📸 Bayleaf Restaurant,https://maps.app.goo.gl/k7Sjw9XuTWpHc78u8,66e40cf924587e0d1b3c2692,https://thenugget.app/template/location/bayleaf-restaurant-london-england
Namaste Lounge,Namaste Lounge,66 Joel Street,Northwood,England,HA6 1LL,GB,0 1923 840157,,https://namastelounge.com/dining/,1,"High chair, Baby change in unisex room, Wheelchair access, Outdoor seating, Small sharing plates, Vegetarian, Vegan, Halal, Fun / Quirky, Cosy, Relaxed, Good for groups, Takeaway, Dog friendly, Friendly staff, Healthy, Quick service, A/C",,12:00-00:00,12:00-00:00,12:00-00:00,12:00-00:00,12:00-02:00,09:00-02:00,09:00-00:00,Europe/London,,FALSE,namaste-lounge-northwood-england,https://cdn.prod.website-files.com/65c4e3041d72984c18dbb740/670f8fd4b940c837d35769d9_Namaste%2520dining.png,,,,,"66 Joel St, Northwood HA6 1LL, UK",51.6003340,-0.4100860,kJ1kOleqpq,"Sophisticated restaurant with authentic Indian food, a garden bar, weekend DJs and live sports screenings. They can adapt dishes to mild for children. Reservations recommended. 📸 Namaste Lounge",https://maps.app.goo.gl/zsvEab8dky8Yvo6LA,66e40cfa24587e0d1b3c2a03,https://thenugget.app/template/location/namaste-lounge-northwood-england
Amrutha - Earlsfield,Amrutha - Earlsfield,326 Garratt Lane,London,England,SW18 4EJ,GB,0 20 8001 4628,,http://www.amrutha.co.uk/,1,"High chair, Baby change in women's room, Wheelchair access, Small sharing plates, Vegetarian, Vegan, Halal, Cosy, Relaxed, Good for groups, Takeaway, Friendly staff, Healthy, Quick service, A/C",,closed,18:00-22:00,18:00-22:00,18:00-22:00,18:00-22:00,13:00-22:00,13:00-21:00,Europe/London,,FALSE,amrutha-earlsfield-london-england,https://cdn.prod.website-files.com/65c4e3041d72984c18dbb740/670f8fd5024a12f1cbc3a523_amrutha%2520earlsfield.png,,,,,"326 Garratt Ln, London SW18 4EJ, UK",51.4436330,-0.1900110,G4gKNaL240,"""Vegan Soul Food"" with plant-based options, classic comfort & soul food. Bring your own alcohol with no corkage fee. Another location in Honor Oak. 📸 Amrutha",https://maps.app.goo.gl/X2bSg1A1o4dcMD5q6,66e40cfba89c60ec915250aa,https://thenugget.app/template/location/amrutha-earlsfield-london-england
Tower Mangal,Tower Mangal,55-57 Tower Bridge Road,London,England,SE1 4TL,GB,0 20 7357 6853,,https://towermangal.co.uk/,1,"High chair, Baby change in women's room, Kids' menu, Wheelchair access, Small sharing plates, Vegetarian, Vegan, Halal, Cosy, Relaxed, Good for groups, Takeaway, Friendly staff, Healthy, Quick service, A/C",,11:00-00:00,11:00-00:00,11:00-00:00,11:00-00:00,11:00-00:00,11:00-00:00,11:00-00:00,Europe/London,,FALSE,tower-mangal-london-england,https://cdn.prod.website-files.com/65c4e3041d72984c18dbb740/670f8fd69d18ec19db7e772d_tower%2520mangal.jpeg,,,,,"55-57 Tower Bridge Rd, London SE1 4TL, UK",51.4957516,-0.0836948,w8lwdRLeJv,"Authentic Turkish restaurant near Tower Bridge, plus a take-out option. 📸 Tower Mangal",https://maps.app.goo.gl/nWWwT2jRLrDc6u3f8,66e40cfd4384be6228253acc,https://thenugget.app/template/location/tower-mangal-london-england
Faros Oxford Circus,Faros Oxford Circus,22-24 Great Portland Street,London,England,W1W 8QS,GB,0 7796 016991,,http://www.farosrestaurant.co.uk/,1,"High chair, Baby change in unisex room, Wheelchair access, Outdoor seating, Small sharing plates, Vegetarian, Vegan, Relaxed, Buzzy, Good for groups, Takeaway, Dog friendly, Friendly staff, Healthy, Quick service",,12:00-23:00,12:00-23:00,12:00-23:00,12:00-23:00,12:00-23:00,12:00-23:00,12:00-23:00,Europe/London,,FALSE,faros-oxford-circus-london-england,https://cdn.prod.website-files.com/65c4e3041d72984c18dbb740/66faa15ef504b84c8fc393b4_faros%2520oxford.jpeg,,,,,"22-24 Great Portland St, London W1W 8QS, UK",51.5165680,-0.1409686,b4n2k9gz4y,"Mediterranean and Italian dishes such as pizza, pasta, salads and more. Other locations in Holborn and Istanbul. 📸 Faros",https://maps.app.goo.gl/xT174wmAw2BhArrP8,66e40cfe08fcd872c28b8dca,https://thenugget.app/template/location/faros-oxford-circus-london-england
Manuel's Italian and Mediterranean Restaurant and Bar,Manuel's Italian and Mediterranean Restaurant and Bar,129 Gipsy Hill,London,England,SE19 1QS,GB,0 20 8670 1843,,http://www.manuelsrestaurantandbar.com/?utm_source=google&utm_medium=wix_google_business_profile&utm_campaign=387169385620710453,1,"High chair, Baby change in unisex room, Baby change in women's room, Kids' menu, Wheelchair access, Outdoor seating, Small sharing plates, Vegetarian, Vegan, Fun / Quirky, Cosy, Relaxed, Good for groups, Takeaway, Dog friendly, Friendly staff, Healthy, Quick service, A/C",,closed,18:00-22:30,"12:00-15:00,18:00-22:30","12:00-15:00,18:00-22:30","12:00-17:00,18:00-22:30",12:00-22:30,12:00-21:00,Europe/London,,FALSE,manuel-s-italian-and-mediterranean-restaurant-and-bar-london-england,https://cdn.prod.website-files.com/65c4e3041d72984c18dbb740/670f8fd816d5c3aeaca5c5fb_Manuel%2527s%2520Italian%2520and%2520Mediterranean%2520Restaurant%2520and%2520Bar.png,,,,,"129 Gipsy Hill, Norwood, London SE19 1QS, UK",51.4277105,-0.0861663,5J0WxBeq4B,"Italian and Mediterranean seafood, meat & pasta in a relaxed setting with outdoor garden seating. Check the calendar for live music events. 📸 Manuel's",https://maps.app.goo.gl/eBgaQiCvM3HD683U8,66e40cff8ea32e2a930ae231,https://thenugget.app/template/location/manuel-s-italian-and-mediterranean-restaurant-and-bar-london-england
Chamisse,Chamisse,55 Grays Inn Road,London,England,WC1X 8PP,GB,0 20 7430 0799,,http://www.chamisse.com/,1,"High chair, Baby change in unisex room, Baby change in women's room, Wheelchair access, Small sharing plates, Vegetarian, Vegan, Halal, Cosy, Relaxed, Good for groups, Takeaway, Friendly staff, Healthy, Quick service, A/C",,11:00-22:30,11:00-22:30,11:00-22:30,11:00-22:30,11:00-22:30,11:30-22:30,closed,Europe/London,,FALSE,chamisse-london-england,https://cdn.prod.website-files.com/65c4e3041d72984c18dbb740/670f8fd94eef099278876b4d_Chamisse.jpeg,,,,,"55 Grays Inn Rd, London WC1X 8PP, UK",51.5221772,-0.1139637,x86GRN0Epy,"Traditional Lebanese and Meditteranean mezes, salads, and meat dishes, plus takeaway. Try to save room for dessert! Combine with nearby fully-gated Coram's Fields Playground, The Postal Museum, and Charles Dickens Museum. 📸 Chamisse",https://maps.app.goo.gl/9fPHQKFXVCftqHmQ9,66e40d00216f861a3f649a36,https://thenugget.app/template/location/chamisse-london-england
Hakata Ramen + Bar,Hakata Ramen + Bar,177 Bermondsey Street,London,England,SE1 3UW,GB,0 20 7234 0244,,https://www.hakata.co.uk/,0,"High chair, Baby change in unisex room, Baby change in women's room, Kids' menu, Wheelchair access, Small sharing plates, Vegetarian, Vegan, Cosy, Relaxed, Good for groups, Takeaway, Dog friendly, Friendly staff, Healthy, Quick service, A/C",,17:00-22:00,17:00-22:00,"12:00-15:00,17:00-22:00","12:00-15:00,17:00-22:00","12:00-15:00,17:00-22:00",12:00-22:00,12:00-22:00,Europe/London,,FALSE,hakata-ramen-bar-london-england,https://cdn.prod.website-files.com/65c4e3041d72984c18dbb740/670f8f4cb127b9b6e35c92e1_Color%2520logo%2520with%2520background%25201%2520(2).png,,,,,"177 Bermondsey St, London SE1 3UW, UK",51.4988277,-0.0809482,rJq9bjLlJq,"Ramen & other Japanese dishes with an intimate basement downstairs. Walks in only, no reservations.",https://maps.app.goo.gl/StmSJxq9skP8XfvV7,66e40d041974d4d441bcd1ae,https://thenugget.app/template/location/hakata-ramen-bar-london-england
ITJL Colindale Station,ITJL Colindale Station,10 Charcot Road,London,England,NW9 5HR,GB,0 20 3952 7517,,https://www.itjl.co.uk/,0,"High chair, Baby change in unisex room, Baby change in women's room, Kids' menu, Wheelchair access, Outdoor seating, Small sharing plates, Vegetarian, Vegan, Dairy Free, Halal, Cosy, Relaxed, Good for groups, Takeaway, Dog friendly, Friendly staff, Healthy, Quick service, A/C",,07:00-20:00,07:00-20:00,07:00-20:00,07:00-20:00,07:00-20:00,09:00-20:00,09:00-20:00,Europe/London,,FALSE,itjl-colindale-station-london-england,https://cdn.prod.website-files.com/65c4e3041d72984c18dbb740/670f8f4cb127b9b6e35c92e1_Color%2520logo%2520with%2520background%25201%2520(2).png,,,,,"10 Charcot Rd, London NW9 5HR, UK",51.5953813,-0.2505351,k8P7VgvzJb,"All day breakfast including halal, vegan & gluten free selections, American Buttermilk Pancakes, burgers, and more.",https://maps.app.goo.gl/1RhhT2gpoqSSKSsc8,66e40d058ea32e2a930ae690,https://thenugget.app/template/location/itjl-colindale-station-london-england
The Four Lanterns,The Four Lanterns,96 Cleveland Street,London,England,W1T 6NP,GB,0 20 7387 0704,,https://www.instagram.com/thefourlanterns/,1,"High chair, Baby change in unisex room, Baby change in women's room, Outdoor seating, Small sharing plates, Vegetarian, Vegan, Cosy, Relaxed, Buzzy, Good for groups, Takeaway, Dog friendly, Friendly staff, Quick service, A/C",,12:00-22:00,12:00-22:00,12:00-22:00,12:00-22:00,12:00-22:00,12:00-22:00,closed,Europe/London,,FALSE,the-four-lanterns-london-england,https://cdn.prod.website-files.com/65c4e3041d72984c18dbb740/670f8fdbe73e06cc0b11ba52_lantern.jpeg,,,,,"96 Cleveland St, London W1T 6NP, UK",51.5226563,-0.1412086,MJbZAqRjJX,Friendly Greek taverna-style restaurant for traditional Greek dishes.,https://maps.app.goo.gl/m5Hp3ueYAZNxU1pC8,66e40d06094c2560127c5a09,https://thenugget.app/template/location/the-four-lanterns-london-england
Rice Persian Kitchen,Rice Persian Kitchen,293 Chiswick High Road,London,England,W4 4HH,GB,0 20 8994 1661,,http://www.ricechiswick.co.uk/,0,"High chair, Baby change in unisex room, Baby change in women's room, Wheelchair access, Outdoor seating, Small sharing plates, Vegetarian, Vegan, Dairy Free, Halal, Cosy, Relaxed, Good for groups, Takeaway, Dog friendly, Friendly staff, Healthy, Quick service, A/C",,11:00-23:00,11:00-23:00,11:00-23:00,11:00-23:00,11:00-23:00,11:00-23:00,11:00-23:00,Europe/London,,FALSE,rice-persian-kitchen-london-england,https://cdn.prod.website-files.com/65c4e3041d72984c18dbb740/670f8f4cb127b9b6e35c92e1_Color%2520logo%2520with%2520background%25201%2520(2).png,,,,,"293 Chiswick High Rd., Chiswick, London W4 4HH, UK",51.4925514,-0.2675492,N49ekrej4G,"Persian kebabs, stews, wraps and home-made bread from the tandoor oven.",https://maps.app.goo.gl/4JVprSrRhtQERErH6,66e40d08328a7a41921382da,https://thenugget.app/template/location/rice-persian-kitchen-london-england
Everest Inn,Everest Inn,41 Montpelier Vale,London,England,SE3 0TJ,GB,0 20 8852 7872,,http://www.everestinnblackheath.co.uk/,1,"High chair, Baby change in women's room, Kids' menu, Wheelchair access, Outdoor seating, Small sharing plates, Vegetarian, Vegan, Halal, Cosy, Relaxed, Good for groups, Takeaway, Dog friendly, Friendly staff, Healthy, Quick service, A/C",,closed,15:00-22:30,15:00-22:30,15:00-22:30,14:00-23:00,12:00-23:00,12:00-22:00,Europe/London,,FALSE,everest-inn-london-england,https://cdn.prod.website-files.com/65c4e3041d72984c18dbb740/670f8fdd9f7dd4599ddd09a9_everest%2520inn.png,,,,,"41 Montpelier Vale, Blackheath, London SE3 0TJ, UK",51.4674992,0.0080688,w8VBx1Bw8a,Fine dining with Nepalese and Indian cuisine. Combine with Blackheath or Greenwich Park. Baby change is located in the ladies' room upstairs.  📸 Everest Inn,https://maps.app.goo.gl/N7cW3iKMF7G5HxsL6,66e40d0a3cbfb6aa20c25274,https://thenugget.app/template/location/everest-inn-london-england
Wild Thyme London,Wild Thyme London,2b Thorpebank Road,London,England,W12 0PQ,GB,0 20 8354 9321,,http://www.wildthymelondon.com/,1,"High chair, Baby change in unisex room, Wheelchair access, Outdoor seating, Small sharing plates, Vegetarian, Vegan, Dairy Free, Gluten free, Cosy, Relaxed, Good for groups, Takeaway, Dog friendly, Friendly staff, Healthy, Quick service, A/C",,08:00-15:30,08:00-15:30,08:00-15:30,08:00-15:30,08:00-15:30,08:00-15:30,08:00-15:30,Europe/London,,FALSE,wild-thyme-london-london-england,https://cdn.prod.website-files.com/65c4e3041d72984c18dbb740/670f8fde24981065717dcc7a_wild%2520thyme%2520london.jpeg,,,,,"2b Thorpebank Rd, London W12 0PQ, UK",51.5070741,-0.2385480,N4Q6wG65JO,"Globally inspired brunch & lunch fare, coffee & wine, in a cosy space with outdoor seating available.  Walk ins only, no reservations. 📸 Wild Thyme London",https://maps.app.goo.gl/LMh9SqKVsgLTst1cA,66e40d0bfd2ac7be9ff8852d,https://thenugget.app/template/location/wild-thyme-london-london-england
East Street by Tampopo Fitzrovia,East Street by Tampopo Fitzrovia,3-5 Rathbone Place,London,England,W1T 1HJ,GB,0 20 7323 0860,,https://tampopo.co.uk/fitzrovia/,1,"High chair, Baby change in unisex room, Kids' menu, Wheelchair access, Outdoor seating, Small sharing plates, Vegetarian, Vegan, Halal, Relaxed, Buzzy, Good for groups, Takeaway, Teen favourite, Dog friendly, Friendly staff, Healthy, Quick service, A/C",,10:30-23:00,10:30-23:00,10:30-23:00,10:30-00:00,10:30-00:00,10:30-00:00,10:30-22:00,Europe/London,,FALSE,east-street-by-tampopo-fitzrovia-london-england,https://cdn.prod.website-files.com/65c4e3041d72984c18dbb740/66ebf8f65717bd2d143f5ca9_tampopo-rp-2407-03.webp,,,,,"3-5 Rathbone Pl, London W1T 1HJ, UK",51.5166175,-0.1329642,ZpoVMZV28D,East Asian cuisine with shared tables in a street food market vibe. Last order is 1 hour before closing time. 📸 Tampopo,https://maps.app.goo.gl/EuWecUBbWYRhvTmq7,66e40d0ce3c54c66a4bbc903,https://thenugget.app/template/location/east-street-by-tampopo-fitzrovia-london-england
The Prince of Wales,The Prince of Wales,Cleaver Square,London,England,SE11 4EA,GB,0 20 7735 9916,,http://www.princeofwaleskennington.co.uk/,1,"High chair, Baby change in unisex room, Wheelchair access, Outdoor seating, Playground nearby, Vegetarian, Vegan, Fun / Quirky, Relaxed, Good for groups, Dog friendly, Healthy, A/C",,closed,17:00-21:00,17:00-21:30,17:00-21:30,15:00-21:30,12:00-21:30,12:00-19:00,Europe/London,,FALSE,the-prince-of-wales-london-england,https://cdn.prod.website-files.com/65c4e3041d72984c18dbb740/670f8fe08edf06d71a9158f9_prince%2520of%2520wales.png,,,,,"Cleaver Square, London SE11 4EA, UK",51.4882178,-0.1090572,B8eAgXPM89,"Cosy pub overlooking a Georgian square for British classics, Sunday roasts, and real ale. Combine with Queen Elizabeth Jubilee Garden and playground or Kennington Park playground. Part of the Black Dog Pub Company. 📸 The Prince of Wales ",https://maps.app.goo.gl/AkFC4zzLKVcfM6h19,66e40d0e05089f0c0b8d8ca7,https://thenugget.app/template/location/the-prince-of-wales-london-england
Cafe de Provence,Cafe de Provence,14 Drury Lane,London,England,WC2B 5RB,GB,0 7943 290340,,https://www.instagram.com/cafedeprovencelondon/,1,"High chair, Wheelchair access, Outdoor seating, Small sharing plates, Vegetarian, Vegan, Cosy, Relaxed, Takeaway, Dog friendly, Friendly staff, Healthy, Quick service, A/C",,08:00-16:00,08:00-16:00,08:00-16:00,08:00-16:00,08:00-16:00,08:00-16:00,closed,Europe/London,,FALSE,cafe-de-provence-london-england,https://cdn.prod.website-files.com/65c4e3041d72984c18dbb740/66faa169db8977a4e79789b9_cafe%2520de%2520provence.png,,,,,"14 Drury Ln, London WC2B 5RB, UK",51.5157108,-0.1238709,Z4vZVqK94Q,"Cosy restaurant with breakfast, light fare, & a salad bar. 📸 Cafe de Provence",https://maps.app.goo.gl/zLRNoF884rDfEF517,66e40d0f79566cf6680ae99e,https://thenugget.app/template/location/cafe-de-provence-london-england
Gallio,Gallio,2 Cabot Square,London,England,E14 4QT,GB,0 20 3006 5650,,https://www.gallio.uk/,1,"High chair, Baby change in unisex room, Baby change in women's room, Wheelchair access, Small sharing plates, Vegetarian, Vegan, Halal, Fun / Quirky, Cosy, Relaxed, Good for groups, Takeaway, Healthy, Quick service, A/C",,09:00-22:00,09:00-22:00,09:00-22:00,09:00-22:00,09:00-22:30,09:00-22:30,09:00-22:00,Europe/London,,FALSE,gallio-london-england,https://cdn.prod.website-files.com/65c4e3041d72984c18dbb740/670f8fe12e1c8d894bbd8b93_gallio.jpeg,,,,,"Upper Level, 2 Cabot Square, London E14 4QT, UK",51.5050967,-0.0201165,k4Y9rmBq4X,"Meditteranean dishes such as flatbreads, filled pitas, pizzas, and salads.  📸 Gallio",https://maps.app.goo.gl/jZdMiz7LSojhymeD9,66e40d0f4bbe52ae3ba4e244,https://thenugget.app/template/location/gallio-london-england
Golden Chippy,Golden Chippy,62 Greenwich High Road,London,England,SE10 8LF,GB,0 20 8692 4333,,http://www.thegoldenchippy.co.uk/,0,"High chair, Baby change in unisex room, Kids' menu, Wheelchair access, Outdoor seating, Small sharing plates, Vegetarian, Vegan, Cosy, Relaxed, Good for groups, Takeaway, Dog friendly, Healthy, Quick service, A/C",,11:00-23:00,11:00-23:00,11:00-23:00,11:00-23:00,11:00-23:00,11:00-23:00,12:00-23:00,Europe/London,,FALSE,golden-chippy-london-england,https://cdn.prod.website-files.com/65c4e3041d72984c18dbb740/670f8f4cb127b9b6e35c92e1_Color%2520logo%2520with%2520background%25201%2520(2).png,,,,,"62 Greenwich High Rd, London SE10 8LF, UK",51.4758491,-0.0185259,r85dzGP3JN,Traditional fish and chips since 2005.,https://maps.app.goo.gl/xDF6eer5bX3HEahK7,66e40d11906a41b0b037ce4f,https://thenugget.app/template/location/golden-chippy-london-england
Anilo’s Kitchen,Anilo’s Kitchen,6 Exmouth Market,London,England,EC1R 4PX,GB,0 20 7837 0909,,http://www.aniloskitchen.com/,0,"High chair, Baby change in unisex room, Wheelchair access, Outdoor seating, Small sharing plates, Vegetarian, Vegan, Cosy, Relaxed, Good for groups, Takeaway, Dog friendly, Friendly staff, Healthy, Quick service, A/C",,12:00-23:00,12:00-23:00,12:00-23:00,12:00-23:00,12:00-23:00,12:00-23:00,12:00-22:30,Europe/London,,FALSE,anilo-s-kitchen-london-england,https://cdn.prod.website-files.com/65c4e3041d72984c18dbb740/670f8f4cb127b9b6e35c92e1_Color%2520logo%2520with%2520background%25201%2520(2).png,,,,,"6 Exmouth Market, London EC1R 4PX, UK",51.5251618,-0.1101581,zpALNndl8d,"A Mediterranean restaurant with hot and cold starters, specials, grills, seafood, pasta, vegetarian dishes, salads, sides, desserts, offering wines, spirits, beers, soft drinks, cocktail, coffee, tea. ",https://maps.app.goo.gl/u6GHMj7ck4pyvHiP7,66e40d123cbfb6aa20c25cd9,https://thenugget.app/template/location/anilo-s-kitchen-london-england
Latitude Restaurant,Latitude Restaurant,138 Merton Road,London,England,SW19 1EH,GB,0 20 8542 6500,,https://www.latitude-restaurant.co.uk/,0,"High chair, Baby change in unisex room, Baby change in women's room, Kids' menu, Wheelchair access, Small sharing plates, Vegetarian, Vegan, Halal, Cosy, Relaxed, Good for groups, Takeaway, Friendly staff, Healthy, Quick service, A/C",,closed,17:00-23:00,17:00-23:00,12:00-23:00,12:00-23:00,17:00-23:00,closed,Europe/London,,FALSE,latitude-restaurant-london-england,https://cdn.prod.website-files.com/65c4e3041d72984c18dbb740/670f8f4cb127b9b6e35c92e1_Color%2520logo%2520with%2520background%25201%2520(2).png,,,,,"138 Merton Rd, London SW19 1EH, UK",51.4189656,-0.1934209,KpDE6nMG4d,A modern European restaurant in South Wimbledon. Sunday roast available last Sunday of the month.,https://maps.app.goo.gl/oTZeFfs64HvR91ar6,66e40d1424587e0d1b3c50ae,https://thenugget.app/template/location/latitude-restaurant-london-england
Ô Gourmet Libanais,Ô Gourmet Libanais,38 Juniper Drive,London,England,SW18 1GY,GB,0 20 3940 4545,,http://www.ogourmetlibanais.co.uk/,0,"High chair, Baby change in unisex room, Baby change in women's room, Wheelchair access, Outdoor seating, Small sharing plates, Vegetarian, Vegan, Halal, Cosy, Relaxed, Good for groups, Takeaway, Dog friendly, Friendly staff, Healthy, Quick service, A/C",,11:00-23:00,11:00-23:00,11:00-23:00,11:00-23:00,11:00-23:00,11:00-23:00,11:00-22:00,Europe/London,,FALSE,o-gourmet-libanais-london-england,https://cdn.prod.website-files.com/65c4e3041d72984c18dbb740/670f8f4cb127b9b6e35c92e1_Color%2520logo%2520with%2520background%25201%2520(2).png,,,,,"D, Trafalgar House, 38 Juniper Dr, London SW18 1GY, UK",51.4633460,-0.1847050,zpBg2VmP4v,"Authentic Lebanese small & shared plates with modern, rustic decor and a traditional oven. Menu has something for everyone!",https://maps.app.goo.gl/Y6NrGWHPETjLDuUp7,66e40d153cbfb6aa20c25ea2,https://thenugget.app/template/location/o-gourmet-libanais-london-england
Arado Restaurant,Arado Restaurant,Albany Street,London,England,NW1 3UP,GB,0 20 7391 3028,,https://www.melia.com/en/hotels/united-kingdom/london/melia-white-house-apartments,0,"High chair, Baby change in unisex room, Baby change in women's room, Wheelchair access, Small sharing plates, Vegetarian, Vegan, Cosy, Relaxed, Good for groups, Takeaway, Friendly staff, Healthy, Quick service, A/C",,12:00-22:30,12:00-22:30,12:00-22:30,12:00-22:30,12:00-22:30,12:00-22:30,12:00-22:30,Europe/London,,FALSE,arado-restaurant-london-england,https://cdn.prod.website-files.com/65c4e3041d72984c18dbb740/670f8f4cb127b9b6e35c92e1_Color%2520logo%2520with%2520background%25201%2520(2).png,,,,,"Albany Street, Regent’s Park, Albany St, London NW1 3UP, UK",51.5253136,-0.1436343,b4n2kzP54y,"Spanish restaurant located in Meliá White House Apartments Hotel, steps from Regent's Park. ",https://maps.app.goo.gl/PRvPj43JBUHpU7UW7,66e40d16a89c60ec91526f78,https://thenugget.app/template/location/arado-restaurant-london-england
Monkey Temple,Monkey Temple,92 Askew Road,London,England,W12 9BL,GB,0 20 8743 4597,,,0,"High chair, Baby change in unisex room, Baby change in women's room, Wheelchair access, Outdoor seating, Small sharing plates, Vegetarian, Vegan, Cosy, Relaxed, Good for groups, Takeaway, Dog friendly, Friendly staff, Healthy, Quick service, A/C",,17:00-22:30,17:00-22:30,17:00-22:30,17:00-22:30,17:00-22:30,17:00-22:30,13:00-22:00,Europe/London,,FALSE,monkey-temple-london-england,https://cdn.prod.website-files.com/65c4e3041d72984c18dbb740/670f8f4cb127b9b6e35c92e1_Color%2520logo%2520with%2520background%25201%2520(2).png,,,,,"92 Askew Rd, London W12 9BL, UK",51.5033140,-0.2435600,rpXRm9waJB,Indian restaurant offering curries with seafood and vegan options. ,https://maps.app.goo.gl/CW4SNMkeJdcD5iwE8,66e40d179527ab23b4cec020,https://thenugget.app/template/location/monkey-temple-london-england
Bar 61 Restaurant,Bar 61 Restaurant,61A Streatham Hill,London,England,SW2 4TX,GB,0 20 8671 0444,,http://www.bar61.com/,0,"High chair, Baby change in unisex room, Baby change in women's room, Wheelchair access, Outdoor seating, Small sharing plates, Vegetarian, Vegan, Fun / Quirky, Cosy, Relaxed, Good for groups, Dog friendly, Friendly staff, Healthy, Quick service, A/C",,12:00-23:00,12:00-23:00,12:00-23:00,12:00-23:00,12:00-23:00,12:00-23:00,12:00-23:00,Europe/London,,FALSE,bar-61-restaurant-london-england,https://cdn.prod.website-files.com/65c4e3041d72984c18dbb740/670f8f4cb127b9b6e35c92e1_Color%2520logo%2520with%2520background%25201%2520(2).png,,,,,"61A Streatham Hill, London SW2 4TX, UK",51.4400122,-0.1254957,LJykQyKjpl,"Spanish tapas in a family-run restaurant, great for groups and kids.",https://maps.app.goo.gl/Jj5BSNf1aJnsaZsw7,66e40d18e9d6ea4ba77998ed,https://thenugget.app/template/location/bar-61-restaurant-london-england
Indian Express,Indian Express,3 North End Parade,London,England,W14 0SJ,GB,0 20 7610 1777,,https://indianexpressonline.co.uk/,0,"High chair, Baby change in unisex room, Baby change in women's room, Wheelchair access, Outdoor seating, Small sharing plates, Vegetarian, Vegan, Halal, Cosy, Relaxed, Good for groups, Takeaway, Dog friendly, Friendly staff, Healthy, Quick service, A/C",,17:30-23:00,17:30-23:00,17:30-23:00,17:30-23:00,17:30-23:00,17:30-23:00,17:30-23:00,Europe/London,,FALSE,indian-express-london-england,https://cdn.prod.website-files.com/65c4e3041d72984c18dbb740/670f8f4cb127b9b6e35c92e1_Color%2520logo%2520with%2520background%25201%2520(2).png,,,,,"3 N End Parade, London W14 0SJ, UK",51.4929216,-0.2083592,5J0Wx5dD4B,"Traditional Indian dishes, from curries, to balti and biryani in a modern setting. ",https://maps.app.goo.gl/ca6RNaRwp47kM3NQ9,66e40d1a1974d4d441bce82f,https://thenugget.app/template/location/indian-express-london-england
The Hayden Pub & Rooms,The Hayden Pub & Rooms,65 Westbourne Grove,London,England,W2 4UJ,GB,0 20 7229 2233,,http://www.haydennottinghill.com/,0,"High chair, Baby change in unisex room, Baby change in women's room, Kids' menu, Wheelchair access, Outdoor seating, Small sharing plates, Vegetarian, Vegan, Halal, Cosy, Relaxed, Dog friendly, Friendly staff, Healthy, Kids' play space, Quick service, A/C",,10:45-23:00,11:00-23:00,11:00-23:00,11:00-23:00,11:00-23:00,09:00-23:00,09:00-22:30,Europe/London,,FALSE,the-hayden-pub-rooms-london-england,https://cdn.prod.website-files.com/65c4e3041d72984c18dbb740/670f8f4cb127b9b6e35c92e1_Color%2520logo%2520with%2520background%25201%2520(2).png,,,,,"65 Westbourne Grove, London W2 4UJ, UK",51.5152778,-0.1913889,DJkEjzG2pO,"In beautiful Notting Hill, this pub serves delicious food with a buzzy vibe. The pub also has air conditioned rooms available for overnight stays. ",https://maps.app.goo.gl/u4kn2zzv1QM7czM98,66e40d1be9d6ea4ba7799dc0,https://thenugget.app/template/location/the-hayden-pub-rooms-london-england
The Shell,The Shell,124 Southampton Row,London,England,WC1B 5AA,GB,0 20 8075 7500,,https://www.theshellseafood.com/,0,"High chair, Baby change in unisex room, Baby change in women's room, Kids' menu, Wheelchair access, Small sharing plates, Vegetarian, Vegan, Cosy, Relaxed, Good for groups, Takeaway, Friendly staff, Healthy, Quick service, A/C",,12:00-23:00,12:00-23:00,12:00-23:00,12:00-23:00,12:00-23:00,12:00-23:00,12:00-22:00,Europe/London,,FALSE,the-shell-london-england,https://cdn.prod.website-files.com/65c4e3041d72984c18dbb740/670f8f4cb127b9b6e35c92e1_Color%2520logo%2520with%2520background%25201%2520(2).png,,,,,"124 Southampton Row, London WC1B 5AA, UK",51.5207627,-0.1229369,287yejZ74A,A favorite for seafood lovers with mixed shellfish platters in a relaxed restaurant with a nautical theme. Additional restaurant in Canary Wharf.,https://maps.app.goo.gl/ZVv9t2fwCnNPkwDCA,66e40d1d3cbfb6aa20c26908,https://thenugget.app/template/location/the-shell-london-england
Chimichurris,Chimichurris,132 Southwark Bridge Road,London,England,SE1 0DG,GB,0 20 7928 7414,,http://www.chimichurris.co.uk/,0,"High chair, Baby change in unisex room, Baby change in women's room, Wheelchair access, Small sharing plates, Vegetarian, Vegan, Cosy, Relaxed, Good for groups, Takeaway, Friendly staff, Healthy, Quick service, A/C",,closed,17:00-23:00,17:00-23:00,17:00-23:00,17:00-23:00,12:00-23:00,12:00-22:00,Europe/London,,FALSE,chimichurris-london-england,https://cdn.prod.website-files.com/65c4e3041d72984c18dbb740/670f8f4cb127b9b6e35c92e1_Color%2520logo%2520with%2520background%25201%2520(2).png,,,,,"132 Southwark Bridge Rd, London SE1 0DG, UK",51.5005442,-0.0992011,0pjY6zdM86,Traditional Argentinian restaurant with charcoal grilled meats and fish. ,https://maps.app.goo.gl/dycFxNtTPpwXbEQYA,66e40d1edc02f44ce8481c7c,https://thenugget.app/template/location/chimichurris-london-england
Pizza Union Hoxton,Pizza Union Hoxton,145 City Road,London,England,EC1V 1AY,GB,,,https://www.pizzaunion.com/,0,"High chair, Baby change in unisex room, Wheelchair access, Small sharing plates, Vegetarian, Vegan, Cosy, Relaxed, Good for groups, Takeaway, Friendly staff, Healthy, Quick service, A/C",,11:00-23:00,11:00-23:00,11:00-23:00,11:00-23:00,11:00-23:00,11:00-23:00,11:00-23:00,Europe/London,,FALSE,pizza-union-hoxton-london-england,https://cdn.prod.website-files.com/65c4e3041d72984c18dbb740/670f8f4cb127b9b6e35c92e1_Color%2520logo%2520with%2520background%25201%2520(2).png,,,,,"145 City Rd, London EC1V 1AY, UK",51.5275386,-0.0884950,rJq9b2ZYJq,"Italian pizza bar with Roman styled pizzas, 12 inch crispy crusts. Fast and fresh! 6 locations in London",https://maps.app.goo.gl/n2Dfw1GhG4VVA7iZA,66e40d1fd99816b4de28ff6f,https://thenugget.app/template/location/pizza-union-hoxton-london-england
Leafy Bean Coffee & Cocktail Bar,Leafy Bean Coffee & Cocktail Bar,undefined,London,England,N22 8YY,GB,0 20 8888 8287,,http://www.leafybean.coffee/,0,"High chair, Baby change in unisex room, Baby change in women's room, Outdoor seating, Small sharing plates, Vegetarian, Vegan, Fun / Quirky, Cosy, Relaxed, Good for groups, Takeaway, Dog friendly, Friendly staff, Healthy, A/C",,07:00-13:30,07:00-13:30,07:00-13:30,07:00-13:30,07:00-13:30,09:00-14:00,closed,Europe/London,,FALSE,leafy-bean-coffee-cocktail-bar-london-england,https://cdn.prod.website-files.com/65c4e3041d72984c18dbb740/670f8f4cb127b9b6e35c92e1_Color%2520logo%2520with%2520background%25201%2520(2).png,,,,,"Bowes Park Station Platform 1, London N22 8YY, UK",51.6070676,-0.1205008,68MKZ6dM49,"Coffee, bagels, brioche and cocktails.",https://maps.app.goo.gl/xki3jFdZos22u2DS8,66e40d21e98e4eeeb4786ca5,https://thenugget.app/template/location/leafy-bean-coffee-cocktail-bar-london-england
Alexander The Great Restaurant,Alexander The Great Restaurant,8 Plender Street,London,England,NW1 0JT,GB,0 20 7388 1111,,https://www.alexanderthegreatgreekrestaurant.co.uk/,0,"High chair, Baby change in unisex room, Baby change in women's room, Outdoor seating, Small sharing plates, Vegetarian, Vegan, Cosy, Relaxed, Good for groups, Takeaway, Dog friendly, Friendly staff, Healthy, Quick service, A/C",,12:00-23:00,12:00-23:00,12:00-23:00,12:00-23:00,12:00-23:00,12:00-23:00,12:00-22:30,Europe/London,,FALSE,alexander-the-great-restaurant-london-england,https://cdn.prod.website-files.com/65c4e3041d72984c18dbb740/670f8f4cb127b9b6e35c92e1_Color%2520logo%2520with%2520background%25201%2520(2).png,,,,,"8 Plender St, London NW1 0JT, UK",51.5362345,-0.1388730,k8P7VGMmJb,Traditional Greek decor and an indoor garden with a lively taverna-style vibe for classic Greek food. Plenty of parking.,https://maps.app.goo.gl/yHJeRQFqpp2EZcy7A,66e40d2146da67d20ec3a1a4,https://thenugget.app/template/location/alexander-the-great-restaurant-london-england
Bill's Westfield White City Restaurant,Bill's Westfield White City Restaurant,Ariel Way,London,England,W12 7GB,GB,0 20 8054 5400,,https://bills-website.co.uk/restaurants/westfield-white-city/?utm_source=LocalGoogle&utm_medium=Organic,1,"High chair, Baby change in unisex room, Baby change in women's room, Kids' menu, Wheelchair access, Outdoor seating, Small sharing plates, Vegetarian, Vegan, Cosy, Relaxed, Good for groups, Free kids meal, Takeaway, Dog friendly, Friendly staff, Healthy, Quick service, A/C",,08:00-22:00,08:00-22:00,08:00-22:00,08:00-22:00,08:00-22:00,08:00-22:00,09:00-22:00,Europe/London,,FALSE,bill-s-westfield-white-city-restaurant-london-england,https://cdn.prod.website-files.com/65c4e3041d72984c18dbb740/6809f4a07c7a8e8557902689_Screenshot%25202025-04-23%2520at%252020.04.10.png,,,,,"Southern Terrace, Westfield Shopping Centre, Ariel Way, London W12 7GB, UK",51.5068002,-0.2211415,MJbZArkDJX,"Contemporary European chain offering breakfast, bruch, afternoon tea, lunch and dinner menus. Check website for kids eat meal calendar during school holidays. (Up to 2 kids can eat free ALL DAY when one adult orders any main from breakfast, lunch or dinner, Monday-Friday). Cash not accepted.  📸 Bill's",https://maps.app.goo.gl/RoSMAx8hRdzwdEcd7,66e40d23263f4387aa7e3c58,https://thenugget.app/template/location/bill-s-westfield-white-city-restaurant-london-england
Baluchi - A Pan Indian Destination,Baluchi - A Pan Indian Destination,181 Tooley Street,London,England,SE1 2JR,GB,0 20 3765 0000,,https://www.thelalit.com/the-lalit-london/eat-and-drink/baluchi/,1,"High chair, Baby change in unisex room, Baby change in women's room, Wheelchair access, Outdoor seating, Small sharing plates, Vegetarian, Vegan, Halal, Relaxed, Posh, Good for groups, Takeaway, Dog friendly, Friendly staff, Healthy, Quick service, A/C",,07:00-21:30,07:00-21:30,07:00-21:30,07:00-21:30,07:00-21:30,07:00-21:30,07:00-21:30,Europe/London,,FALSE,baluchi-a-pan-indian-destination-london-england,https://cdn.prod.website-files.com/65c4e3041d72984c18dbb740/670f8fee5a35713007ed5cb2_baluchi.jpeg,,,,,"181 Tooley St, London SE1 2JR, UK",51.5033333,-0.0783333,dJEOjQz5pW,"Beautiful dining room set in the historic Grade II listed former St. Olave’s Grammar School’s Assembly Hall, now a boutique hotel; serving breakfast, lunch, High Chai Indian Afternoon Tea, and dinner. Perfect setting for celebrations. 📸 Baluchi",https://maps.app.goo.gl/eXxr7NipGFs9ELSb6,66e40d2503a20f6a97382359,https://thenugget.app/template/location/baluchi-a-pan-indian-destination-london-england
Octagreen,Octagreen,85 Putney High Street,London,England,SW15 1SR,GB,0 20 8785 3698,,https://octagreen.co.uk/,0,"High chair, Baby change in unisex room, Baby change in women's room, Kids' menu, Wheelchair access, Outdoor seating, Small sharing plates, Vegetarian, Vegan, Halal, Cosy, Relaxed, Good for groups, Takeaway, Dog friendly, Friendly staff, Healthy, Quick service, A/C",,08:00-21:00,08:00-21:00,08:00-21:00,08:00-21:00,08:00-21:00,08:00-21:00,09:00-21:00,Europe/London,,FALSE,octagreen-london-england,,,,,,"85 Putney High St, London SW15 1SR, UK",51.4634873,-0.2155678,287yLnQG4A,"Healthy and fresh food that prides itself on being family-friendly, with something on the menu for everyone. ",https://maps.app.goo.gl/1s7dLLpFFbCiGxER8,66e40d26b630804c039389ac,https://thenugget.app/template/location/octagreen-london-england
Fiore Dell Amore Italian Restaurant Shoreditch,Fiore Dell Amore Italian Restaurant Shoreditch,192a Brick Lane,London,England,E1 6SA,GB,0 20 3827 9445,,https://www.fioredellamore.co.uk/,0,"High chair, Baby change in unisex room, Kids' menu, Wheelchair access, Playground nearby, Tourist attraction nearby, Small sharing plates, Vegetarian, Vegan, Halal, Cosy, Relaxed, Good for groups, Takeaway, Friendly staff, Healthy, Quick service, A/C",,10:00-22:00,10:00-22:00,10:00-22:00,10:00-22:00,10:00-23:00,10:00-23:00,10:00-22:00,Europe/London,,FALSE,fiore-dell-amore-italian-restaurant-shoreditch-london-england,,,,,,"192a Brick Ln, London E1 6SA, UK",51.5238175,-0.0713871,DJ36RLdY4m,"Authentic Italian in a beautiful setting, offering breakfast, lunch, and dinner. Combine with a tour of street art on Brick Lane or Spitalfields City Farm.",https://maps.app.goo.gl/cGJSB5TW69QwZvm47,66e40d27235a24ee71ad6e63,https://thenugget.app/template/location/fiore-dell-amore-italian-restaurant-shoreditch-london-england
Hiba Street Food,Hiba Street Food,10 Tottenham Street,London,England,W1T 4RD,GB,0 20 7636 6735,,https://www.hiba-express.co.uk/hiba-street/,0,"High chair, Baby change in unisex room, Baby change in women's room, Wheelchair access, Outdoor seating, Small sharing plates, Vegetarian, Vegan, Halal, Cosy, Relaxed, Good for groups, Takeaway, Dog friendly, Friendly staff, Healthy, Quick service",,11:00-23:00,11:00-23:00,11:00-23:00,11:00-23:00,11:00-23:00,11:00-23:00,closed,Europe/London,,FALSE,hiba-street-food-london-england,,,,,,"10 Tottenham St, London W1T 4RD, UK",51.5206870,-0.1351800,yJznK5bDJ6,"Warm & relaxed restaurant offering kebabs & other Lebanese cuisine, plus patio seating. ",https://maps.app.goo.gl/USSHoa2weCxpWFjX6,66e40d2833c174ed269024d6,https://thenugget.app/template/location/hiba-street-food-london-england
Steak & Lobster Warren Street,Steak & Lobster Warren Street,130 Tottenham Court Road,London,England,W1T 5AY,GB,0 20 7666 5430,,https://www.steakandlobster.com/location/warren-street,0,"High chair, Baby change in unisex room, Baby change in women's room, Kids' menu, Wheelchair access, Outdoor seating, Small sharing plates, Vegetarian, Vegan, Cosy, Relaxed, Good for groups, Dog friendly, Friendly staff, Healthy, Quick service, A/C",,12:00-22:00,12:00-22:00,12:00-22:00,12:00-22:00,12:00-22:15,12:00-22:15,closed,Europe/London,,FALSE,steak-lobster-warren-street-london-england,,,,,,"130 Tottenham Ct Rd, London W1T 5AY, UK",51.5241393,-0.1380835,X8Rjo19j8A,"Plush dining room offering rib-eye steak or lobster with fries & salad, plus cocktails & desserts.",https://maps.app.goo.gl/g327vU1Lw4pVzN418,66e40d2911bc8a95102a16b3,https://thenugget.app/template/location/steak-lobster-warren-street-london-england
Café Amisha,Café Amisha,161 Grange Road,London,England,SE1 3GH,GB,0 20 7231 7151,,https://www.cafeamisha.co.uk/,0,"High chair, Baby change in unisex room, Baby change in women's room, Kids' menu, Wheelchair access, Outdoor seating, Playground nearby, Small sharing plates, Vegetarian, Vegan, Cosy, Relaxed, Good for groups, Takeaway, Dog friendly, Friendly staff, Healthy, Quick service, A/C",,closed,12:00-22:00,12:00-22:00,12:00-22:00,12:00-22:00,12:00-22:00,12:00-21:00,Europe/London,,FALSE,cafe-amisha-london-england,,,,,,"Amisha Court, 161 Grange Rd, London SE1 3GH, UK",51.4951845,-0.0764221,B8eANkEV89,"Italian pasta & pizza, using fresh produce and meat & fish delivered daily. Combine with Bermondsey Spa Gardens playground. ",https://maps.app.goo.gl/MmmoRMNDzNFfq2UQA,66e40d2ae9d6ea4ba779aa4e,https://thenugget.app/template/location/cafe-amisha-london-england
Lizzie's Cucina - Italian Restaurant,Lizzie's Cucina - Italian Restaurant,85 Bramley Road,London,England,N14 4EY,GB,0 20 8886 5797,,,0,"Baby change in unisex room, Baby change in women's room, Wheelchair access, Outdoor seating, Small sharing plates, Vegetarian, Vegan, Cosy, Relaxed, Good for groups, Dog friendly, Friendly staff, Healthy, Quick service, A/C",,18:00-00:00,18:00-00:00,"12:00-16:00,18:00-00:00","12:00-16:00,18:00-00:00","12:00-16:00,18:00-00:00",12:00-00:00,12:00-00:00,Europe/London,,FALSE,lizzie-s-cucina-italian-restaurant-london-england,,,,,,"85 Bramley Rd, London N14 4EY, UK",51.6469371,-0.1344414,G4gKBgv240,Sicilian Chef Carmelo Carnevale cooking delicious Italian cuisine. Set Lunch Menu Wednesday -Friday (Two Courses £22/Three Courses £29),https://maps.app.goo.gl/omtJKEB4d3KrqjRU6,66e40d2b318fe23e36e2c7a1,https://thenugget.app/template/location/lizzie-s-cucina-italian-restaurant-london-england
"Colonel Saab, High Holborn","Colonel Saab, High Holborn",193-197 High Holborn,London,England,WC1V 7BD,GB,0 20 8016 6800,,https://colonelsaab.co.uk/,0,"High chair, Baby change in unisex room, Kids' menu, Wheelchair access, Small sharing plates, Vegetarian, Vegan, Gluten free, Halal, Buzzy, Posh, Good for groups, Takeaway, Friendly staff, Healthy, Quick service, A/C",,12:00-22:00,12:00-22:00,12:00-22:00,12:00-22:00,12:00-22:00,12:00-22:00,17:00-21:00,Europe/London,,FALSE,colonel-saab-high-holborn-london-england,,,,,,"193-197 High Holborn, London WC1V 7BD, UK",51.5169661,-0.1226498,OJNDVvj3pn,Indian fine dining experience in former Holborn Town Hall.  Reservations encouraged.,https://maps.app.goo.gl/bDEFBCSDAMMP46Ag7,66e40d2d21abaa29ddc42a9c,https://thenugget.app/template/location/colonel-saab-high-holborn-london-england
Mamma Dough - Peckham,Mamma Dough - Peckham,179 Queen's Road,London,England,SE15 2ND,GB,0 20 7635 3470,,https://www.mammadough.co.uk/,0,"High chair, Baby change in unisex room, Baby change in women's room, Kids' menu, Wheelchair access, Small sharing plates, Vegetarian, Vegan, Halal, Cosy, Relaxed, Good for groups, Free kids meal, Takeaway, Dog friendly, Friendly staff, Healthy, Quick service, A/C",,17:00-22:00,17:00-22:00,17:00-22:00,17:00-22:00,17:00-22:30,12:00-22:30,12:00-22:00,Europe/London,,FALSE,mamma-dough-peckham-london-england,,,,,,"179 Queen's Rd, London SE15 2ND, UK",51.4734882,-0.0563350,3827zw5WpB,A pizzeria using 48 hour fermented sourdough. Half price pizzas on Mondays. 5 locations around London. Accepts reservations.,https://maps.app.goo.gl/qbMnXD6Avk26Vs4H6,66e40d2eb51e2c0f7666c084,https://thenugget.app/template/location/mamma-dough-peckham-london-england
Spagnoletti,Spagnoletti,27 Euston Road,London,England,NW1 2SD,GB,0 20 7843 2221,,https://www.spagnoletti.co.uk/,0,"High chair, Baby change in unisex room, Baby change in women's room, Wheelchair access, Small sharing plates, Vegetarian, Vegan, Halal, Relaxed, Posh, Good for groups, Dog friendly, Friendly staff, Healthy, Quick service, A/C",,07:00-21:30,07:00-21:30,07:00-21:30,07:00-21:30,07:00-21:30,08:00-21:30,08:00-21:30,Europe/London,,FALSE,spagnoletti-london-england,,,,,,"27 Euston Rd., London NW1 2SD, UK",51.5297974,-0.1238724,zpBg6dVK4v,"An Italian restaurant serving breakfast, lunch, and dinnerin a ""whimsically retro-futuristic space"".  Best enjoyed shared.",https://maps.app.goo.gl/ep3jWY7p9djV5ZEcA,66e40d2e2ff4e0a27313aa43,https://thenugget.app/template/location/spagnoletti-london-england
Pasta Remoli Ealing Broadway,Pasta Remoli Ealing Broadway,6 Longfield Avenue,London,England,W5 2TD,GB,0 20 8840 2687,,http://www.remoli.co.uk/,0,"High chair, Baby change in unisex room, Baby change in women's room, Kids' menu, Wheelchair access, Outdoor seating, Small sharing plates, Vegetarian, Vegan, Gluten free, Cosy, Relaxed, Good for groups, Takeaway, Dog friendly, Friendly staff, Healthy, Quick service, A/C",,11:00-22:00,11:00-22:00,11:00-22:00,11:00-22:00,11:00-23:00,11:00-23:00,11:00-22:00,Europe/London,,FALSE,pasta-remoli-ealing-broadway-london-england,,,,,,"6 Dickens Yard, Longfield Ave, London W5 2TD, UK",51.5138080,-0.3067815,b4n2Mqzz4y,"Homemade pasta, £14.95 lunch deal Monday-Friday 12-4 pm pasta, side, and a drink",https://maps.app.goo.gl/Z9pd1Gzo3EjGkJrH9,66e40d2f47c4fa01a289b201,https://thenugget.app/template/location/pasta-remoli-ealing-broadway-london-england
Hoppers,Hoppers,77 Wigmore Street,London,England,W1U 1QE,GB,0 20 3319 8110,,https://www.hopperslondon.com/,0,"High chair, Baby change in unisex room, Baby change in women's room, Wheelchair access, Outdoor seating, Small sharing plates, Vegetarian, Vegan, Halal, Relaxed, Buzzy, Good for groups, Takeaway, Dog friendly, Friendly staff, Healthy, Quick service, A/C",,"12:00-15:00,17:30-22:00","12:00-15:00,17:30-22:00","12:00-15:00,17:30-22:00","12:00-15:00,17:30-22:45","12:00-15:00,17:30-22:45",12:00-22:45,12:00-21:30,Europe/London,,FALSE,hoppers-london-england,https://cdn.prod.website-files.com/65c4e3041d72984c18dbb740/670f8ff3355e8d795d6aa95e_Hoppers%2520marltbone.jpeg,,,,,"77 Wigmore St, London W1U 1QE, UK",51.5159042,-0.1507574,rpXR3G9VJB, Sri Lankan and South Indian cuisine and cocktails served with a friendly staff and a buzzy vibe. ,https://maps.app.goo.gl/V4KDxNmyoyuGoY8f8,66e40d3085ab9831825a6e08,https://thenugget.app/template/location/hoppers-london-england
Market Halls Oxford Street,Market Halls Oxford Street,9 Holles Street,London,England,W1G 0BD,GB,0 20 4580 1290,,https://www.markethalls.co.uk/,0,"High chair, Baby change in unisex room, Baby change in women's room, Wheelchair access, Small sharing plates, Vegetarian, Vegan, Halal, Cosy, Relaxed, Good for groups, Takeaway, Friendly staff, Healthy, Quick service, A/C",,11:00-23:00,11:00-23:00,11:00-23:00,11:00-23:00,11:00-23:00,11:00-23:00,11:00-22:00,Europe/London,,FALSE,market-halls-oxford-street-london-england,,,,,,"9 Holles St, London W1G 0BD, UK",51.5156791,-0.1444112,Q8dwlYzVJr,Buzzy dining market with multiple bars & restaurants over 2 floors. Something available for everyone. 3 locations in London including Victoria and Canary Wharf.,https://maps.app.goo.gl/PQqSiH3mnyaD1YNi8,66e40d31b267fedfce33dfa6,https://thenugget.app/template/location/market-halls-oxford-street-london-england
Steak & Lobster Marble Arch,Steak & Lobster Marble Arch,19-25 Granville Place,London,England,W1H 6PA,GB,0 20 7666 2690,,https://www.steakandlobster.com/?utm_source=Yext&utm_medium=Organic,0,"High chair, Baby change in unisex room, Baby change in women's room, Kids' menu, Wheelchair access, Small sharing plates, Vegetarian, Vegan, Halal, Relaxed, Buzzy, Good for groups, Friendly staff, Healthy, Quick service, A/C",,12:00-23:00,12:00-23:00,12:00-22:00,12:00-22:00,12:00-22:00,12:00-22:00,12:00-22:00,Europe/London,,FALSE,steak-lobster-marble-arch-london-england,,,,,,"19-25 Granville Pl, London W1H 6PA, UK",51.5144142,-0.1557666,wpZnRbw3pA,"Plush dining room offering rib-eye steak or lobster with fries & salad, plus cocktails. & desserts.",https://maps.app.goo.gl/BjmkPpcGqgJjJwL46,66e40d324ba74f31a8feb88f,https://thenugget.app/template/location/steak-lobster-marble-arch-london-england
The Hawk's Nest,The Hawk's Nest,Shepherd's Bush Market,London,England,W12 8DF,GB,0 7570 820944,,https://the-hawks-nest.co.uk/,0,"High chair, Baby change in unisex room, Baby change in women's room, Wheelchair access, Outdoor seating, Small sharing plates, Vegetarian, Vegan, Fun / Quirky, Relaxed, Good for groups, Takeaway, Dog friendly, Friendly staff, Healthy, Quick service, A/C",,16:00-22:30,16:00-22:30,16:00-22:30,16:00-00:00,16:00-00:00,12:00-00:00,14:00-22:30,Europe/London,,FALSE,the-hawk-s-nest-london-england,,,,,,"Goldhawk Rd, Shepherd's Bush Market, London W12 8DF, UK",51.5024782,-0.2268831,28OR0BZ1Jo,"Bustling bar offering pizzas, snacks and cocktailsin a plant-filled outdoor setting. No dogs after 7 pm on Fridays and Saturdays.",https://maps.app.goo.gl/S4sRstL9cPCptRi87,66e40d3221abaa29ddc431f1,https://thenugget.app/template/location/the-hawk-s-nest-london-england
The Crooked Well,The Crooked Well,16 Grove Lane,London,England,SE5 8SY,GB,0 20 7252 7798,,http://thecrookedwell.com/,0,"High chair, Baby change in unisex room, Baby change in women's room, Kids' menu, Wheelchair access, Outdoor seating, Small sharing plates, Vegetarian, Vegan, Cosy, Relaxed, Good for groups, Takeaway, Dog friendly, Friendly staff, Healthy, Quick service, A/C",,closed,16:00-23:00,16:00-23:00,16:00-23:00,16:00-23:00,12:30-23:30,12:30-21:00,Europe/London,,FALSE,the-crooked-well-london-england,,,,,,"16 Grove Ln, London SE5 8SY, UK",51.4729407,-0.0898359,PJmQ9nwnJl,Spacious neighbourhood gastropub with a modern-vintage vibe serving British meals.,https://maps.app.goo.gl/ZGUgq9oZeSU4Kogx5,66e40d33328a7a419213b529,https://thenugget.app/template/location/the-crooked-well-london-england
St Pancras Brasserie and Champagne Bar by Searcys,St Pancras Brasserie and Champagne Bar by Searcys,undefined,London,England,N1C 4QL,GB,0 20 7870 9900,,http://stpancrasbysearcys.co.uk/,0,"High chair, Baby change in unisex room, Baby change in women's room, Kids' menu, Wheelchair access, Outdoor seating, Small sharing plates, Vegetarian, Vegan, Relaxed, Buzzy, Posh, Good for groups, Dog friendly, Friendly staff, Healthy, Quick service, A/C",,08:00-21:00,08:00-21:00,08:00-21:00,08:00-21:00,08:00-21:00,08:00-21:00,11:00-17:00,Europe/London,,FALSE,st-pancras-brasserie-and-champagne-bar-by-searcys-london-england,,,,,,"St Pancras International Station, St. Pancras, London N1C 4QL, UK",51.5316965,-0.1267069,gprAomxw8X,"Chic bistro for modern British dishes & afternoon tea, plus a terrace bar with champagne & caviar. Located in St. Pancras station. ",https://maps.app.goo.gl/jd7NBuagjbVaURPPA,66e40d34fd2ac7be9ff89758,https://thenugget.app/template/location/st-pancras-brasserie-and-champagne-bar-by-searcys-london-england
Well Street Pizza Hackney,Well Street Pizza Hackney,184 Well Street,London,England,E9 6QT,GB,0 20 3058 1876,,http://www.urbanpubsandbars.com/venues/well-street-pizza?utm_source=gmb&utm_medium=organic&utm_campaign=homepage,0,"High chair, Baby change in unisex room, Baby change in women's room, Kids' menu, Wheelchair access, Outdoor seating, Small sharing plates, Vegetarian, Vegan, Cosy, Relaxed, Buzzy, Good for groups, Takeaway, Dog friendly, Friendly staff, Healthy, Quick service, A/C",,16:00-22:30,16:00-22:30,12:00-22:30,12:00-22:30,12:00-23:00,12:00-23:00,12:00-22:30,Europe/London,,FALSE,well-street-pizza-hackney-london-england,,,,,,"184 Well St, London E9 6QT, UK",51.5436674,-0.0470346,X8Rj02Vj8A,"Neapolitan pizza, pasta, craft beer & cocktails.",https://maps.app.goo.gl/Sz16VgCcXB1LqH2A6,66e40d3447c4fa01a289b5fd,https://thenugget.app/template/location/well-street-pizza-hackney-london-england
"The Admiralty, Trafalgar Square","The Admiralty, Trafalgar Square",66 Trafalgar Square,London,England,WC2N 5DS,GB,0 20 7930 0066,,https://www.admiraltytrafalgar.co.uk/,0,"High chair, Baby change in unisex room, Baby change in women's room, Wheelchair access, Outdoor seating, Tourist attraction nearby, Small sharing plates, Vegetarian, Vegan, Fun / Quirky, Relaxed, Buzzy, Good for groups, Dog friendly, Friendly staff, Healthy, Quick service, A/C",,11:00-23:00,11:00-23:00,11:00-23:00,11:00-23:00,11:00-23:00,11:00-23:00,11:00-22:00,Europe/London,,FALSE,the-admiralty-trafalgar-square-london-england,,,,,,"66 Trafalgar Sq, St. James's, London WC2N 5DS, UK",51.5073029,-0.1288474,wpZn0qa2pA,Traditional pub overlooking Nelson's Column. Known for their pies and other traditional British mains.A Fuller's pub.,https://maps.app.goo.gl/DEBPy9Z9g56M96w38,66e40d3575d3de560c904eca,https://thenugget.app/template/location/the-admiralty-trafalgar-square-london-england
Wildwood Restaurants Covent Garden,Wildwood Restaurants Covent Garden,35 - 36 Bow Street,London,England,WC2E 7AU,GB,0 20 7836 8640,,http://www.wildwoodrestaurants.co.uk/,0,"High chair, Baby change in unisex room, Baby change in women's room, Kids' menu, Wheelchair access, Small sharing plates, Vegetarian, Vegan, Relaxed, Buzzy, Good for groups, Takeaway, Friendly staff, Healthy, Kids' colouring, Quick service, A/C",,12:00-21:00,12:00-21:00,12:00-21:00,12:00-21:00,12:00-23:00,11:00-23:00,11:00-21:00,Europe/London,,FALSE,wildwood-restaurants-covent-garden-london-england,,,,,,"35 - 36 Bow St, London WC2E 7AU, UK",51.5130111,-0.1214278,wpZn0xzZpA,Well known family-friendly restaurant serving Italian favorites. Prides itself on a healthy kids menu that kids will like. ,https://maps.app.goo.gl/DMYNiQ1LPvkjzfAeA,66e40d36094c2560127c85d4,https://thenugget.app/template/location/wildwood-restaurants-covent-garden-london-england
The Depot,The Depot,North Road,London,England,N7 9EF,GB,0 20 3218 0083,,http://thedepotn7.co.uk/,0,"High chair, Baby change in unisex room, Baby change in women's room, Wheelchair access, Outdoor seating, Small sharing plates, Vegan, Gluten free, Relaxed, Buzzy, Good for groups, Dog friendly, Friendly staff, Quick service, A/C",,12:00-23:00,12:00-23:00,12:00-23:00,12:00-23:00,12:00-23:00,12:00-23:00,closed,Europe/London,,FALSE,the-depot-london-england,,,,,,"1, Carpenters Mews, North Road, London N7 9EF, UK",51.5488889,-0.1216667,ZJWZ0wma40,"Rustic gastro pub serving small plates, burgers, pizzas, and mains. Also hosts weddings and other large events. ",https://maps.app.goo.gl/jaR162mMtFtmV4GK8,66e40d369d081c7993bf415f,https://thenugget.app/template/location/the-depot-london-england
Brew & Barrel,Brew & Barrel,36A Old Town,London,England,SW4 0LB,GB,7872317846,,https://www.brewandbarrelsw4.com/,0,"High chair, Baby change in unisex room, Baby change in women's room, Wheelchair access, Outdoor seating, Small sharing plates, Vegetarian, Vegan, Cosy, Relaxed, Good for groups, Takeaway, Dog friendly, Friendly staff, Healthy, Quick service, A/C",,07:00-17:00,07:00-17:00,07:00-22:00,07:00-00:00,07:00-00:00,08:00-00:00,08:00-22:00,Europe/London,,FALSE,brew-barrel-london-england,,,,,,"36A Old Town, London SW4 0LB, UK",51.4639736,-0.1418398,N49e0gQz4G,"Menu is good for kids, Has changing table(s).",https://maps.app.goo.gl/Mv9HV5DZh8cDHyuq7,66e40d37f47c42a17abfacd0,https://thenugget.app/template/location/brew-barrel-london-england
Chez Melissa,Chez Melissa,7 High Street,Uxbridge,England,UB8 1JN,GB,0 1895 912015,,http://www.chezmelissarestaurant.com/,0,"High chair, Baby change in unisex room, Baby change in women's room, Wheelchair access, Small sharing plates, Vegetarian, Vegan, Halal, Cosy, Relaxed, Good for groups, Takeaway, Friendly staff, Healthy, Quick service, A/C",,closed,12:00-22:00,12:00-22:00,12:00-22:00,12:00-22:00,12:00-22:00,12:00-22:00,Europe/London,,FALSE,chez-melissa-uxbridge-england,,,,,,"7 High St, Uxbridge UB8 1JN, UK",51.5451936,-0.4778063,w8VB0wOB8a,"A Mediterranean restaurant, Menu is good for kids and Jubilee weekend Kids dine for free.",https://maps.app.goo.gl/fMdE1JYLWvoH6x15A,66e40d3821abaa29ddc439cf,https://thenugget.app/template/location/chez-melissa-uxbridge-england
Scoff & Banter Kensington,Scoff & Banter Kensington,68-86 Cromwell Road,London,England,SW7 5BT,GB,0 20 7666 1891,,,0,"High chair, Baby change in unisex room, Baby change in women's room, Kids' menu, Wheelchair access, Small sharing plates, Vegetarian, Vegan, Cosy, Relaxed, Good for groups, Friendly staff, Healthy, Quick service, A/C",,12:00-23:00,12:00-23:00,12:00-23:00,12:00-23:00,12:00-23:00,12:00-23:00,12:00-23:00,Europe/London,,FALSE,scoff-banter-kensington-london-england,,,,,,"68-86 Cromwell Rd, South Kensington, London SW7 5BT, UK",51.4953444,-0.1818861,Z4wZrmdjpP,A Modern European restaurant. ,https://maps.app.goo.gl/mT5unMgPmW7yiSXL6,66e40d38c0a294f4a7f234bf,https://thenugget.app/template/location/scoff-banter-kensington-london-england
Biscuiteers,Biscuiteers,194 Kensington Park Road,London,England,W11 2ES,GB,0 20 7727 8096,,https://www.biscuiteers.com/,0,"High chair, Baby change in unisex room, Baby change in women's room, Kids' menu, Small sharing plates, Fun / Quirky, Cosy, Relaxed, Good for groups, Takeaway, Friendly staff, Kids' colouring, Quick service, A/C",,10:00-18:00,10:00-18:00,10:00-18:00,10:00-18:00,10:00-18:00,10:00-18:00,11:00-17:00,Europe/London,,FALSE,biscuiteers-london-england,,,,,,"194 Kensington Park Rd, London W11 2ES, UK",51.5156159,-0.2057061,gpaA7w19pZ,A bakery that is good for kids,https://maps.app.goo.gl/vQPidi6PxkVHyAZV8,66e40d3921abaa29ddc43a47,https://thenugget.app/template/location/biscuiteers-london-england
"The Blue Boat, Fulham Reach","The Blue Boat, Fulham Reach",Parr's Way,London,England,W6 9GD,GB,0 20 3092 2090,,https://www.theblueboat.co.uk/?utm_source=googlemybusiness&utm_medium=organic&utm_campaign=yext&utm_content=P177&y_source=1_MTIyMzcxNTctNzE1LWxvY2F0aW9uLndlYnNpdGU%3D,0,"High chair, Baby change in unisex room, Baby change in women's room, Wheelchair access, Outdoor seating, Small sharing plates, Vegetarian, Vegan, Cosy, Relaxed, Good for groups, Dog friendly, Friendly staff, Healthy, Quick service, A/C",,12:00-23:00,12:00-23:00,12:00-23:00,12:00-23:00,12:00-23:00,12:00-23:00,12:00-22:00,Europe/London,,FALSE,the-blue-boat-fulham-reach-london-england,,,,,,"Distillery Wharf, Parr's Wy., London W6 9GD, UK",51.4871978,-0.2269837,N4Q60baDJO," A modern riverside Pub, Menu is good for kids",https://maps.app.goo.gl/7NnwqXRos4cB8M2P7,66e40d39e98e4eeeb47887ad,https://thenugget.app/template/location/the-blue-boat-fulham-reach-london-england
Smith's Bar & Grill,Smith's Bar & Grill,25 Sheldon Square,London,England,W2 6EP,GB,0 20 7286 9458,,http://www.smithsbarandgrill.co.uk/?utm_source=Google&utm_medium=Search&utm_campaign=organic,0,"High chair, Baby change in unisex room, Baby change in women's room, Kids' menu, Wheelchair access, Outdoor seating, Small sharing plates, Vegetarian, Vegan, Fun / Quirky, Cosy, Relaxed, Good for groups, Takeaway, Dog friendly, Friendly staff, Healthy, Quick service, A/C",,08:00-23:00,08:00-23:00,08:00-23:00,08:00-23:00,08:00-23:00,09:00-23:00,09:00-23:00,Europe/London,,FALSE,smith-s-bar-grill-london-england,,,,,,"25 Sheldon Square, London W2 6EP, UK",51.5192210,-0.1790959,ZpoVw3168D,contemporary lounge bar,https://maps.app.goo.gl/CJGmdomwzfzmniuX8,66e40d3a6b37bbeb6dd7e171,https://thenugget.app/template/location/smith-s-bar-grill-london-england
Putt in the Park,Putt in the Park,Albert Bridge Road,London,England,SW11 4NJ,GB,0 20 7228 4946,,http://www.puttinthepark.com/,0,"High chair, Baby change in unisex room, Baby change in women's room, Wheelchair access, Outdoor seating, Playground nearby, Small sharing plates, Vegetarian, Vegan, Cosy, Relaxed, Good for groups, Takeaway, Dog friendly, Friendly staff, Healthy, Games available, Kids' play space, Quick service, A/C",,09:00-19:00,09:00-19:00,09:00-19:00,09:00-20:00,09:00-20:00,09:00-20:00,09:00-20:00,Europe/London,,FALSE,putt-in-the-park-london-england,,,,,,"Albert Bridge Rd, London SW11 4NJ, UK",51.4758814,-0.1618102,64Ke0jEk8g,A lovely friendly place! Menu is good for kids ,https://maps.app.goo.gl/2KEbobUMPicbL7cU8,66e40d3a6b37bbeb6dd7e19c,https://thenugget.app/template/location/putt-in-the-park-london-england
Ayllu,Ayllu,25 Sheldon Square,London,England,W2 6EY,GB,0 20 8054 0385,,https://www.ayllu.co.uk/,0,"High chair, Baby change in unisex room, Baby change in women's room, Outdoor seating, Small sharing plates, Vegetarian, Vegan, Fun / Quirky, Relaxed, Buzzy, Good for groups, Takeaway, Dog friendly, Friendly staff, Healthy, Quick service, A/C",,12:00-23:00,12:00-23:00,12:00-23:00,12:00-23:00,12:00-23:00,11:00-23:00,12:00-22:30,Europe/London,,FALSE,ayllu-london-england,,,,,,"Located beneath Smith's Bar & Grill, 25 Sheldon Square, London W2 6EY, UK",51.5192168,-0.1792079,PJmQ9313Jl,"Peruvian-Japanese fusion with outdoor dining beside the canal. Bottomless Brunch (food and drink) every Sat & Sun with samba dancing (15 min) at 1:30, 2:30 and 3:30 pm.",https://maps.app.goo.gl/8aNeBxQfMKR7h4fU7,66e40d3bf50a796606e9fa29,https://thenugget.app/template/location/ayllu-london-england
Dishoom Shoreditch,Dishoom Shoreditch,7 Boundary Street,London,England,E2 7JE,GB,0 20 7420 9324,,https://www.dishoom.com/shoreditch?utm_source=google&utm_medium=organic&utm_campaign=Yext&utm_content=D2-Shoreditch&y_source=1_MjMwNDkyMDQtNzE1LWxvY2F0aW9uLndlYnNpdGU=,1,"High chair, Baby change in unisex room, Baby change in women's room, Kids' menu, Wheelchair access, Outdoor seating, Small sharing plates, Vegetarian, Vegan, Halal, Relaxed, Buzzy, Good for groups, Takeaway, Dog friendly, Friendly staff, Healthy, Quick service, A/C",,08:00-23:00,08:00-23:00,08:00-23:00,08:00-00:00,08:00-00:00,09:00-00:00,09:00-23:00,Europe/London,,FALSE,dishoom-shoreditch-london-england,https://cdn.prod.website-files.com/65c4e3041d72984c18dbb740/670f8ffcc5aa4d46dad0999e_Dishoom%2520shoreditch.png,,,,,"7 Boundary St, London E2 7JE, UK",51.5246150,-0.0770750,gprAoXge8X,Buzzy destination for Indian street food in Bombay-style decor with 7 locations around London.  📸 Dishoom,https://maps.app.goo.gl/vci31QjEDnxBFrBU6,66e40d3d2683322de46e82f4,https://thenugget.app/template/location/dishoom-shoreditch-london-england
Brew Street Cafe & Bar at Timber Lodge,Brew Street Cafe & Bar at Timber Lodge,1A Honour Lea Avenue,London,England,E20 1DY,GB,0 20 7738 7738,,http://www.brewstreet.uk/,0,"High chair, Baby change in unisex room, Baby change in women's room, Kids' menu, Wheelchair access, Outdoor seating, Small sharing plates, Vegetarian, Vegan, Fun / Quirky, Relaxed, Good for groups, Takeaway, Dog friendly, Friendly staff, Healthy, Kids' play space, Quick service, A/C",,09:00-18:00,09:00-18:00,09:00-18:00,09:00-18:00,09:00-20:00,09:00-20:00,09:00-18:00,Europe/London,,FALSE,brew-street-cafe-bar-at-timber-lodge-london-england,,,,,,"1A Honour Lea Ave, London E20 1DY, UK",51.5474491,-0.0148273,DJ36gXZL4m,"Friendly cafe in the middle of Queen Elizabeth Park, nearby the massive Tumbling Bay Playground. Outdoor seating and takeaway available. ",https://maps.app.goo.gl/61sZYtt2feSrrFWC7,66e40d3eab10464420ea0afb,https://thenugget.app/template/location/brew-street-cafe-bar-at-timber-lodge-london-england
Science Afternoon Tea at The Drawing Rooms (at The Ampersand Hotel),Science Afternoon Tea at The Drawing Rooms (at The Ampersand Hotel),10 Harrington Road,London,England,SW7 3ER,GB,0 20 7591 4414,,http://www.ampersandhotel.com/eat-and-drink-at-the-ampersand-hotel/the-drawing-rooms?utm_source=google&utm_medium=local&utm_campaign=drawing_rooms,0,"High chair, Baby change in unisex room, Baby change in women's room, Kids' menu, Wheelchair access, Small sharing plates, Vegetarian, Vegan, Cosy, Relaxed, Good for groups, Friendly staff, Healthy, Quick service, A/C",,12:00-19:00,12:00-19:00,12:00-19:00,12:00-19:00,12:00-19:00,11:30-19:30,11:30-19:30,Europe/London,,FALSE,science-afternoon-tea-at-the-drawing-rooms-at-the-ampersand-hotel-london-england,,,,,,"10 Harrington Rd, South Kensington, London SW7 3ER, UK",51.4942267,-0.1753236,w8VB0bXb8a,Great tea selection and great atmosphere.,https://maps.app.goo.gl/FUPHCi63CMr3aVyf6,66e40d3ff50a796606e9feca,https://thenugget.app/template/location/science-afternoon-tea-at-the-drawing-rooms-at-the-ampersand-hotel-london-england
La Gamba - Spanish Tapas Bar & Restaurant,La Gamba - Spanish Tapas Bar & Restaurant,undefined,London,England,SE1 8XX,GB,0 20 7183 0094,,http://www.lagambalondon.com/?utm_source=gmb&utm_medium=organic&utm_campaign=google-my-business,0,"High chair, Baby change in unisex room, Baby change in women's room, Wheelchair access, Outdoor seating, Small sharing plates, Vegetarian, Vegan, Cosy, Relaxed, Good for groups, Dog friendly, Friendly staff, Healthy, Quick service, A/C",,11:00-23:00,11:00-23:00,11:00-23:00,11:00-23:00,11:00-23:00,11:00-23:00,11:00-23:00,Europe/London,,FALSE,la-gamba-spanish-tapas-bar-restaurant-london-england,,,,,,"Unit 3, Royal Festival Hall, Southbank Centre, London SE1 8XX, UK",51.5062053,-0.1172521,B4Le0awKJe,"Spanish Restaurant, Menu is good for kids.",https://maps.app.goo.gl/fxBNhhpDjmhPw5fc7,66e40d3facdc857f2edbe2e3,https://thenugget.app/template/location/la-gamba-spanish-tapas-bar-restaurant-london-england
Sonora Taquería,Sonora Taquería,208 Stoke Newington High Street,London,England,N16 7HU,GB,,,http://sonorataqueria.com/,0,"Baby change in unisex room, Wheelchair access, Small sharing plates, Vegetarian, Vegan, Cosy, Relaxed, Good for groups, Takeaway, Friendly staff, Healthy, Quick service, A/C",,closed,closed,closed,12:00-16:00,12:00-16:00,12:00-16:00,12:00-16:00,Europe/London,,FALSE,sonora-taqueria-london-england,,,,,,"208 Stoke Newington High St, London N16 7HU, UK",51.5626591,-0.0733332,yJznRYPXJ6,"A Mexican Restaurant, no cash accepted.",https://maps.app.goo.gl/RkmmM4YjmpKjVhiA9,66e40d40e1679c83065c0555,https://thenugget.app/template/location/sonora-taqueria-london-england
Corrochio's,Corrochio's,70-74 Stoke Newington Road,London,England,N16 7XB,GB,0 20 3239 7179,,http://corrochios.com/,0,"High chair, Baby change in unisex room, Baby change in women's room, Small sharing plates, Vegetarian, Vegan, Cosy, Relaxed, Good for groups, Friendly staff, Healthy, Quick service",,closed,18:00-23:00,18:00-23:00,18:00-23:00,18:00-00:00,12:00-00:00,12:00-18:00,Europe/London,,FALSE,corrochio-s-london-england,,,,,,"70-74 Stoke Newington Rd, London N16 7XB, UK",51.5526651,-0.0746363,Z4vZk5dz4Q,"A Mexican Restaurant, no cash accepted.",https://maps.app.goo.gl/29mLzUgTM67mHUdr6,66e40d41235a24ee71ad8f9d,https://thenugget.app/template/location/corrochio-s-london-england
Latino Hits,Latino Hits,14 Stoke Newington Road,London,England,N16 7XN,GB,0 20 3601 6496,,,0,"Baby change in unisex room, Baby change in women's room, Outdoor seating, Small sharing plates, Vegetarian, Vegan, Cosy, Relaxed, Good for groups, Takeaway, Dog friendly, Friendly staff, Healthy, Quick service, A/C",,12:00-00:00,12:00-00:00,12:00-00:00,12:00-00:00,12:00-02:00,12:00-02:00,12:00-00:00,Europe/London,,FALSE,latino-hits-london-england,,,,,,"14 Stoke Newington Rd, London N16 7XN, UK",51.5510347,-0.0747835,k4Y90Wyw4X,"Latin American restaurant, Menu is good for kids, cash not accepted.",https://maps.app.goo.gl/CRkLWvQT98Qkx41q8,66e40d413dfb768492903424,https://thenugget.app/template/location/latino-hits-london-england
Del74 Tacos,Del74 Tacos,129 Kingsland High Street,London,England,E8 2PB,GB,0 20 3609 7035,,https://www.tacosdel74.com/,0,"High chair, Baby change in unisex room, Baby change in women's room, Wheelchair access, Outdoor seating, Small sharing plates, Vegetarian, Vegan, Cosy, Relaxed, Good for groups, Takeaway, Dog friendly, Friendly staff, Healthy, Quick service, A/C",,closed,17:00-22:00,closed,17:00-22:00,12:00-23:00,12:00-23:00,closed,Europe/London,,FALSE,del74-tacos-london-england,,,,,,"129 Kingsland High St, London E8 2PB, UK",51.5504022,-0.0753334,B4Le0aLZJe,"Mexican plates, plus wine & beer. Menu is good for kids, Cash not accepted.",https://maps.app.goo.gl/6ZxQ8hyn7tvN2jUb8,66e40d42b51e2c0f7666d95b,https://thenugget.app/template/location/del74-tacos-london-england
Pako Taco,Pako Taco,Dalston Lane,London,England,E8 3DF,GB,0 7944 945057,,https://www.pakotaco.com/,0,"Baby change in unisex room, Baby change in women's room, Outdoor seating, Small sharing plates, Vegetarian, Vegan, Cosy, Relaxed, Good for groups, Takeaway, Dog friendly, Friendly staff, Healthy, Quick service, A/C",,closed,closed,closed,closed,17:00-22:00,17:00-22:00,closed,Europe/London,,FALSE,pako-taco-london-england,,,,,,"Dalston Ln, London E8 3DF, UK",51.5463417,-0.0739624,r85dNEMZJN,Menu is good For Kids.,https://maps.app.goo.gl/FbU3MCpuuNhZCW9d8,66e40d43e20a81a71872ed6c,https://thenugget.app/template/location/pako-taco-london-england
Hacha Dalston,Hacha Dalston,378 Kingsland Road,London,England,E8 4AA,GB,0 20 3489 7576,,http://hachabar.com/,0,"Baby change in unisex room, Baby change in women's room, Wheelchair access, Outdoor seating, Cosy, Relaxed, Good for groups, Dog friendly, Friendly staff, Quick service, A/C",,closed,17:00-23:00,17:00-23:00,17:00-23:00,17:00-23:00,17:00-23:00,closed,Europe/London,,FALSE,hacha-dalston-london-england,,,,,,"378 Kingsland Rd, London E8 4AA, UK",51.5410079,-0.0760983,zpAL0GK28d," Tacos and Mexican snacks with partners Tigre Tacos, cocktail bar. cash not accepted",https://maps.app.goo.gl/zVNw1TKXqES3kdpx9,66e40d44f8d447bc213ccb5d,https://thenugget.app/template/location/hacha-dalston-london-england
Mare Street Market King's Cross,Mare Street Market King's Cross,10 Lewis Cubitt Walk,London,England,N1C 4DY,GB,020 366 40159,,https://marestreetmarket.com/kingscross/#homepage,1,"High chair, Baby change in unisex room, Kids' menu, Wheelchair access, Outdoor seating, Small sharing plates, Vegetarian, Vegan, Fun / Quirky, Cosy, Buzzy, Good for groups, Takeaway, Dog friendly, Healthy, Games available, A/C",,08:00-23:30,08:00-23:30,08:00-23:30,08:00-23:30,08:00-00:00,08:00-00:00,08:00-22:30,Europe/London,,FALSE,mare-street-market-king-s-cross-london-england,https://cdn.prod.website-files.com/65c4e3041d72984c18dbb740/670f90035ddbb5a45cf9dc62_mare%2520street%2520King%2527s%2520Cross.jpeg,,,,,"10 Lewis Cubitt Walk, London N1C 4DY, UK",51.5372012,-0.1264560,b4n2VRyx4y,"Opened in July 2024 with 8 shops, café, deli, restaurant, and bar, with indoor and outdoor seating. Co-working space also available.",https://maps.app.goo.gl/LEwYbkjMzFHcjRGV7,66e40d45286375716fff5b90,https://thenugget.app/template/location/mare-street-market-king-s-cross-london-england
Urban Social,Urban Social,236 Upper Street,London,England,N1 1RU,GB,,,http://urbansocialcoffee.co.uk/,0,"High chair, Baby change in unisex room, Baby change in women's room, Kids' menu, Outdoor seating, Small sharing plates, Vegetarian, Vegan, Cosy, Relaxed, Good for groups, Takeaway, Dog friendly, Friendly staff, Healthy, Quick service, A/C",,07:30-17:00,07:30-17:00,07:30-17:00,07:30-17:00,07:30-17:00,08:00-17:00,09:00-17:00,Europe/London,,FALSE,urban-social-london-england,,,,,,"236 Upper St, London N1 1RU, UK",51.5447863,-0.1035316,x86G212wpy, Trendy coffee house.,https://maps.app.goo.gl/EHJKwFwnVGzneynK9,66e40d4510c0138a0d183651,https://thenugget.app/template/location/urban-social-london-england
Honey & Co. Bloomsbury,Honey & Co. Bloomsbury,54 Lamb's Conduit Street,London,England,WC1N 3LW,GB,0 20 7388 6175,,http://www.honeyandco.co.uk/,0,"High chair, Baby change in unisex room, Baby change in women's room, Wheelchair access, Outdoor seating, Small sharing plates, Vegetarian, Vegan, Cosy, Relaxed, Good for groups, Takeaway, Dog friendly, Friendly staff, Healthy, Quick service, A/C",,12:00-22:30,08:00-22:30,08:00-22:30,07:45-22:30,08:00-22:30,09:00-22:30,closed,Europe/London,,FALSE,honey-co-bloomsbury-london-england,,,,,,"54 Lamb's Conduit St, London WC1N 3LW, UK",51.5219456,-0.1184179,y8GD0aA9pr,A Middle Eastern restaurant. Menu is also good for kids.,https://maps.app.goo.gl/YGvBm2xPi63Z9pVSA,66e40d46b72f9ee32d947134,https://thenugget.app/template/location/honey-co-bloomsbury-london-england
Mount St. Restaurant,Mount St. Restaurant,41-43 Mount Street,London,England,W1K 2RX,GB,0 20 3840 9860,,http://www.mountstrestaurant.com/,0,"High chair, Baby change in unisex room, Baby change in women's room, Wheelchair access, Small sharing plates, Vegetarian, Vegan, Cosy, Relaxed, Good for groups, Friendly staff, Healthy, Quick service, A/C",,07:30-22:00,07:30-22:00,07:30-22:00,07:30-22:00,07:30-22:00,09:00-22:00,09:00-17:00,Europe/London,,FALSE,mount-st-restaurant-london-england,,,,,,"First Floor, 41-43 Mount St, London W1K 2RX, UK",51.5097059,-0.1515884,rJq9QrDqJq,"Modern British restaurant, Menu is good for kids.",https://maps.app.goo.gl/eUUjuDbMbYm81Zkc6,66e40d473dfb768492903803,https://thenugget.app/template/location/mount-st-restaurant-london-england
Brother Marcus South Kensington,Brother Marcus South Kensington,1-3 Pelham Street,London,England,SW7 2ND,GB,0 20 3146 0404,,https://brothermarcus.co.uk/locations/southkensington/,0,"Baby change in unisex room, Baby change in women's room, Wheelchair access, Small sharing plates, Vegetarian, Vegan, Cosy, Relaxed, Good for groups, Dog friendly, Friendly staff, Quick service, A/C",,07:30-17:00,07:30-23:00,07:30-23:00,07:30-23:00,07:30-23:00,08:30-23:00,08:30-17:00,Europe/London,,FALSE,brother-marcus-south-kensington-london-england,,,,,,"1-3 Pelham St, South Kensington, London SW7 2ND, UK",51.4941560,-0.1744284,k8P70zXKJb,"A Mediterranean restaurant, Menu is good for kids.",https://maps.app.goo.gl/f89EBHV4pUyL3H1X7,66e40d47a961b9e02eb1d9c2,https://thenugget.app/template/location/brother-marcus-south-kensington-london-england
Eggbreak,Eggbreak,30 Uxbridge Street,London,England,W8 7TA,GB,0 20 3535 8300,,https://eggbreak.com/,1,"High chair, Playground nearby, Small sharing plates, Vegetarian, Vegan, Dairy Free, Cosy, Relaxed, Good for groups, Takeaway, Dog friendly, Friendly staff, Kids' colouring, Quick service",,08:00-15:00,08:00-15:00,08:00-15:00,08:00-15:00,08:00-15:00,08:00-17:00,08:00-17:00,Europe/London,,FALSE,eggbreak-london-england,https://cdn.prod.website-files.com/65c4e3041d72984c18dbb740/670f9006b940c837d3579913_eggbreak.png,,,,,"30 Uxbridge St, London W8 7TA, UK",51.5083375,-0.1978498,MJbZ6PoQJX,"Breakfast restaurant serving eggs all day, with sweet offers like pancakes, French toast and banana bread. Walk ins only.  Combine with  Diana, Princess of Wales Memorial Playground (before it closes for refurbishment autumn 2025). 📸 Eggbreak",https://maps.app.goo.gl/7TqGpNkyQ5oUv4tq5,66e40d4877af78119b489242,https://thenugget.app/template/location/eggbreak-london-england
Duck & Waffle,Duck & Waffle,110 Bishopsgate,London,England,EC2N 4AY,GB,0 20 3640 7310,,https://duckandwaffle.com/,0,"High chair, Baby change in unisex room, Baby change in women's room, Wheelchair access, Small sharing plates, Vegetarian, Vegan, Cosy, Relaxed, Good for groups, Friendly staff, Healthy, Quick service, A/C",,00:00-00:00,00:00-00:00,00:00-00:00,00:00-00:00,00:00-00:00,00:00-00:00,00:00-00:00,Europe/London,,FALSE,duck-waffle-london-england,,,,,,"110 Bishopsgate, London EC2N 4AY, UK",51.5162529,-0.0811942,wpZn0gEApA,"British & European cuisine 24/7, Menu is good for kids.",https://maps.app.goo.gl/5zJw5nc2Aiz5biaV9,66e40d4b57ea9706b00cc70d,https://thenugget.app/template/location/duck-waffle-london-england
The Breakfast Club London Bridge,The Breakfast Club London Bridge,11 Southwark Street,London,England,SE1 1RQ,GB,0 20 7078 9634,,http://www.thebreakfastclubcafes.com/locations/london-bridge/,1,"High chair, Baby change in unisex room, Baby change in women's room, Kids' menu, Wheelchair access, Outdoor seating, Small sharing plates, Vegetarian, Vegan, Relaxed, Buzzy, Good for groups, Takeaway, Dog friendly, Friendly staff, Healthy, Quick service, A/C",,07:30-15:00,07:30-15:00,07:30-21:30,07:30-21:30,07:30-21:30,07:30-21:30,07:30-16:00,Europe/London,,FALSE,the-breakfast-club-london-bridge-london-england,https://cdn.prod.website-files.com/65c4e3041d72984c18dbb740/670f90079a73919fc2347f11_BC-%2520London-bridge-web-tile-.jpeg,,,,,"11 Southwark St, London SE1 1RQ, UK",51.5046066,-0.0913463,N49e06od4G,Classic American breakfast favourites with a cool vibe and friendly staff. 11 locations around London. 📸 The Breakfast Club,https://maps.app.goo.gl/VieZNLPQ3wLMzP2L6,66e40d4c03da75645364ad00,https://thenugget.app/template/location/the-breakfast-club-london-bridge-london-england
The Lock Tavern,The Lock Tavern,35 Chalk Farm Road,London,England,NW1 8AJ,GB,0 20 7482 7163,,https://www.lock-tavern.com/,0,"High chair, Baby change in unisex room, Baby change in women's room, Kids' menu, Wheelchair access, Outdoor seating, Fun / Quirky, Cosy, Relaxed, Good for groups, Takeaway, Dog friendly, Friendly staff, Kids' colouring, Quick service, A/C",,12:00-22:45,12:00-23:00,12:00-23:00,12:00-00:00,12:00-01:00,12:00-01:00,12:00-23:00,Europe/London,,FALSE,the-lock-tavern-london-england,,,,,,"35 Chalk Farm Rd, Chalk Farm, London NW1 8AJ, UK",51.5428262,-0.1476997,yJznR7e0J6,A Pub with live music.,https://maps.app.goo.gl/CqBYke5naSTGgFwF9,66e40d4d57ea9706b00cc9a6,https://thenugget.app/template/location/the-lock-tavern-london-england
The Three Crowns,The Three Crowns,8 East Road,London,England,N1 6DX,GB,0 20 3058 4810,,http://www.threecrownsshoreditch.com/,0,"High chair, Baby change in unisex room, Baby change in women's room, Wheelchair access, Outdoor seating, Vegetarian, Vegan, Cosy, Relaxed, Good for groups, Dog friendly, Friendly staff, Healthy, Quick service, A/C",,16:00-23:00,12:00-23:30,12:00-23:30,12:00-23:30,12:00-23:30,12:00-23:30,12:00-22:30,Europe/London,,FALSE,the-three-crowns-london-england,,,,,,"8 East Rd, London N1 6DX, UK",51.5271579,-0.0876822,B8eAGOqM89,A pub for seasonal British fare and craft beer. Menu is also good for kids. ,https://maps.app.goo.gl/JTSjdRe9Jp5L6ejf8,66e40d4e235a24ee71ad9b93,https://thenugget.app/template/location/the-three-crowns-london-england
Bocconcino Soho,Bocconcino Soho,59 Great Marlborough Street,London,England,W1F 7JY,GB,0 20 7499 4510,,https://bocconcinorestaurant.co.uk/soho,0,"High chair, Baby change in unisex room, Baby change in women's room, Kids' menu, Wheelchair access, Small sharing plates, Vegetarian, Vegan, Relaxed, Good for groups, Takeaway, Friendly staff, Healthy, Quick service, A/C",,12:00-00:30,12:00-00:30,12:00-00:30,12:00-00:30,12:00-00:30,12:00-00:30,12:00-22:30,Europe/London,,FALSE,bocconcino-soho-london-england,,,,,,"59 Great Marlborough St, London W1F 7JY, UK",51.5147129,-0.1372864,Z4vZk2r94Q,"An Italian restaurant, Menu is good for kids.",https://maps.app.goo.gl/5RQhEic3dJCGSiyB9,66e40d4f75d3de560c906da8,https://thenugget.app/template/location/bocconcino-soho-london-england
The Campaner,The Campaner,1 Garrison Square,London,England,SW1W 8BG,GB,0 20 4580 1385,,https://www.thecampaner.com/,0,"High chair, Baby change in unisex room, Baby change in women's room, Kids' menu, Wheelchair access, Outdoor seating, Small sharing plates, Vegetarian, Vegan, Cosy, Relaxed, Good for groups, Takeaway, Dog friendly, Friendly staff, Healthy, Quick service, A/C",,closed,12:00-00:00,12:00-00:00,12:00-00:00,12:30-00:30,09:00-00:30,09:00-18:00,Europe/London,,FALSE,the-campaner-london-england,,,,,,"Chelsea Barracks, 1 Garrison Square, London SW1W 8BG, UK",51.4894969,-0.1527674,k4Y90bLq4X,Catalonian restaurant.,https://maps.app.goo.gl/CwDFWHWUySz9EtSc7,66e40d50318fe23e36e2efb6,https://thenugget.app/template/location/the-campaner-london-england
Abeno,Abeno,47 Museum Street,London,England,WC1A 1LY,GB,0 20 7405 3211,,http://www.abeno.co.uk/,0,"High chair, Baby change in unisex room, Baby change in women's room, Wheelchair access, Small sharing plates, Vegetarian, Vegan, Cosy, Relaxed, Good for groups, Takeaway, Friendly staff, Healthy, Quick service, A/C",,11:45-21:30,12:00-21:30,12:00-21:30,12:00-21:30,12:00-21:30,12:00-21:30,closed,Europe/London,,FALSE,abeno-london-england,,,,,,"47 Museum St, London WC1A 1LY, UK",51.5175278,-0.1252333,B4Le0NQjJe,Simple Japanese restaurant. Menu is good for kids.,https://maps.app.goo.gl/SFok98zwdLhJviRbA,66e40d506b37bbeb6dd7e502,https://thenugget.app/template/location/abeno-london-england
