id,name,cuisine,rating,price_range,coordinates,address,phone,website,description,hours,image,family_friendly,amenities,owner_id,is_active,created_at,updated_at,city,slug
00c02b91-b5b7-4dbb-b5a8-c3daca204b69,Pho & Bun,Vietnamese,4.5,$$,"(51.5119378,-0.1317572)","76 Shaftesbury Ave, London W1D 6ND, UK",20 3230 1086,https://phoandbun.com/,Authentic Vietnamese street food including pho and bao burgers. Perfect for a pre or post show quick meal.,"Mon-Sat: 12:00-22:00, Sun: 12:00-22:00",https://cdn.prod.website-files.com/65c4e3041d72984c18dbb740/670f8f9227e5e1298d3ba371_pho%2520and%2520bun.png,"{""kidsMenu"":false,""playArea"":false,""highChairs"":false,""familyPackages"":false,""changingStation"":false,""quietEnvironment"":false}","[""Baby change in womens room"",""Vegetarian"",""Vegan"",""Good for groups""]",,true,2025-10-07 18:50:49.585057+00,2025-10-08 09:01:11.333336+00,London,pho-bun
02419492-d2ef-4a77-98f9-09f3ec955b4a,Bread Street Kitchen & Bar - St Paul's,European,4.4,$$,"(51.5133382,-0.0950071)","First Floor One, 10 New Change, London EC4M 9AJ, UK",020 3030 4050,https://www.gordonramsayrestaurants.com/bread-street-kitchen/st-pauls/book-a-table/,"A Modern European restaurant with something for everyone, including a delicious Beef Wellington for two. Kids (8 and under) eat free all day every day: one kids meal free with the purchase of an adult's meal.","Mon-Fri: 07:30-23:00, Sat: 11:30-23:00, Sun: 11:30-21:00",https://cdn.prod.website-files.com/65c4e3041d72984c18dbb740/66e40bd3c9b2d535f2f9e0a3_Bread%2520Street%2520St%2520Pauls.png,"{""kidsMenu"":false,""playArea"":false,""highChairs"":false,""familyPackages"":false,""changingStation"":false,""quietEnvironment"":false}","[""High chair"",""Baby change in unisex room"",""Kids menu"",""Wheelchair access"",""Vegetarian"",""Vegan"",""Good for groups"",""Free kids meal"",""Takeaway""]",,true,2025-10-07 18:33:15.138688+00,2025-10-08 09:01:11.333336+00,London,bread-street-kitchen-bar---st-pauls
02c2a8a1-c931-4460-92e4-cb3a033a6a75,Ciao Bella,Italian,4.5,$$,"(51.522993,-0.1189555)","86-90 Lamb's Conduit Street, London, WC1N 3LZ",0 20 7242 4119,http://www.ciaobellarestaurant.co.uk/,"Classic Italian dishes. They do half portions of pasta for kids, Next to Coram's Fields playground, a fully-fenced children only park. Closed on bank holidays.","Mon-Tue: 12:00-22:00, Wed-Sat: 12:00-22:30, Sun: 12:00-22:00",https://cdn.prod.website-files.com/65c4e3041d72984c18dbb740/670f901516d5c3aeaca5ffab_Ciao.jpeg,"{""kidsMenu"":false,""playArea"":false,""highChairs"":false,""familyPackages"":false,""changingStation"":false,""quietEnvironment"":false}","[""High chair"",""Baby change"",""Kids menu"",""Wheelchair access"",""Outdoor seating"",""Playground nearby"",""Vegetarian"",""Vegan"",""Takeaway"",""Dog friendly"",""Quick service""]",,true,2025-10-07 19:07:16.337445+00,2025-10-08 09:01:11.333336+00,London,ciao-bella
030a87d8-efd6-46c9-b0cd-780daa3d7f73,Dishoom Shoreditch,Indian,4.5,$$,"(51.524615,-0.077075)","7 Boundary Street, London, E2 7JE",0 20 7420 9324,https://www.dishoom.com/shoreditch?utm_source=google&utm_medium=organic&utm_campaign=Yext&utm_content=D2-Shoreditch&y_source=1_MjMwNDkyMDQtNzE1LWxvY2F0aW9uLndlYnNpdGU=,Buzzy destination for Indian street food in Bombay-style decor with 7 locations around London.,"Mon-Wed: 08:00-23:00, Thu-Fri: 08:00-00:00, Sat: 09:00-00:00, Sun: 09:00-23:00",https://cdn.prod.website-files.com/65c4e3041d72984c18dbb740/670f8ffcc5aa4d46dad0999e_Dishoom%2520shoreditch.png,"{""kidsMenu"":false,""playArea"":false,""highChairs"":false,""familyPackages"":false,""changingStation"":false,""quietEnvironment"":false}","[""High chair"",""Baby change"",""Kids menu"",""Wheelchair access"",""Outdoor seating"",""Vegetarian"",""Vegan"",""Halal"",""Takeaway"",""Dog friendly"",""Quick service""]",,true,2025-10-07 19:01:10.851204+00,2025-10-08 09:01:11.333336+00,London,dishoom-shoreditch
04763181-c5b1-45a5-b33d-d3345388f8d2,Rail House Victoria,European,4.5,$$,"(51.4974153,-0.1434145)","8 Sir Simon Milton Sq, London SW1E 5DJ, UK",0 20 3906 7950,https://www.riding.house/restaurant/victoria,Bustling contemporary brasserie with a varied menu of modern European & Asian dishes. With Event Spaces. Cash not accepted.,"Mon-Sat: 08:00-23:00, Sun: 09:00-17:00",https://cdn.prod.website-files.com/65c4e3041d72984c18dbb740/66e40c28906a41b0b036b579_Rail%2520House%2520Victoria.webp,"{""kidsMenu"":false,""playArea"":false,""highChairs"":false,""familyPackages"":false,""changingStation"":false,""quietEnvironment"":false}","[""High chair"",""Baby change in unisex room"",""Kids menu"",""Wheelchair access"",""Outdoor seating"",""Vegetarian"",""Vegan"",""Good for groups"",""Takeaway"",""Dog friendly""]",,true,2025-10-07 18:41:01.534021+00,2025-10-08 09:01:11.333336+00,London,rail-house-victoria
0626ab3a-0cff-4139-8563-f7cfac3c00a7,Golden Dragon (Chinatown),Chinese,4.5,$$,"(51.5114322,-0.131632)","28-29 Gerrard Street, London, W1D 6JW",0 20 7734 1073,http://www.gdlondon.co.uk/,Authentic Chinese food including traditional Dim Sum and Cantonese dishes. Great for a pre or post theatre meal. Cash not accepted.,"Mon-Tue: 12:00-23:00, Wed: 12:00-22:30, Thu-Fri: 12:00-23:00, Sat-Sun: 11:00-22:30",https://cdn.prod.website-files.com/65c4e3041d72984c18dbb740/670f8fabf2a2c4bea4ccac0c_golden%2520dragon.jpeg,"{""kidsMenu"":false,""playArea"":false,""highChairs"":false,""familyPackages"":false,""changingStation"":false,""quietEnvironment"":false}","[""High chair"",""Baby change"",""Wheelchair access"",""Small plates"",""Vegetarian"",""Vegan"",""Takeaway"",""Quick service""]",,true,2025-10-07 18:55:51.27332+00,2025-10-08 09:01:11.333336+00,London,golden-dragon-chinatown
06f8039e-71b0-43e0-9e2d-2b4ebfb1996c,Rudy's Pizza Napoletana - Shoreditch,Italian,4.7,$$,"(51.524341,-0.0774149)","183 Shoreditch High St, London E1 6HU, UK",0 20 8165 9929,https://www.rudyspizza.co.uk/book,Buzzy pizza place perfect for the whole family. Try to save room for dessert. 7 locations around London. Also offers a bake at home option.,"Mon-Sat: 12:00-22:30, Sun: 12:00-20:30",https://cdn.prod.website-files.com/65c4e3041d72984c18dbb740/66e40be8dc02f44ce846baf5_WhatsApp%2520Image%25202024-05-13%2520at%252013.54.53.jpeg,"{""kidsMenu"":false,""playArea"":false,""highChairs"":false,""familyPackages"":false,""changingStation"":false,""quietEnvironment"":false}","[""High chair"",""Baby change in unisex room"",""Wheelchair access"",""Vegetarian"",""Vegan"",""Good for groups"",""Takeaway"",""Dog friendly""]",,true,2025-10-07 18:36:13.126532+00,2025-10-08 09:01:11.333336+00,London,rudys-pizza-napoletana---shoreditch
0939597b-fc52-4a61-aaa8-358e27ea4ae9,Latino Hits,Latin American,4.5,$$,"(51.5510347,-0.0747835)","14 Stoke Newington Road, London, N16 7XN",0 20 3601 6496,,"Latin American restaurant, Menu is good for kids, cash not accepted.","Mon-Thu: 12:00-00:00, Fri-Sat: 12:00-02:00, Sun: 12:00-00:00",,"{""kidsMenu"":false,""playArea"":false,""highChairs"":false,""familyPackages"":false,""changingStation"":false,""quietEnvironment"":false}","[""Baby change"",""Outdoor seating"",""Small plates"",""Vegetarian"",""Vegan"",""Takeaway"",""Dog friendly"",""Quick service""]",,false,2025-10-07 19:01:10.851204+00,2025-10-08 09:01:11.333336+00,London,latino-hits
0a19af9a-d661-4938-8c6e-a09732d1e7ec,The Petersham Wine Bar & Deli,Deli,4.4,$$,"(51.5115618,-0.1248667)","31 King St, London WC2E 9DS, UK",0 20 7305 7676,https://thepetershamwinebar.com/,"A deli counter offering seasonal quiches, sandwiches, salads, and desserts, with organic coffee and loose-leaf teas.","Mon-Sat: 12:00-20:30, Sun: 11:30-18:00",https://cdn.prod.website-files.com/65c4e3041d72984c18dbb740/670f8f91678d4dbffc8f8448_petersham%2520wine%2520and%2520deli.png,"{""kidsMenu"":false,""playArea"":false,""highChairs"":false,""familyPackages"":false,""changingStation"":false,""quietEnvironment"":false}","[""High chair"",""Baby change in womens room"",""Outdoor seating"",""Vegetarian"",""Vegan"",""Good for groups"",""Dog friendly""]",,true,2025-10-07 18:50:49.585057+00,2025-10-08 09:01:11.333336+00,London,the-petersham-wine-bar-deli
0beb5071-93b6-4522-8a17-582db46422fa,Shake Shack Mansion House,American,4.5,$$,"(51.5126116,-0.0938557)","45 Cannon Street, London, EC4M 9AL",0 1923 886210,http://www.shakeshack.co.uk/locations/london/mansion-house/?utm_source=gmb&utm_medium=organic&utm_campaign=mansion_house,an American chain known for its gourmet burgers & frozen custard shakes. Dog-friendly. Menu is good for kids.,"Mon-Wed: 08:00-00:00, Thu-Sat: 08:00-01:00, Sun: 08:00-23:00",,"{""kidsMenu"":false,""playArea"":false,""highChairs"":false,""familyPackages"":false,""changingStation"":false,""quietEnvironment"":false}","[""High chair"",""Baby change"",""Wheelchair access"",""Takeaway"",""Quick service""]",,false,2025-10-07 19:07:16.337445+00,2025-10-08 09:01:11.333336+00,London,shake-shack-mansion-house
0c1f0af5-1fbf-4bed-aa0f-d6d6598ca08c,La Porchetta Pollo Bar,Italian,4.5,$$,"(51.5136561,-0.1303269)","20 Old Compton St, London W1D 4TW, UK",0 20 7494 9368,https://www.laporchetta.uk/,"Cosy, buzzy Italian serving up pizza and pasta dishes. Seating over 2 floors. Perfect for pre-theatre and a family meal out.","Mon-Fri: 15:45-23:45, Sat-Sun: 12:00-23:45",https://cdn.prod.website-files.com/65c4e3041d72984c18dbb740/670f8f4a0c2cea7c01653bae_Porchetta-8.jpeg,"{""kidsMenu"":false,""playArea"":false,""highChairs"":false,""familyPackages"":false,""changingStation"":false,""quietEnvironment"":false}","[""High chair"",""Baby change in unisex room"",""Wheelchair access"",""Outdoor seating"",""Vegetarian"",""Vegan"",""Good for groups"",""Takeaway"",""Dog friendly""]",,true,2025-10-07 18:41:01.534021+00,2025-10-08 09:01:11.333336+00,London,la-porchetta-pollo-bar
0d5e3394-8ebe-41f2-8ebf-c74ddfcf2ec0,La Gamba - Spanish Tapas Bar & Restaurant,Spanish,4.5,$$,"(51.5062053,-0.1172521)","Unit 3, Royal Festival Hall, Southbank Centre, London, SE1 8XX",0 20 7183 0094,http://www.lagambalondon.com/?utm_source=gmb&utm_medium=organic&utm_campaign=google-my-business,"Spanish Restaurant, Menu is good for kids.",Mon-Sun: 11:00-23:00,,"{""kidsMenu"":false,""playArea"":false,""highChairs"":false,""familyPackages"":false,""changingStation"":false,""quietEnvironment"":false}","[""High chair"",""Baby change"",""Wheelchair access"",""Outdoor seating"",""Vegetarian"",""Vegan"",""Dog friendly"",""Quick service""]",,false,2025-10-07 19:01:10.851204+00,2025-10-08 09:01:11.333336+00,London,la-gamba---spanish-tapas-bar-restaurant
0dd69f78-44c4-41c7-954b-faf47684ea54,Abeno,Japanese,4.5,$$,"(51.5175278,-0.1252333)","47 Museum Street, London, WC1A 1LY",0 20 7405 3211,http://www.abeno.co.uk/,Simple Japanese restaurant. Menu is good for kids.,"Mon: 11:45-21:30, Tue-Sat: 12:00-21:30, Sun: closed",,"{""kidsMenu"":false,""playArea"":false,""highChairs"":false,""familyPackages"":false,""changingStation"":false,""quietEnvironment"":false}","[""High chair"",""Baby change"",""Wheelchair access"",""Small plates"",""Vegetarian"",""Vegan"",""Takeaway"",""Quick service""]",,false,2025-10-07 19:07:16.337445+00,2025-10-08 09:01:11.333336+00,London,abeno
0ec1eff0-723c-4730-bdd7-cf329bcfa6f6,Comptoir Libanais,Lebanese,4.4,$$,"(51.4947102,-0.1736234)","1-5 Exhibition Rd, South Kensington, London SW7 2HE, UK",020 7225 5006,https://www.comptoirlibanais.com/restaurants/south-kensington,Lebanese chain with plenty of options for everyone. Dogs welcome outside. 11 locations around London.,"Mon-Sat: 09:00-22:30, Sun: 09:00-21:00",https://cdn.prod.website-files.com/65c4e3041d72984c18dbb740/66e40beb4bbe52ae3ba36a76_WhatsApp%2520Image%25202024-05-10%2520at%252016.41.26-fotor-20240510164214.jpeg,"{""kidsMenu"":false,""playArea"":false,""highChairs"":false,""familyPackages"":false,""changingStation"":false,""quietEnvironment"":false}","[""High chair"",""Baby change in unisex room"",""Kids menu"",""Wheelchair access"",""Outdoor seating"",""Tourist attraction nearby"",""Vegetarian"",""Vegan"",""Gluten free"",""Good for groups"",""Takeaway"",""Dog friendly""]",,true,2025-10-07 18:36:13.126532+00,2025-10-08 09:01:11.333336+00,London,comptoir-libanais
11a83bf6-fb74-4af2-a6b4-683430426ece,The Duke of Richmond - Hackney,British,4.5,$$,"(51.542968,-0.0696627)","316 Queensbridge Rd, London E8 3NH, UK",0 20 7923 3990,https://www.thedukeofrichmond.com/,"Cosy neighbourhood pub with daily deals, including 50% off food every Friday 12-2.30pm. 10 minute walk to 2 London Fields playgrounds.","Tue: closed, Wed: 17:30-21:00, Thu: 17:30-21:30, Fri: 12:00-21:30, Sat: 12:00-21:30, Sun: 12:00-19:00",https://cdn.prod.website-files.com/65c4e3041d72984c18dbb740/66e40be824587e0d1b3ae629_Duke%2520of%2520richmond.webp,"{""kidsMenu"":false,""playArea"":false,""highChairs"":false,""familyPackages"":false,""changingStation"":false,""quietEnvironment"":false}","[""High chair"",""Baby change in unisex room"",""Kids menu"",""Wheelchair access"",""Outdoor seating"",""Playground nearby"",""Vegetarian"",""Vegan"",""Gluten free"",""Good for groups"",""Takeaway"",""Dog friendly""]",,true,2025-10-07 18:36:13.126532+00,2025-10-08 09:01:11.333336+00,London,the-duke-of-richmond---hackney
16bb4291-7097-4dd1-9149-fc72325364ac,Gourmet Pizza Co,Italian,4.5,$$,"(51.508111,-0.11008)","56 Upper Ground, London, SE1 9PP",0 20 7928 3188,http://www.gourmetpizzacompany.co.uk/,"Italian favourites like pizza, pasta, and salads on the South Bank with views of the Thames River. Kids meal is £7.95, including 3 courses.","Mon-Wed: 11:30-22:30, Thu-Sun: 11:30-23:00",https://cdn.prod.website-files.com/65c4e3041d72984c18dbb740/670f8fb355a7b4a334d003c2_gourmet%2520pizza%2520co.jpeg,"{""kidsMenu"":false,""playArea"":false,""highChairs"":false,""familyPackages"":false,""changingStation"":false,""quietEnvironment"":false}","[""High chair"",""Baby change"",""Kids menu"",""Wheelchair access"",""Outdoor seating"",""Vegetarian"",""Vegan"",""Takeaway"",""Dog friendly"",""Quick service""]",,true,2025-10-07 18:55:51.27332+00,2025-10-08 09:01:11.333336+00,London,gourmet-pizza-co
16f5ded2-9005-47be-9cea-b150e91c023a,Thai Square Islington,Thai,4.5,$$,"(51.5349221,-0.1042182)","347-349 Upper St, London N1 0PD, UK",0 20 7704 2000,http://www.thaisq.com/,A Thai restaurant offering express lunch menu Monday-Friday and an early bird menu from 12:00-6:30 pm every day. Cash not accepted. 8 locations around London.,"Mon-Fri: 12:00-22:00, Sat: 12:00-23:00, Sun: 12:00-22:00",https://cdn.prod.website-files.com/65c4e3041d72984c18dbb740/670f8f5ffd4d5b193e65e0b1_Thai%2520sq%2520islington.jpeg,"{""kidsMenu"":false,""playArea"":false,""highChairs"":false,""familyPackages"":false,""changingStation"":false,""quietEnvironment"":false}","[""High chair"",""Baby change in womens room"",""Wheelchair access"",""Vegetarian"",""Vegan"",""Halal"",""Good for groups"",""Takeaway""]",,true,2025-10-07 18:43:58.706203+00,2025-10-08 09:01:11.333336+00,London,thai-square-islington
1728b58a-24a0-4546-b507-92392425bc66,Pizzeria Pappagone,Italian,4.6,$$,"(51.5694606,-0.1128574)","131 Stroud Green Rd, Finsbury Park, London N4 3PX, UK",0 20 7263 2114,https://www.instagram.com/pizzeriapappagone/,"Family-run Italian restaurant and bar for an extensive menu of classic dishes and wood-fired pizzas. Fast service, good for kids birthdays.","Mon-Thu: 12:00-23:00, Fri-Sat: 12:00-00:00, Sun: 12:00-23:00",https://cdn.prod.website-files.com/65c4e3041d72984c18dbb740/66e40c0d216f861a3f63e31e_pizzeria%2520pappagone%2520terrace.jpeg,"{""kidsMenu"":false,""playArea"":false,""highChairs"":false,""familyPackages"":false,""changingStation"":false,""quietEnvironment"":false}","[""High chair"",""Baby change in unisex room"",""Kids menu"",""Wheelchair access"",""Outdoor seating"",""Vegetarian"",""Vegan"",""Good for groups"",""Takeaway""]",,true,2025-10-07 18:39:10.01835+00,2025-10-08 09:01:11.333336+00,London,pizzeria-pappagone
17341017-359e-492d-8a66-6533c8361e4e,Din Tai Fung Covent Garden,Chinese,4.7,$$,"(51.511249,-0.1231764)","5 Henrietta St, London WC2E 8PS, UK",0 20 3034 3888,https://dintaifung-uk.com/discover/covent-garden/,"Flagship location for world-famous Chinese restaurant from Taiwan, known for its soup dumplings and noodles. Cash not accepted.","Mon-Fri: 12:00-23:00, Sat: 11:00-23:00, Sun: 11:00-22:00",https://cdn.prod.website-files.com/65c4e3041d72984c18dbb740/670f8f59091321a63edde0c8_din%2520tai%2520fung%2520cg.jpeg,"{""kidsMenu"":false,""playArea"":false,""highChairs"":false,""familyPackages"":false,""changingStation"":false,""quietEnvironment"":false}","[""High chair"",""Baby change in womens room"",""Wheelchair access"",""Vegetarian"",""Vegan"",""Good for groups""]",,true,2025-10-07 18:42:49.636036+00,2025-10-08 09:01:11.333336+00,London,din-tai-fung-covent-garden
17bb7d8d-243f-4daf-8069-6a6411d2b159,Drake & Morgan at King's Cross,British,4.4,$$,"(51.5335008,-0.1260193)","6 Pancras Sq, London N1C 4AG, UK",020 3826 4870,https://www.drakeandmorgan.co.uk/kings-cross/,Spread across two floors with an open kitchen and an extensive year-round outside space. Grilled local dishes served in buzzy vibe.,"Mon-Fri: 08:00-00:00, Sat: 09:00-00:00, Sun: 09:00-23:00",https://cdn.prod.website-files.com/65c4e3041d72984c18dbb740/66e40bdf3f0c3f4e61641c65_WhatsApp%2520Image%25202024-05-10%2520at%252016.58.56.jpeg,"{""kidsMenu"":false,""playArea"":false,""highChairs"":false,""familyPackages"":false,""changingStation"":false,""quietEnvironment"":false}","[""High chair"",""Baby change in unisex room"",""Kids menu"",""Wheelchair access"",""Outdoor seating"",""Vegetarian"",""Vegan"",""Good for groups"",""Dog friendly""]",,true,2025-10-07 18:36:13.126532+00,2025-10-08 09:01:11.333336+00,London,drake-morgan-at-kings-cross
193285cb-b0be-45de-b08a-ddae34803290,The Goring Dining Room,British,4.5,$$$$,"(51.4975261,-0.145622)","15 Beeston Place, London, SW1W 0JW",0 20 7769 4475,https://www.thegoring.com/food-drink/the-dining-room/,Elegant Edwardian restaurant with Michelin star service. Kids meals from £18. Reservations required. Combine with nearby Buckingham Palace.,"Mon-Sun: 07:00-10:00, 12:00-14:45, 18:30-21:45",https://cdn.prod.website-files.com/65c4e3041d72984c18dbb740/670f8fb75ddbb5a45cf988aa_goring%2520dining.jpeg,"{""kidsMenu"":false,""playArea"":false,""highChairs"":false,""familyPackages"":false,""changingStation"":false,""quietEnvironment"":false}","[""High chair"",""Baby change"",""Kids menu"",""Wheelchair access"",""Vegetarian"",""Vegan""]",,true,2025-10-07 18:55:51.27332+00,2025-10-08 09:01:11.333336+00,London,the-goring-dining-room
1a86e010-638e-429a-a6ff-acbcdb0e7514,The Restaurant at Sanderson London,Malaysian,4.5,$$,"(51.517401,-0.137113)","50 Berners Street, London, W1T 3NG",0 20 7300 1400,https://book.ennismore.com/hotels/originals/sanderson/dining/the-restaurant?utm_source=google-gmb&utm_medium=organic&utm_campaign=gmb,Serving Malaysian street food.,"Mon-Fri: 07:00-10:30, 12:00-22:30, Sat: 07:00-11:00, 12:00-23:00, Sun: 07:00-11:00, 12:00-22:30",,"{""kidsMenu"":false,""playArea"":false,""highChairs"":false,""familyPackages"":false,""changingStation"":false,""quietEnvironment"":false}","[""High chair"",""Baby change"",""Kids menu"",""Wheelchair access"",""Small plates"",""Vegetarian"",""Vegan"",""Quick service""]",,false,2025-10-07 19:07:16.337445+00,2025-10-08 09:01:11.333336+00,London,the-restaurant-at-sanderson-london
1d2cc7dd-d285-4b49-ace9-bc361072fa7b,Homeslice Neal's Yard,Italian,4.6,$$,"(51.5146643,-0.1264717)","13 Neal's Yard, London WC2H 9DP, UK",0 20 3151 7488,https://www.homeslicepizza.co.uk/menu,"Classic and creative pizzas, served 20"" or by the slice, also offering prosecco and beers. 3 locations around London. Walk ins only. Cash not accepted.","Mon-Wed: 12:00-22:00, Thu-Sat: 12:00-23:00, Sun: 12:00-22:00",https://cdn.prod.website-files.com/65c4e3041d72984c18dbb740/670f8f5b25c7cd820d7e6628_homeslice.%2520neals%2520yeard.jpeg,"{""kidsMenu"":false,""playArea"":false,""highChairs"":false,""familyPackages"":false,""changingStation"":false,""quietEnvironment"":false}","[""High chair"",""Baby change in womens room"",""Outdoor seating"",""Vegetarian"",""Vegan"",""Good for groups"",""Takeaway"",""Dog friendly""]",,true,2025-10-07 18:42:49.636036+00,2025-10-08 09:01:11.333336+00,London,homeslice-neals-yard
1eacccf9-ac95-4468-bc3e-c0fc627ea5d2,Beans & Barley,Cafe,4.7,$,"(51.5844189,-0.1003957)","595, 597 Green Lanes, Harringay Ladder, London N8 0RE, UK",07446 030507,https://www.beansandbarley.co.uk/,"Beans&Barley is the perfect venue for the whole family, hosting your child's birthday party plus an amazing array of food and freshly ground coffee, with 1 floor of fun, big slides, a swing and baby toys.","Mon-Wed: 08:00-00:00, Thu-Sat: 08:00-02:00, Sun: 08:00-12:00",https://cdn.prod.website-files.com/65c4e3041d72984c18dbb740/66e40be024587e0d1b3ad768_beans%2520and%2520barley.png,"{""kidsMenu"":false,""playArea"":false,""highChairs"":false,""familyPackages"":false,""changingStation"":false,""quietEnvironment"":false}","[""High chair"",""Baby change in unisex room"",""Kids menu"",""Vegetarian"",""Vegan"",""Good for groups"",""Games available"",""Kids play space""]",,true,2025-10-07 18:36:13.126532+00,2025-10-08 09:01:11.333336+00,London,beans-barley
1ebef058-6bba-45ec-b3ae-7e12aee4dcb6,YORI (Covent Garden),Korean,4.6,$$,"(51.5122682,-0.1198011)","15 Catherine St, London WC2B 5LA, UK",0 20 7836 3145,https://yoriuk.com/covent-garden/,"Authentic Korean restaurant serving starters, fried chicken, stew, stir fry, BBQ, rice, bibimbap, noodles, kimchi and desserts. 8 locations around London.","Mon-Tue: 12:00-23:00, Wed: 12:00-21:30, Thu-Sat: 12:00-23:00, Sun: 12:00-22:00",https://cdn.prod.website-files.com/65c4e3041d72984c18dbb740/670f8f63f5a20e567497c637_yori%2520cg.png,"{""kidsMenu"":false,""playArea"":false,""highChairs"":false,""familyPackages"":false,""changingStation"":false,""quietEnvironment"":false}","[""High chair"",""Baby change in womens room"",""Wheelchair access"",""Vegetarian"",""Vegan"",""Good for groups"",""Takeaway""]",,true,2025-10-07 18:43:58.706203+00,2025-10-08 09:01:11.333336+00,London,yori-covent-garden
1ed1cf38-6090-4a4b-b4a0-36c287ec1fbd,Wahaca Paddington,Mexican,4.5,$$,"(51.516533,-0.1755727)","1 Paddington Square, London, W2 1DL",0 20 3002 8777,https://www.wahaca.co.uk/location/paddington,A family favourite Mexican restaurant with something for everyone. Kids menu from £6.95 with 11 locations around London.,Mon-Sun: 12:00-22:00,https://cdn.prod.website-files.com/65c4e3041d72984c18dbb740/670f90150921740dd7438ea9_wahaca%2520Paddington.jpeg,"{""kidsMenu"":false,""playArea"":false,""highChairs"":false,""familyPackages"":false,""changingStation"":false,""quietEnvironment"":false}","[""High chair"",""Baby change"",""Kids menu"",""Wheelchair access"",""Small plates"",""Vegetarian"",""Vegan"",""Quick service""]",,true,2025-10-07 19:07:16.337445+00,2025-10-08 09:01:11.333336+00,London,wahaca-paddington
20408f8d-92b6-480c-906a-8328d7101bd5,Crust Bros Pizza Restaurant Waterloo,Italian,4.6,$$,"(51.5027616,-0.1103191)","113 Waterloo Rd, London SE1 8UL, UK",0 20 3034 3424,https://www.crustbros.co.uk/waterloo/,Delicious pizza with 4 locations in London. Personalize your own pizza! 1 pizza = 1 tree planted with Earthly.,"Mon-Sat: 12:00-23:00, Sun: 12:15-22:00",https://cdn.prod.website-files.com/65c4e3041d72984c18dbb740/66e40c754384be6228248e1f_Crust%2520Bros%2520waterloo.webp,"{""kidsMenu"":false,""playArea"":false,""highChairs"":false,""familyPackages"":false,""changingStation"":false,""quietEnvironment"":false}","[""High chair"",""Baby change in unisex room"",""Kids menu"",""Wheelchair access"",""Outdoor seating"",""Vegetarian"",""Vegan"",""Gluten free"",""Good for groups"",""Takeaway"",""Dog friendly""]",,true,2025-10-07 18:45:48.723948+00,2025-10-08 09:01:11.333336+00,London,crust-bros-pizza-restaurant-waterloo
20c10f5e-5f3b-468a-8c66-ef8ec70907a3,Putt in the Park,Cafe,4.5,$$,"(51.4758814,-0.1618102)","Albert Bridge Road, London, SW11 4NJ",0 20 7228 4946,http://www.puttinthepark.com/,A lovely friendly place! Menu is good for kids,"Mon-Wed: 09:00-19:00, Thu-Sun: 09:00-20:00",,"{""kidsMenu"":false,""playArea"":false,""highChairs"":false,""familyPackages"":false,""changingStation"":false,""quietEnvironment"":false}","[""High chair"",""Baby change"",""Wheelchair access"",""Outdoor seating"",""Playground nearby"",""Vegetarian"",""Vegan"",""Takeaway"",""Dog friendly"",""Games available"",""Quick service""]",,false,2025-10-07 19:01:10.851204+00,2025-10-08 09:01:11.333336+00,London,putt-in-the-park
22f9dc24-3597-41b5-afc8-a6d4069d96e7,Pizza Express,Italian,4.3,$$,"(51.5151236,-0.1333171)","10 Dean St, London W1D 3RW, UK",0 20 7437 9595,https://www.pizzaexpress.com/london-dean-street,Kids eat free with any main/pizza until 11 August. Also has a downstairs jazz club.,"Mon-Sat: 11:30-23:00, Sun: 11:30-22:30",https://cdn.prod.website-files.com/65c4e3041d72984c18dbb740/683039ff16293d30fe5e62c1_66eb1c1fab7251b944e0284c_66e40bcc79566cf668095516_Color%25252520logo%25252520with%25252520background%252525201%25252520(2).png,"{""kidsMenu"":false,""playArea"":false,""highChairs"":false,""familyPackages"":false,""changingStation"":false,""quietEnvironment"":false}","[""High chair"",""Baby change in unisex room"",""Kids menu"",""Wheelchair access"",""Vegetarian"",""Vegan"",""Good for groups"",""Free kids meal"",""Takeaway""]",,true,2025-10-07 18:39:10.01835+00,2025-10-08 09:01:11.333336+00,London,pizza-express
237f7678-92a7-451f-b8ff-29ea0456871d,Maynard Arms,British,4.5,$$,"(51.5817562,-0.1263013)","70 Park Road, London, N8 8SX",0 20 8341 6283,https://www.maynardarmsn8.co.uk/,"British gastropub, Menu is good for kids.","Mon-Thu: 12:00-23:00, Fri-Sat: 12:00-00:00, Sun: 12:00-22:15",,"{""kidsMenu"":false,""playArea"":false,""highChairs"":false,""familyPackages"":false,""changingStation"":false,""quietEnvironment"":false}","[""High chair"",""Baby change"",""Wheelchair access"",""Outdoor seating"",""Vegetarian"",""Vegan"",""Takeaway"",""Dog friendly"",""Quick service""]",,false,2025-10-07 19:07:16.337445+00,2025-10-08 09:01:11.333336+00,London,maynard-arms
2447df98-c938-4ad6-9db7-1ec90f62beab,Bocconcino Soho,Italian,4.5,$$,"(51.5147129,-0.1372864)","59 Great Marlborough Street, London, W1F 7JY",0 20 7499 4510,https://bocconcinorestaurant.co.uk/soho,"An Italian restaurant, Menu is good for kids.","Mon-Sat: 12:00-00:30, Sun: 12:00-22:30",,"{""kidsMenu"":false,""playArea"":false,""highChairs"":false,""familyPackages"":false,""changingStation"":false,""quietEnvironment"":false}","[""High chair"",""Baby change"",""Kids menu"",""Wheelchair access"",""Small plates"",""Vegetarian"",""Vegan"",""Takeaway"",""Quick service""]",,false,2025-10-07 19:07:16.337445+00,2025-10-08 09:01:11.333336+00,London,bocconcino-soho
245353cf-f2ad-4228-87f1-b7e0b83e7e9b,Brags and Brams,Vegan,4.0,$,"(-0.0685801,51.5311982)",265 Hackney Road,,http://www.bragsandbrams.com/,"Super family-friendly brunch/lunch spot with fun kids' meal options. Combine with Haggerston Park, Hackney City Farm, or the Young V&A Museum. You can also grab a coffee and pastry from the counter to-go.","Monday: 09:00-17:00, Tuesday: 09:00-17:00, Wednesday: 09:00-17:00, Thursday: 09:00-17:00, Friday: 09:00-17:00, Saturday: 09:00-17:00, Sunday: 09:00-17:00",https://cdn.prod.website-files.com/65c4e3041d72984c18dbb740/66e40bc62047f2460f93c27e_2%2BA07I8846%2Bweb.jpeg,"{""kidsMenu"":true,""playArea"":true,""highChairs"":true,""familyPackages"":false,""changingStation"":true,""quietEnvironment"":true}","[""High chair"",""Baby change in women's room"",""Kids' menu"",""Wheelchair access"",""Playground nearby"",""Vegetarian"",""Vegan"",""Dairy Free"",""Relaxed"",""Buzzy"",""Good for groups"",""Takeaway"",""Dog friendly"",""Friendly staff"",""Healthy"",""Quick service"",""A/C""]",,true,2025-10-07 13:10:22.92123+00,2025-10-08 09:01:11.333336+00,London,brags-and-brams
26a891ae-3eb7-4e11-a2b7-8f53ecb60be2,Mare Street Market,Market,4.4,$,"(51.5378374,-0.0572332)","117 Mare St, London E8 4RU, UK",0 20 3745 2470,http://marestreetmarket.com/,"Buzzy market with something for everyone - pizzas, sandwiches and more. Combine with London Fields playgrounds or The Young V&A Museum nearby.","Mon-Thu: 09:00-00:00, Fri-Sat: 09:00-01:00, Sun: 09:00-00:00",https://cdn.prod.website-files.com/65c4e3041d72984c18dbb740/66e40bd85b1e61411ba5ec6d_326346646_188636983814007_8552416435337232144_n.jpeg,"{""kidsMenu"":false,""playArea"":false,""highChairs"":false,""familyPackages"":false,""changingStation"":false,""quietEnvironment"":false}","[""High chair"",""Baby change in unisex room"",""Baby change in womens room"",""Wheelchair access"",""Outdoor seating"",""Playground nearby"",""Vegetarian"",""Vegan"",""Good for groups"",""Dog friendly""]",,true,2025-10-07 18:33:15.138688+00,2025-10-08 09:01:11.333336+00,London,mare-street-market
26c16252-423c-4a91-b782-721f9fdad532,"The Hung Drawn & Quartered, EC3",British,4.4,$$,"(51.5096011,-0.0807812)","26-27 Great Tower St, London EC3R 5AQ, UK",0 20 7626 6123,https://www.hung-drawn-and-quartered.co.uk/,"Historic Fullers pub with chandeliers, marble columns and gold-framed historical portraits. Kids menu £8.95. Cash not accepted.","Mon-Sat: 11:00-23:00, Sun: 12:00-16:00",https://cdn.prod.website-files.com/65c4e3041d72984c18dbb740/670f8f50024a12f1cbc31f2c_Hung%2520drawn%2520Fullers_HDQ_AnnabelStaff_240627_121706_5008.jpeg,"{""kidsMenu"":false,""playArea"":false,""highChairs"":false,""familyPackages"":false,""changingStation"":false,""quietEnvironment"":false}","[""High chair"",""Baby change in unisex room"",""Wheelchair access"",""Tourist attraction nearby"",""Vegetarian"",""Vegan"",""Good for groups"",""Takeaway"",""Dog friendly""]",,true,2025-10-07 18:42:49.636036+00,2025-10-08 09:01:11.333336+00,London,the-hung-drawn-quartered-ec3
26dbf0ac-ca59-4f48-9cbf-dc4f48d99182,Riding House Fitzrovia,European,4.5,$$,"(51.5183145,-0.1406117)","43-51 Great Titchfield St., London W1W 7PQ, UK",,https://www.riding.house/restaurant/fitzrovia,All day dining in Fitzrovia with something on the menu for everyone.,"Mon-Tue: 08:00-21:30, Wed-Thu: 08:00-22:30, Fri-Sat: 08:00-00:00, Sun: 09:00-17:00",https://cdn.prod.website-files.com/65c4e3041d72984c18dbb740/66e40bc8094c2560127ae1b0_Riding%2520house%2520fitzrovia.jpeg,"{""kidsMenu"":false,""playArea"":false,""highChairs"":false,""familyPackages"":false,""changingStation"":false,""quietEnvironment"":false}","[""High chair"",""Baby change in unisex room"",""Kids menu"",""Wheelchair access"",""Outdoor seating"",""Vegetarian"",""Vegan"",""Gluten free"",""Good for groups"",""Dog friendly""]",,true,2025-10-07 18:30:42.259227+00,2025-10-08 09:01:11.333336+00,London,riding-house-fitzrovia
2700a0de-5fd6-4633-bccd-9be2cc6c4567,Borough Market,Market,4.5,$,"(51.5055826,-0.0904808)","Borough Market, London, SE1 9AL",0 20 7407 1002,https://boroughmarket.org.uk/,"A historic and huge market under the railway lines, offering all types of hot food, cheese, bread, desserts, pastries, and more.","Mon: closed, Tue-Fri: 10:00-17:00, Sat: 09:00-17:00, Sun: 10:00-16:00",https://cdn.prod.website-files.com/65c4e3041d72984c18dbb740/670f8f4cb127b9b6e35c92e1_Color%2520logo%2520with%2520background%25201%2520(2).png,"{""kidsMenu"":false,""playArea"":false,""highChairs"":false,""familyPackages"":false,""changingStation"":false,""quietEnvironment"":false}","[""Baby change"",""Wheelchair access"",""Vegetarian"",""Vegan"",""Takeaway"",""Quick service""]",,false,2025-10-07 18:55:51.27332+00,2025-10-08 09:01:11.333336+00,London,borough-market
284a8bbe-093a-408a-9206-0cb457c4c796,Toconoco,Japanese,4.7,$$,"(51.5383498,-0.0783027)","unit a, 28 Hertford Rd, London N1 5QT, UK",0 20 7249 8394,https://www.toconoco.com/,"A truly kid-friendly cafe with a play area, serving delicious home-cooked Japanese food.",Daily: 10:00-17:00,https://cdn.prod.website-files.com/65c4e3041d72984c18dbb740/670f8f9741bb758261a4454d_img_8320-fotor-202406141547.jpeg,"{""kidsMenu"":false,""playArea"":false,""highChairs"":false,""familyPackages"":false,""changingStation"":false,""quietEnvironment"":false}","[""High chair"",""Baby change in womens room"",""Wheelchair access"",""Outdoor seating"",""Playground nearby"",""Vegetarian"",""Vegan"",""Gluten free"",""Good for groups"",""Takeaway"",""Dog friendly"",""Games available"",""Kids play space""]",,true,2025-10-07 18:51:49.258268+00,2025-10-08 09:01:11.333336+00,London,toconoco
2add088b-aa9f-413f-b9d0-185a92b88dca,Frankie & Benny's,American,4.2,$$,"(51.5111981,-0.1200557)","355-357 Strand, London WC2R 0HR, UK",0 20 7836 4664,https://www.frankieandbennys.com/restaurants/London/burleigh-house,An Italian-American style diner in a family-friendly atmosphere. 7 locations around London.,"Mon-Sat: 09:00-23:00, Sun: 09:00-22:30",https://cdn.prod.website-files.com/65c4e3041d72984c18dbb740/670f8f4cb127b9b6e35c92e1_Color%2520logo%2520with%2520background%25201%2520(2).png,"{""kidsMenu"":false,""playArea"":false,""highChairs"":false,""familyPackages"":false,""changingStation"":false,""quietEnvironment"":false}","[""High chair"",""Baby change in womens room"",""Kids menu"",""Wheelchair access"",""Good for groups"",""Takeaway""]",,true,2025-10-07 18:43:58.706203+00,2025-10-08 09:01:11.333336+00,London,frankie-bennys
2bf1395f-d77f-4eb8-aed2-d26cc417b326,The Avalon,British,4.5,$$,"(51.4506759,-0.1480247)","16 Balham Hill, London, SW12 9EB",0 20 8675 8613,http://www.theavalonlondon.com/,Serving classic British dishes. Menu is good for kids.,"Mon-Wed: 11:00-23:00, Thu: 11:00-00:00, Fri-Sat: 11:00-01:00, Sun: 11:00-22:30",,"{""kidsMenu"":false,""playArea"":false,""highChairs"":false,""familyPackages"":false,""changingStation"":false,""quietEnvironment"":false}","[""High chair"",""Baby change"",""Wheelchair access"",""Outdoor seating"",""Vegetarian"",""Vegan"",""Takeaway"",""Dog friendly"",""Quick service""]",,false,2025-10-07 19:07:16.337445+00,2025-10-08 09:01:11.333336+00,London,the-avalon
2d0160bc-9953-4db0-86d3-9e520434dc82,Grumpy's Bar + Wood Fired Pizza,Italian,4.6,$$,"(53.8137792,-1.6710782)","2 Old Combing, Sunnybank Mills, Farsley, Pudsey LS28 5UJ, UK",0 113 345 2525,https://www.grumpysleeds.co.uk/,"An award winning casual dining restaurant located in Sunny Bank Mills in Farsley, with a buzzy vibe, pizza, craft beer, and cocktails.","Mon: closed, Tue-Sun: 12:00-23:00",https://cdn.prod.website-files.com/65c4e3041d72984c18dbb740/66e40c16cad9594ee3e55f82_Screenshot%25202024-06-05%2520181959.png,"{""kidsMenu"":false,""playArea"":false,""highChairs"":false,""familyPackages"":false,""changingStation"":false,""quietEnvironment"":false}","[""High chair"",""Baby change in unisex room"",""Kids menu"",""Wheelchair access"",""Outdoor seating"",""Vegetarian"",""Vegan"",""Good for groups"",""Takeaway"",""Dog friendly""]",,true,2025-10-07 18:41:01.534021+00,2025-10-08 09:01:11.333336+00,Pudsey,grumpys-bar-wood-fired-pizza
2d7b3466-191e-4f37-bd1d-85dccc2dba8f,Solar Sisters - Zero Waste - Refill - Café,Cafe,4.0,$,"(-0.5708077,51.2367316)","86 North St, Guildford GU1 4AU, UK",,https://www.solarsisters.uk/,"A plant-based menu for breakfast, lunch, and afternoon tea. You can also grab a quick coffee or use the refill shop to stock up on the essentials. They also host events.  ","Monday: 09:30-17:30, Tuesday: 09:30-17:30, Wednesday: 09:30-17:30, Thursday: 09:30-17:30, Friday: 09:30-17:30, Saturday: 09:30-17:30, Sunday: 11:00-17:00",https://cdn.prod.website-files.com/65c4e3041d72984c18dbb740/670f8f4cb127b9b6e35c92e1_Color%2520logo%2520with%2520background%25201%2520(2).png,"{""kidsMenu"":true,""playArea"":false,""highChairs"":true,""familyPackages"":false,""changingStation"":true,""quietEnvironment"":true}","[""High chair"",""Baby change in unisex room"",""Kids' menu"",""Wheelchair access"",""Small sharing plates"",""Vegetarian"",""Vegan"",""Fun / Quirky"",""Cosy"",""Relaxed"",""Good for groups"",""Takeaway"",""Dog friendly"",""Friendly staff"",""Healthy"",""Quick service"",""A/C""]",,false,2025-10-07 13:10:14.95633+00,2025-10-08 09:01:11.333336+00,Guildford,solar-sisters---zero-waste---refill---caf
2dd37cef-3d20-4da2-838c-50c56cd0c7ea,Dishoom Kensington,Indian,4.5,$$,"(51.5012647,-0.191139)","4 Derry Street, London, W8 5SE",0 20 7420 9325,https://www.dishoom.com/kensington/?utm_source=google&utm_medium=organic&utm_campaign=Yext&utm_content=D6-Kensington&y_source=1_MjMwNDkyMDctNzE1LWxvY2F0aW9uLndlYnNpdGU%3D,Buzzy destination for Indian street food in Bombay-style decor with 7 locations around London.,"Mon-Fri: 08:00-23:00, Sat-Sun: 09:00-23:00",https://cdn.prod.website-files.com/65c4e3041d72984c18dbb740/670f9012765fd2652b3e23e3_Dishoom%2520Kensington.png,"{""kidsMenu"":false,""playArea"":false,""highChairs"":false,""familyPackages"":false,""changingStation"":false,""quietEnvironment"":false}","[""High chair"",""Baby change"",""Kids menu"",""Wheelchair access"",""Small plates"",""Vegetarian"",""Vegan"",""Halal"",""Takeaway"",""Quick service""]",,true,2025-10-07 19:07:16.337445+00,2025-10-08 09:01:11.333336+00,London,dishoom-kensington
2e6da3bb-3d22-4476-aa9b-4d0582cde73d,Steak & Lobster Warren Street,Steakhouse,4.5,$$$,"(51.5241393,-0.1380835)","130 Tottenham Court Road, London, W1T 5AY",0 20 7666 5430,https://www.steakandlobster.com/location/warren-street,"Plush dining room offering rib-eye steak or lobster with fries & salad, plus cocktails & desserts.","Mon-Sat: 12:00-22:00, Sun: closed",,"{""kidsMenu"":false,""playArea"":false,""highChairs"":false,""familyPackages"":false,""changingStation"":false,""quietEnvironment"":false}","[""High chair"",""Baby change"",""Kids menu"",""Wheelchair access"",""Outdoor seating"",""Vegetarian"",""Vegan"",""Dog friendly"",""Quick service""]",,false,2025-10-07 18:58:45.738564+00,2025-10-08 09:01:11.333336+00,London,steak-lobster-warren-street
2f2ddfaf-a9bb-4bf5-b04b-9aeef2848e58,Harvester Grange Park Northampton,British,4.2,$$,"(52.1861434,-0.8916148)","Loake Cl, Northampton NN4 5EZ, UK",0 1604 675300,https://www.harvester.co.uk/restaurants/eastandwestmidlands/harvestergrangeparknorthampton,"Kids eat free Monday-Friday until 30 August. Simple, child-friendly chain restaurant serving grilled meat, salads, pasta & seafood.","Mon-Thu: 11:30-22:00, Fri-Sat: 09:00-23:00, Sun: 09:00-22:00",https://cdn.prod.website-files.com/65c4e3041d72984c18dbb740/683039ff16293d30fe5e62c1_66eb1c1fab7251b944e0284c_66e40bcc79566cf668095516_Color%25252520logo%25252520with%25252520background%252525201%25252520(2).png,"{""kidsMenu"":false,""playArea"":false,""highChairs"":false,""familyPackages"":false,""changingStation"":false,""quietEnvironment"":false}","[""High chair"",""Baby change in unisex room"",""Kids menu"",""Wheelchair access"",""Outdoor seating"",""Vegetarian"",""Vegan"",""Good for groups"",""Takeaway"",""Dog friendly""]",,true,2025-10-07 18:41:01.534021+00,2025-10-08 09:01:11.333336+00,Northampton,harvester-grange-park-northampton
2f713fef-6866-45df-baf7-de2cb4db3022,Del74 Tacos,Mexican,4.5,$$,"(51.5504022,-0.0753334)","129 Kingsland High Street, London, E8 2PB",0 20 3609 7035,https://www.tacosdel74.com/,"Mexican plates, plus wine & beer. Menu is good for kids, Cash not accepted.","Mon: closed, Tue: 17:00-22:00, Wed: closed, Thu: 17:00-22:00, Fri-Sat: 12:00-23:00, Sun: closed",,"{""kidsMenu"":false,""playArea"":false,""highChairs"":false,""familyPackages"":false,""changingStation"":false,""quietEnvironment"":false}","[""High chair"",""Baby change"",""Wheelchair access"",""Outdoor seating"",""Vegetarian"",""Vegan"",""Takeaway"",""Dog friendly"",""Quick service""]",,false,2025-10-07 19:01:10.851204+00,2025-10-08 09:01:11.333336+00,London,del74-tacos
304dffe9-9a3d-463d-b811-37b404cb1966,Rossopomodoro Covent Garden,Italian,4.5,$$,"(51.5130036,-0.1272604)","50-52 Monmouth St, London WC2H 9EP, UK",0 20 7240 9095,https://www.rossopomodoro.co.uk/,"Neapolitan pizza and pasta. New kids' menu in collaboration with Disney, includes a gift for £7.95. 4 locations around London.",Daily: 12:00-23:00,https://cdn.prod.website-files.com/65c4e3041d72984c18dbb740/670f8f4ed657cea8fc0b0253_Rossopomodoro.jpeg,"{""kidsMenu"":false,""playArea"":false,""highChairs"":false,""familyPackages"":false,""changingStation"":false,""quietEnvironment"":false}","[""High chair"",""Baby change in unisex room"",""Kids menu"",""Outdoor seating"",""Vegetarian"",""Vegan"",""Halal"",""Good for groups"",""Takeaway"",""Dog friendly""]",,true,2025-10-07 18:42:49.636036+00,2025-10-08 09:01:11.333336+00,London,rossopomodoro-covent-garden
30565309-f28f-480c-a864-52ddfd6aa890,Pizzeria Bel-Sit,Italian,4.5,$$,"(51.6098818,0.0217276)","439-441, High Rd, Woodford, Woodford Green IG8 0XE, UK",0 20 8504 1164,https://belsit.co.uk/,Traditional family run Italian pizzeria and restaurant since 1981. No reservations.,"Mon: closed, Tue-Sat: 12:00-22:30, Sun: closed",https://cdn.prod.website-files.com/65c4e3041d72984c18dbb740/66e40c103322a38c3519e407_Belsit%2520pizza.webp,"{""kidsMenu"":false,""playArea"":false,""highChairs"":false,""familyPackages"":false,""changingStation"":false,""quietEnvironment"":false}","[""High chair"",""Baby change in unisex room"",""Wheelchair access"",""Vegetarian"",""Vegan"",""Gluten free"",""Good for groups"",""Takeaway""]",,true,2025-10-07 18:39:10.01835+00,2025-10-08 09:01:11.333336+00,Woodford Green,pizzeria-bel-sit
31e8c8d6-6858-44e8-8bf4-d6b25333a284,Baluchi - A Pan Indian Destination,Indian,4.5,$$,"(51.5033333,-0.0783333)","181 Tooley Street, London, SE1 2JR",0 20 3765 0000,https://www.thelalit.com/the-lalit-london/eat-and-drink/baluchi/,"Beautiful dining room set in the historic Grade II listed former St. Olave's Grammar School's Assembly Hall, now a boutique hotel; serving breakfast, lunch, High Chai Indian Afternoon Tea, and dinner. Perfect setting for celebrations.",Mon-Sun: 07:00-21:30,https://cdn.prod.website-files.com/65c4e3041d72984c18dbb740/670f8fee5a35713007ed5cb2_baluchi.jpeg,"{""kidsMenu"":false,""playArea"":false,""highChairs"":false,""familyPackages"":false,""changingStation"":false,""quietEnvironment"":false}","[""High chair"",""Baby change"",""Wheelchair access"",""Outdoor seating"",""Vegetarian"",""Vegan"",""Halal"",""Takeaway"",""Dog friendly"",""Quick service""]",,true,2025-10-07 18:58:45.738564+00,2025-10-08 09:01:11.333336+00,London,baluchi---a-pan-indian-destination
32191f40-f9ba-42df-b76e-02ef2e7e4f7d,Kricket Soho,Indian,4.5,$$,"(51.5108075,-0.1351688)","12 Denman Street, London, W1D 7HJ",0 20 3019 8120,http://www.kricket.co.uk/soho/,"Indian restaurant, Menu is good for kids.","Mon-Sat: 12:00-14:30, 17:00-22:30, Sun: 12:00-21:00",,"{""kidsMenu"":false,""playArea"":false,""highChairs"":false,""familyPackages"":false,""changingStation"":false,""quietEnvironment"":false}","[""High chair"",""Baby change"",""Small plates"",""Vegetarian"",""Vegan"",""Halal"",""Quick service""]",,false,2025-10-07 19:07:16.337445+00,2025-10-08 09:01:11.333336+00,London,kricket-soho
3223a597-0ec6-4796-a52b-b3ab459ea6e8,Casa Pastor,Mexican,4.6,$$,"(51.5360314,-0.1269178)","Coal Drops Yard, London, England, N1C 4DQ, GB",,https://www.tacoselpastor.co.uk/,Mexico City-inspired tacos & in-house tortillas plus beers & mezcal. Buzzy vibe with tasty tacos and covered outdoor seating.,"Mon: 17:00-23:00, Tue-Fri: 12:00-23:00, Sat: 12:00-23:30, Sun: 12:00-20:00",https://cdn.prod.website-files.com/65c4e3041d72984c18dbb740/66e40bde46da67d20ec2150a_WhatsApp%2520Image%25202024-05-10%2520at%252016.59.14.jpeg,"{""kidsMenu"":false,""playArea"":false,""highChairs"":false,""familyPackages"":false,""changingStation"":false,""quietEnvironment"":false}","[""High chair"",""Baby change in unisex room"",""Kids menu"",""Wheelchair access"",""Outdoor seating"",""Vegetarian"",""Vegan"",""Good for groups"",""Dog friendly""]",,true,2025-10-07 18:36:13.126532+00,2025-10-08 09:01:11.333336+00,London,casa-pastor
328254a0-ca64-4cec-9eb8-b14e428b2310,Ayllu,Peruvian,4.5,$$,"(51.5192168,-0.1792079)","25 Sheldon Square, London, W2 6EY",0 20 8054 0385,https://www.ayllu.co.uk/,"Peruvian-Japanese fusion with outdoor dining beside the canal. Bottomless Brunch (food and drink) every Sat & Sun with samba dancing (15 min) at 1:30, 2:30 and 3:30 pm.","Mon-Fri: 12:00-23:00, Sat: 11:00-23:00, Sun: 12:00-22:30",,"{""kidsMenu"":false,""playArea"":false,""highChairs"":false,""familyPackages"":false,""changingStation"":false,""quietEnvironment"":false}","[""High chair"",""Baby change"",""Outdoor seating"",""Small plates"",""Vegetarian"",""Vegan"",""Takeaway"",""Dog friendly"",""Quick service""]",,false,2025-10-07 19:01:10.851204+00,2025-10-08 09:01:11.333336+00,London,ayllu
328d139e-3dbc-4e97-a810-cefdd0c2bc09,Octagreen,International,4.5,$$,"(51.4634873,-0.2155678)","85 Putney High Street, London, SW15 1SR",0 20 8785 3698,https://octagreen.co.uk/,"Healthy and fresh food that prides itself on being family-friendly, with something on the menu for everyone.","Mon-Sat: 08:00-21:00, Sun: 09:00-21:00",,"{""kidsMenu"":false,""playArea"":false,""highChairs"":false,""familyPackages"":false,""changingStation"":false,""quietEnvironment"":false}","[""High chair"",""Baby change"",""Kids menu"",""Wheelchair access"",""Outdoor seating"",""Vegetarian"",""Vegan"",""Halal"",""Takeaway"",""Dog friendly"",""Quick service""]",,false,2025-10-07 18:58:45.738564+00,2025-10-08 09:01:11.333336+00,London,octagreen
34636659-c3fe-4914-b391-c38f11de2bde,Well Street Pizza Hackney,Pizza,4.5,$$,"(51.5436674,-0.0470346)","184 Well Street, London, E9 6QT",0 20 3058 1876,http://www.urbanpubsandbars.com/venues/well-street-pizza?utm_source=gmb&utm_medium=organic&utm_campaign=homepage,"Neapolitan pizza, pasta, craft beer & cocktails.","Mon-Tue: 16:00-22:30, Wed-Thu: 12:00-22:30, Fri-Sat: 12:00-23:00, Sun: 12:00-22:30",,"{""kidsMenu"":false,""playArea"":false,""highChairs"":false,""familyPackages"":false,""changingStation"":false,""quietEnvironment"":false}","[""High chair"",""Baby change"",""Kids menu"",""Wheelchair access"",""Outdoor seating"",""Vegetarian"",""Vegan"",""Takeaway"",""Dog friendly"",""Quick service""]",,false,2025-10-07 19:01:10.851204+00,2025-10-08 09:01:11.333336+00,London,well-street-pizza-hackney
35136603-dbf0-442d-a25d-5b246536cdd2,Honey & Co. Bloomsbury,Middle Eastern,4.5,$$,"(51.5219456,-0.1184179)","54 Lamb's Conduit Street, London, WC1N 3LW",0 20 7388 6175,http://www.honeyandco.co.uk/,A Middle Eastern restaurant. Menu is also good for kids.,"Mon: 12:00-22:30, Tue-Sat: 08:00-22:30, Sun: closed",,"{""kidsMenu"":false,""playArea"":false,""highChairs"":false,""familyPackages"":false,""changingStation"":false,""quietEnvironment"":false}","[""High chair"",""Baby change"",""Wheelchair access"",""Outdoor seating"",""Vegetarian"",""Vegan"",""Takeaway"",""Dog friendly"",""Quick service""]",,false,2025-10-07 19:01:10.851204+00,2025-10-08 09:01:11.333336+00,London,honey-co-bloomsbury
36b413a7-2272-48f9-85ec-beebe580ec84,The Four Lanterns,Greek,4.5,$$,"(51.5226563,-0.1412086)","96 Cleveland Street, London, W1T 6NP",0 20 7387 0704,https://www.instagram.com/thefourlanterns/,Friendly Greek taverna-style restaurant for traditional Greek dishes.,"Mon-Sat: 12:00-22:00, Sun: closed",https://cdn.prod.website-files.com/65c4e3041d72984c18dbb740/670f8fdbe73e06cc0b11ba52_lantern.jpeg,"{""kidsMenu"":false,""playArea"":false,""highChairs"":false,""familyPackages"":false,""changingStation"":false,""quietEnvironment"":false}","[""High chair"",""Baby change"",""Outdoor seating"",""Small plates"",""Vegetarian"",""Vegan"",""Takeaway"",""Dog friendly"",""Quick service""]",,true,2025-10-07 18:58:45.738564+00,2025-10-08 09:01:11.333336+00,London,the-four-lanterns
370c23b0-4d86-42e9-90f3-5e84eade1df3,RedFarm,Chinese,4.6,$$,"(51.5123604,-0.1215565)","9 Russell St, London WC2B 5HZ, UK",0 20 3883 9093,https://www.redfarmldn.com/,"Modern and inventive Chinese food with dim sum, small plates with something for everyone, mocktails and cocktails.","Mon-Tue: 12:00-21:00, Wed-Sat: 12:00-22:00, Sun: 12:00-21:30",https://cdn.prod.website-files.com/65c4e3041d72984c18dbb740/670f8f94e73e06cc0b117509_red%2520farm.png,"{""kidsMenu"":false,""playArea"":false,""highChairs"":false,""familyPackages"":false,""changingStation"":false,""quietEnvironment"":false}","[""High chair"",""Baby change in womens room"",""Wheelchair access"",""Vegetarian"",""Vegan"",""Good for groups"",""Takeaway"",""Dog friendly""]",,true,2025-10-07 18:50:49.585057+00,2025-10-08 09:01:11.333336+00,London,redfarm
38faf950-1b91-418a-a830-2f57434f23d1,Alexander The Great Restaurant,Greek,4.5,$$,"(51.5362345,-0.138873)","8 Plender Street, London, NW1 0JT",0 20 7485 9718,https://www.alexanderthegreatgreekrestaurant.co.uk/,Traditional Greek decor and an indoor garden with a lively taverna-style vibe for classic Greek food. Plenty of parking.,"Mon-Sat: 12:00-23:00, Sun: 12:00-22:30",https://cdn.prod.website-files.com/65c4e3041d72984c18dbb740/670f8f4cb127b9b6e35c92e1_Color%2520logo%2520with%2520background%25201%2520(2).png,"{""kidsMenu"":false,""playArea"":false,""highChairs"":false,""familyPackages"":false,""changingStation"":false,""quietEnvironment"":false}","[""High chair"",""Baby change"",""Outdoor seating"",""Small plates"",""Vegetarian"",""Vegan"",""Takeaway"",""Dog friendly"",""Quick service""]",,false,2025-10-07 18:58:45.738564+00,2025-10-08 09:01:11.333336+00,London,alexander-the-great-restaurant
3919f3f5-3261-4fc9-b672-f99d185d227c,Happy Face Pizza King's Cross,Italian,4.6,$$,"(51.5374187,-0.1240947)","14 Handyside St, London N1C 4DN, UK",020 3146 0760,https://www.happyface.pizza/,"Stylish, modern Italian eatery for wood-fired pizza, gelato, beers, wines, cocktails & espresso. Friendly pizza place near Everyman Cinema and a local playground.","Mon-Sat: 12:00-22:00, Sun: 12:00-21:00",https://cdn.prod.website-files.com/65c4e3041d72984c18dbb740/66e40bdcff3875df05e36667_Happy%2520Face%2520king%2527s%2520cross.jpeg,"{""kidsMenu"":false,""playArea"":false,""highChairs"":false,""familyPackages"":false,""changingStation"":false,""quietEnvironment"":false}","[""High chair"",""Baby change in unisex room"",""Kids menu"",""Wheelchair access"",""Outdoor seating"",""Playground nearby"",""Good for groups"",""Takeaway"",""Dog friendly""]",,true,2025-10-07 18:33:15.138688+00,2025-10-08 09:01:11.333336+00,London,happy-face-pizza-kings-cross
3948076a-b562-40da-853c-391e4fa4d610,Benihana Covent Garden,Japanese,4.5,$$,"(51.510697,-0.123385)","31 Maiden Lane, London, WC2E 7JS",0 20 7494 2525,https://www.benihanainternational.com/site/media/Kids_Menu_jul_24.pdf,International Japanese Teppanyaki with a fun experience for the whole family. Kids meals from £13.75 and up. Cash not accepted. Reservations recommended.,"Mon-Sun: 12:00-15:00, 17:00-22:00",https://cdn.prod.website-files.com/65c4e3041d72984c18dbb740/670f8faa091321a63ede3ed1_benihana.png,"{""kidsMenu"":false,""playArea"":false,""highChairs"":false,""familyPackages"":false,""changingStation"":false,""quietEnvironment"":false}","[""High chair"",""Baby change"",""Kids menu"",""Wheelchair access"",""Outdoor seating"",""Vegetarian"",""Vegan"",""Dog friendly"",""Quick service""]",,true,2025-10-07 18:55:51.27332+00,2025-10-08 09:01:11.333336+00,London,benihana-covent-garden
39e12b32-cf81-4c9a-931f-f287222a31bb,Côte Kensington,French,4.5,$$,"(51.5019218,-0.1889155)","47 Kensington Court, London, W8 5DA",0 20 7938 4147,https://www.cote.co.uk/restaurant/kensington/,"Modern, all-day French brasserie chain, serving regional specialties & traditional classics.","Mon-Sat: 09:00-22:00, Sun: 09:00-21:30",https://cdn.prod.website-files.com/65c4e3041d72984c18dbb740/670f8f4cb127b9b6e35c92e1_Color%2520logo%2520with%2520background%25201%2520(2).png,"{""kidsMenu"":false,""playArea"":false,""highChairs"":false,""familyPackages"":false,""changingStation"":false,""quietEnvironment"":false}","[""High chair"",""Baby change"",""Kids menu"",""Wheelchair access"",""Outdoor seating"",""Vegetarian"",""Vegan"",""Dog friendly"",""Quick service""]",,false,2025-10-07 18:55:51.27332+00,2025-10-08 09:01:11.333336+00,London,cte-kensington
3a38b18e-e903-4ac5-b870-0f017cd60eef,Gordon Ramsay Street Burger - Charing Cross Road,American,4.4,$$,"(51.5108033,-0.1281686)","24-28 Charing Cross Rd, London WC2H 0HX, UK",0 20 7592 1361,https://www.gordonramsayrestaurants.com/en/uk/street-burger/menus/standard,"Burgers, ribs, wings, sides, and a vegan menu. 6 locations around London.","Mon-Wed: 11:30-22:00, Thu-Sat: 11:30-23:00, Sun: 11:30-22:00",https://cdn.prod.website-files.com/65c4e3041d72984c18dbb740/670f8f776f22f1b524fd2290_Gordon_Ramsay_Street_Burger_Charing_Cross_Road_%2520Interior_5.png,"{""kidsMenu"":false,""playArea"":false,""highChairs"":false,""familyPackages"":false,""changingStation"":false,""quietEnvironment"":false}","[""High chair"",""Baby change in unisex room"",""Kids menu"",""Outdoor seating"",""Vegetarian"",""Vegan"",""Good for groups"",""Takeaway"",""Dog friendly""]",,true,2025-10-07 18:45:48.723948+00,2025-10-08 09:01:11.333336+00,London,gordon-ramsay-street-burger---charing-cross-road
3a4220cd-97da-4cf1-b028-0cb5c7ad7fed,Brew & Barrel,International,4.0,$$,"(51.4639736,-0.1418398)","36A Old Town, London, SW4 0LB",7872317846,https://www.brewandbarrelsw4.com/,"Menu is good for kids, Has changing table(s).","Mon-Tue: 07:00-17:00, Wed: 07:00-22:00, Thu-Sat: 07:00-00:00, Sun: 08:00-22:00",,"{""kidsMenu"":false,""playArea"":false,""highChairs"":false,""familyPackages"":false,""changingStation"":false,""quietEnvironment"":false}","[""High chair"",""Baby change"",""Wheelchair access"",""Outdoor seating"",""Vegetarian"",""Vegan"",""Takeaway"",""Dog friendly"",""Quick service""]",,false,2025-10-07 19:01:10.851204+00,2025-10-08 09:01:11.333336+00,London,brew-barrel
3afbb798-e029-4e70-af48-550206147e13,Chez Melissa,Mediterranean,4.5,$$,"(51.5451936,-0.4778063)","7 High Street, Uxbridge, UB8 1JN",0 1895 912015,http://www.chezmelissarestaurant.com/,"A Mediterranean restaurant, Menu is good for kids and Jubilee weekend Kids dine for free.","Mon: closed, Tue-Sun: 12:00-22:00",,"{""kidsMenu"":false,""playArea"":false,""highChairs"":false,""familyPackages"":false,""changingStation"":false,""quietEnvironment"":false}","[""High chair"",""Baby change"",""Wheelchair access"",""Small plates"",""Vegetarian"",""Vegan"",""Halal"",""Takeaway"",""Quick service""]",,false,2025-10-07 19:01:10.851204+00,2025-10-08 09:01:11.333336+00,Uxbridge,chez-melissa
3b1adf1a-7f53-44a9-9b5b-d8f3efc3ae40,Santo Remedio - Cocina Mexicana London Bridge,Mexican,4.5,$$,"(51.5036308,-0.0809753)","152 Tooley Street, London, SE1 2TU",0 20 7403 3021,https://www.santoremedio.co.uk/londonbridge,"Mexican restaurant with tostados, tacos, specialties, and a weekend bottomless brunch. Pre-theatre menu available Monday - Saturday 5.00pm - 6.30pm. Bottomless brunch on Saturdays & Sundays from 12-4 pm. Other locations in Marylebone andShoreditch.","Mon: 17:00-22:30, Tue: 17:00-22:30, Wed: 12:00-22:30, Thu: 12:00-23:00, Fri: 12:00-23:00, Sat: 12:00-23:00, Sun: 12:00-21:00",https://cdn.prod.website-files.com/65c4e3041d72984c18dbb740/670f8fa62caa58ab19548a7b_santo%2520remedio%2520london%2520bridge.png,"{""kidsMenu"":false,""playArea"":false,""highChairs"":false,""familyPackages"":false,""changingStation"":false,""quietEnvironment"":false}","[""High chair"",""Baby change"",""Wheelchair access"",""Outdoor seating"",""Small plates"",""Vegetarian"",""Vegan"",""Takeaway"",""Dog friendly""]",,true,2025-10-07 18:55:51.27332+00,2025-10-08 09:01:11.333336+00,London,santo-remedio---cocina-mexicana-london-bridge
3befff77-b291-4f8b-b963-26aa2769ca9a,The Campaner,Spanish,4.5,$$,"(51.4894969,-0.1527674)","1 Garrison Square, London, SW1W 8BG",0 20 4580 1385,https://www.thecampaner.com/,Catalonian restaurant.,"Mon: closed, Tue-Thu: 12:00-00:00, Fri: 12:30-00:30, Sat: 09:00-00:30, Sun: 09:00-18:00",,"{""kidsMenu"":false,""playArea"":false,""highChairs"":false,""familyPackages"":false,""changingStation"":false,""quietEnvironment"":false}","[""High chair"",""Baby change"",""Kids menu"",""Wheelchair access"",""Outdoor seating"",""Vegetarian"",""Vegan"",""Takeaway"",""Dog friendly"",""Quick service""]",,false,2025-10-07 19:07:16.337445+00,2025-10-08 09:01:11.333336+00,London,the-campaner
3db8ae21-6f50-43e0-a325-47f51e91f5cd,Market Halls Oxford Street,Food Court,4.5,$$,"(51.5156791,-0.1444112)","9 Holles Street, London, W1G 0BD",0 20 4580 1290,https://www.markethalls.co.uk/,Buzzy dining market with multiple bars & restaurants over 2 floors. Something available for everyone. 3 locations in London including Victoria and Canary Wharf.,"Mon-Sat: 11:00-23:00, Sun: 11:00-22:00",,"{""kidsMenu"":false,""playArea"":false,""highChairs"":false,""familyPackages"":false,""changingStation"":false,""quietEnvironment"":false}","[""High chair"",""Baby change"",""Wheelchair access"",""Small plates"",""Vegetarian"",""Vegan"",""Halal"",""Takeaway"",""Quick service""]",,false,2025-10-07 19:01:10.851204+00,2025-10-08 09:01:11.333336+00,London,market-halls-oxford-street
3e7c1401-8a0e-401e-aa96-cc1c473173ec,Zizzi - One New Change (St Paul's),Italian,4.3,$$,"(51.5137,-0.0950174)","Unit SU46, New Change, London EC4M 9AF, UK",0 20 3302 7374,https://www.zizzi.co.uk/,"Italian chain restaurant for pizza & calzone on wooden boards, plus traditional pastas. Kids' meal: 3 courses & a Chocacino for £7.95.","Mon-Thu: 11:30-22:00, Fri-Sat: 11:30-23:00, Sun: 11:30-22:00",https://cdn.prod.website-files.com/65c4e3041d72984c18dbb740/66e40be18eb91179f8158b9e_IMG_9906.jpeg,"{""kidsMenu"":false,""playArea"":false,""highChairs"":false,""familyPackages"":false,""changingStation"":false,""quietEnvironment"":false}","[""High chair"",""Baby change in unisex room"",""Kids menu"",""Wheelchair access"",""Tourist attraction nearby"",""Vegetarian"",""Vegan"",""Gluten free"",""Good for groups""]",,true,2025-10-07 18:36:13.126532+00,2025-10-08 09:01:11.333336+00,London,zizzi---one-new-change-st-pauls
3f907e14-3e3e-4eee-99ce-0512453f8be2,Pasta Remoli Ealing Broadway,Italian,4.5,$$,"(51.513808,-0.3067815)","6 Longfield Avenue, London, W5 2TD",0 20 8840 2687,http://www.remoli.co.uk/,"Homemade pasta, £14.95 lunch deal Monday-Friday 12-4 pm pasta, side, and a drink","Mon-Thu: 11:00-22:00, Fri-Sat: 11:00-23:00, Sun: 11:00-22:00",,"{""kidsMenu"":false,""playArea"":false,""highChairs"":false,""familyPackages"":false,""changingStation"":false,""quietEnvironment"":false}","[""High chair"",""Baby change"",""Kids menu"",""Wheelchair access"",""Outdoor seating"",""Vegetarian"",""Vegan"",""Gluten free"",""Takeaway"",""Dog friendly"",""Quick service""]",,false,2025-10-07 19:01:10.851204+00,2025-10-08 09:01:11.333336+00,London,pasta-remoli-ealing-broadway
3fa44c41-c7b3-4706-9839-b78c0f8feb75,Delicious Pho,Vietnamese,4.6,$$,"(51.5188805,-0.0774597)","3-6 Steward St, London E1 6FQ, UK",0 20 7646 2021,https://deliciouspho.co.uk/,"Large Vietnamese restaurant beside Spitalfield Market, with noodles, bánh mì, and a large tea and che desserts selection.",Daily: 11:00-21:00,https://cdn.prod.website-files.com/65c4e3041d72984c18dbb740/66e40bef80ffac5ddc1cb440_WhatsApp%2520Image%25202024-04-19%2520at%252015.08.26.jpeg,"{""kidsMenu"":false,""playArea"":false,""highChairs"":false,""familyPackages"":false,""changingStation"":false,""quietEnvironment"":false}","[""High chair"",""Baby change in unisex room"",""Kids menu"",""Wheelchair access"",""Tourist attraction nearby"",""Vegetarian"",""Vegan"",""Dairy Free"",""Gluten free"",""Good for groups"",""Takeaway""]",,true,2025-10-07 18:36:13.126532+00,2025-10-08 09:01:11.333336+00,London,delicious-pho
3fb91597-a8eb-47b5-bc66-5d514606c348,Gordon Ramsay Street Pizza - St Paul's,Italian,4.5,$$,"(51.5133615,-0.0949946)","Ground Floor, 10 Bread St, London EC4M 9AJ, UK",0 20 7499 0120,https://www.gordonramsayrestaurants.com/en/uk/street-pizza/menus/st-paul-s,"Bottomless pizzas for £20. Bottomless kids pizza for £10, delicious sides, amazing cocktails and beers. 4 locations around London.","Mon-Sat: 11:30-23:00, Sun: 11:30-21:00",https://cdn.prod.website-files.com/65c4e3041d72984c18dbb740/670f8f646a2f8e884847b20f_gordon%2520street%2520pizza%2520st%2520pauls.jpeg,"{""kidsMenu"":false,""playArea"":false,""highChairs"":false,""familyPackages"":false,""changingStation"":false,""quietEnvironment"":false}","[""High chair"",""Baby change in unisex room"",""Kids menu"",""Wheelchair access"",""Outdoor seating"",""Vegetarian"",""Vegan"",""Good for groups"",""Takeaway"",""Dog friendly"",""Games available""]",,true,2025-10-07 18:43:58.706203+00,2025-10-08 09:01:11.333336+00,London,gordon-ramsay-street-pizza---st-pauls
40e7ef3c-c92e-448f-9fa6-bd0d245ab9de,The Jam,Italian,4.5,$$,"(51.4852839,-0.1738437)","289A King's Rd, London SW3 5EW, UK",0 20 7352 8827,https://www.thejamrestaurant.com/,"Since 1972, delicious Italian dining over multi level booth seating with ladders to climb up to reach the up top seating.","Mon: 17:00-22:30, Tue-Thu: 16:00-22:30, Fri-Sat: 12:00-23:00, Sun: 12:00-22:30",https://cdn.prod.website-files.com/65c4e3041d72984c18dbb740/670f8f765ddbb5a45cf94094_the%2520jam.jpeg,"{""kidsMenu"":false,""playArea"":false,""highChairs"":false,""familyPackages"":false,""changingStation"":false,""quietEnvironment"":false}","[""High chair"",""Baby change in womens room"",""Vegetarian"",""Vegan"",""Dairy Free"",""Gluten free"",""Good for groups"",""Takeaway""]",,true,2025-10-07 18:45:48.723948+00,2025-10-08 09:01:11.333336+00,London,the-jam
411f4d15-4b45-4235-be34-e02e1237c0ad,Cicchetti by San Carlo - London Piccadilly,Italian,4.6,$$,"(51.5094687,-0.1350123)","215 Piccadilly, St. James's, London W1J 9HL, UK",0 20 7494 9435,https://sancarlo.co.uk/restaurants/cicchetti-london-piccadilly/,"A seasonal menu of Italian small plates, pasta, pizzas and more with a beautiful dining room of marble tables. Cash not accepted.",Daily: 12:00-23:00,https://cdn.prod.website-files.com/65c4e3041d72984c18dbb740/66e40c2b7f67db5058943288_Cicchetti.webp,"{""kidsMenu"":false,""playArea"":false,""highChairs"":false,""familyPackages"":false,""changingStation"":false,""quietEnvironment"":false}","[""High chair"",""Baby change in unisex room"",""Kids menu"",""Wheelchair access"",""Vegetarian"",""Vegan"",""Good for groups"",""Takeaway""]",,true,2025-10-07 18:41:01.534021+00,2025-10-08 09:01:11.333336+00,London,cicchetti-by-san-carlo---london-piccadilly
4157ad93-5ace-4b54-a348-b6751bda6603,Tonkotsu Soho,Japanese,4.6,$$,"(51.5130957,-0.1322617)","63 Dean St, London W1D 4QG, UK",0 20 7437 0071,https://tonkotsu.co.uk/menu/kids/,"Homemade noodles for delicious ramen with broths, katsu curries, gyoza, and more. Kids menu is £7.95. 15 locations around London.","Mon-Sat: 11:30-22:30, Sun: 11:30-22:00",https://cdn.prod.website-files.com/65c4e3041d72984c18dbb740/66ebf8aaa1e7988c36c3338c_Tonkotsu-PWF-0671-HDRsoho.webp,"{""kidsMenu"":false,""playArea"":false,""highChairs"":false,""familyPackages"":false,""changingStation"":false,""quietEnvironment"":false}","[""High chair"",""Baby change in womens room"",""Kids menu"",""Wheelchair access"",""Outdoor seating"",""Vegetarian"",""Vegan"",""Good for groups"",""Takeaway"",""Dog friendly""]",,true,2025-10-07 18:51:49.258268+00,2025-10-08 09:01:11.333336+00,London,tonkotsu-soho
417cebf8-e2c8-4911-96a1-116730ad2d6b,Apricity Restaurant,British,4.7,$$,"(51.5135846,-0.1513096)","68 Duke St, London W1K 6JU, UK",,https://www.apricityrestaurant.com/,Michelin Green Star championing British produce with a low waste operation. 5-Course Culinary Kids' Tasting Menu £32.,"Mon: closed, Tue-Sat: 12:00-23:00, Sun: closed",https://cdn.prod.website-files.com/65c4e3041d72984c18dbb740/66faa0ebf46badf2c4a30826_Apricity.png,"{""kidsMenu"":false,""playArea"":false,""highChairs"":false,""familyPackages"":false,""changingStation"":false,""quietEnvironment"":false}","[""High chair"",""Baby change in womens room"",""Kids menu"",""Wheelchair access"",""Outdoor seating"",""Vegetarian"",""Vegan"",""Gluten free"",""Good for groups"",""Dog friendly""]",,true,2025-10-07 18:45:48.723948+00,2025-10-08 09:01:11.333336+00,London,apricity-restaurant
43e3962b-6247-4a40-8352-29a1b57083f2,"The Blue Boat, Fulham Reach",British,4.5,$$,"(51.4871978,-0.2269837)","Distillery Wharf, Parr's Way, London, W6 9GD",0 20 3092 2090,https://www.theblueboat.co.uk/?utm_source=googlemybusiness&utm_medium=organic&utm_campaign=yext&utm_content=P177&y_source=1_MTIyMzcxNTctNzE1LWxvY2F0aW9uLndlYnNpdGU%3D,"A modern riverside Pub, Menu is good for kids","Mon-Sat: 12:00-23:00, Sun: 12:00-22:00",,"{""kidsMenu"":false,""playArea"":false,""highChairs"":false,""familyPackages"":false,""changingStation"":false,""quietEnvironment"":false}","[""High chair"",""Baby change"",""Wheelchair access"",""Outdoor seating"",""Vegetarian"",""Vegan"",""Dog friendly"",""Quick service""]",,false,2025-10-07 19:01:10.851204+00,2025-10-08 09:01:11.333336+00,London,the-blue-boat-fulham-reach
4593f71b-dfbe-49e6-9bcf-ae572223f95b,Pizza Union Hoxton,Italian,4.0,$,"(51.5275386,-0.088495)","145 City Road, London, EC1V 1AY",,https://www.pizzaunion.com/,"Italian pizza bar with Roman styled pizzas, 12 inch crispy crusts. Fast and fresh! 6 locations in London",Mon-Sun: 11:00-23:00,https://cdn.prod.website-files.com/65c4e3041d72984c18dbb740/670f8f4cb127b9b6e35c92e1_Color%2520logo%2520with%2520background%25201%2520(2).png,"{""kidsMenu"":false,""playArea"":false,""highChairs"":false,""familyPackages"":false,""changingStation"":false,""quietEnvironment"":false}","[""High chair"",""Baby change"",""Wheelchair access"",""Small plates"",""Vegetarian"",""Vegan"",""Takeaway"",""Quick service""]",,false,2025-10-07 18:58:45.738564+00,2025-10-08 09:01:11.333336+00,London,pizza-union-hoxton
45e8bddd-da1d-429b-ad66-87cf5b36bef4,Americana London,American,4.5,$$,"(51.5088186,-0.1316993)","11 Haymarket, London, SW1Y 4BP",0 20 3479 3333,https://americanalondon.com/,Southern food favourites from America with private hire and group bookings available. Check the calendar for live music. Food served until 1 am. Near Trafalgar Square and Picadilly Circus.,"Mon-Sat: 12:00-01:00, Sun: 11:00-20:00",https://cdn.prod.website-files.com/65c4e3041d72984c18dbb740/66ebf8dd215359e34740da38_Americana-restaurant-in-London-%25C2%25A9-Nacho-Rivera-1-.webp,"{""kidsMenu"":false,""playArea"":false,""highChairs"":false,""familyPackages"":false,""changingStation"":false,""quietEnvironment"":false}","[""High chair"",""Baby change"",""Kids menu"",""Wheelchair access"",""Outdoor seating"",""Vegetarian"",""Vegan"",""Dog friendly"",""Quick service""]",,true,2025-10-07 18:55:51.27332+00,2025-10-08 09:01:11.333336+00,London,americana-london
466a88b8-d5f8-415a-9540-4f97c6bd8d2e,Bread Street Kitchen & Bar - Battersea,European,4.4,$$,"(51.4818269,-0.1444823)","Battersea Power Station, 1st Floor, London, England, SW11 8DD, GB",0 20 7592 7952,https://www.gordonramsayrestaurants.com/bread-street-kitchen/battersea/,"A Modern European restaurant with something for everyone, including a delicious Beef Wellington for two. Kids (8 and under) eat free all day every day.","Mon-Wed: 11:30-22:00, Thu-Sat: 11:30-23:00, Sun: 11:30-21:00",https://cdn.prod.website-files.com/65c4e3041d72984c18dbb740/66e40bf3ed785208ce66372f_WhatsApp%2520Image%25202024-05-17%2520at%252015.50.54.jpeg,"{""kidsMenu"":false,""playArea"":false,""highChairs"":false,""familyPackages"":false,""changingStation"":false,""quietEnvironment"":false}","[""High chair"",""Baby change in unisex room"",""Kids menu"",""Wheelchair access"",""Playground nearby"",""Vegetarian"",""Good for groups"",""Free kids meal""]",,true,2025-10-07 18:36:13.126532+00,2025-10-08 09:01:11.333336+00,London,bread-street-kitchen-bar---battersea
46dcdbd2-13d8-4368-9957-f7d0887852f3,Bayleaf Restaurant,Indian,4.5,$$,"(51.6305058,-0.1747054)","1282-1284 High Road, London, N20 9HH",0 20 8446 8671,https://restaurant.bayleaf.co.uk/,A North Eastern Indian restaurant with a bottomless brunch and an extensive menu.,"Mon-Fri: 17:30-22:00, Sat-Sun: 13:00-16:00, 17:30-22:00",https://cdn.prod.website-files.com/65c4e3041d72984c18dbb740/670f8fd39bf75b70961a45eb_bayleaf%2520restaurant.jpeg,"{""kidsMenu"":false,""playArea"":false,""highChairs"":false,""familyPackages"":false,""changingStation"":false,""quietEnvironment"":false}","[""High chair"",""Baby change"",""Wheelchair access"",""Small plates"",""Vegetarian"",""Vegan"",""Halal"",""Quick service""]",,true,2025-10-07 18:58:45.738564+00,2025-10-08 09:01:11.333336+00,London,bayleaf-restaurant
477c1524-8b5f-4204-9137-16bbc8549126,Beam,Mediterranean,4.5,$$,"(51.5151426,-0.1933383)","103 Westbourne Grove, London W2 4UW, UK",0 20 7243 0111,http://cafebeam.co.uk/,Offers local classics & Mediterranean specialties. Known for their pancakes and french toast.,Daily: 08:00-18:00,https://cdn.prod.website-files.com/65c4e3041d72984c18dbb740/66e40c06cad9594ee3e546c4_beam%2520notting%2520hill.jpeg,"{""kidsMenu"":false,""playArea"":false,""highChairs"":false,""familyPackages"":false,""changingStation"":false,""quietEnvironment"":false}","[""High chair"",""Baby change in unisex room"",""Kids menu"",""Wheelchair access"",""Outdoor seating"",""Vegetarian"",""Vegan"",""Good for groups"",""Takeaway"",""Dog friendly""]",,true,2025-10-07 18:39:10.01835+00,2025-10-08 09:01:11.333336+00,London,beam
47fd4d65-bd16-42a4-aff4-de3d624de2a6,Franco Manca Balham,Pizza,4.5,$,"(51.4436188,-0.1500045)","53 Bedford Hill, London, SW12 9EZ",0 20 8772 0489,http://www.francomanca.co.uk/restaurants/balham/,"A neighbourhood pizzeria with friendly, fast service and affordable sourdough pizzas. Locations throughout the UK. Parking available.","Mon-Thu: 12:00-22:00, Fri: 12:00-23:00, Sat: 12:00-23:00, Sun: 12:00-22:00",,"{""kidsMenu"":false,""playArea"":false,""highChairs"":false,""familyPackages"":false,""changingStation"":false,""quietEnvironment"":false}","[""High chair"",""Baby change"",""Kids menu"",""Wheelchair access"",""Outdoor seating"",""Vegetarian"",""Vegan"",""Takeaway"",""Dog friendly"",""Quick service""]",,false,2025-10-07 19:07:16.337445+00,2025-10-08 09:01:11.333336+00,London,franco-manca-balham
4842bf71-bf3b-4bdd-9371-ddd60683b15a,The Prince of Wales,British,4.5,$$,"(51.4882178,-0.1090572)","Cleaver Square, London, SE11 4EA",0 20 7735 9916,http://www.princeofwaleskennington.co.uk/,"Cosy pub overlooking a Georgian square for British classics, Sunday roasts, and real ale. Combine with Queen Elizabeth Jubilee Garden and playground or Kennington Park playground. Part of the Black Dog Pub Company.","Mon: closed, Tue-Wed: 17:00-21:30, Thu: 17:00-21:30, Fri: 15:00-21:30, Sat: 12:00-21:30, Sun: 12:00-19:00",https://cdn.prod.website-files.com/65c4e3041d72984c18dbb740/670f8fe08edf06d71a9158f9_prince%2520of%2520wales.png,"{""kidsMenu"":false,""playArea"":false,""highChairs"":false,""familyPackages"":false,""changingStation"":false,""quietEnvironment"":false}","[""High chair"",""Baby change"",""Wheelchair access"",""Outdoor seating"",""Playground nearby"",""Vegetarian"",""Vegan"",""Dog friendly""]",,true,2025-10-07 18:58:45.738564+00,2025-10-08 09:01:11.333336+00,London,the-prince-of-wales
4a4fcad8-e5bd-428f-8cb2-bc9b55a96bdb,Caravan King's Cross Restaurant,International,4.6,$$,"(51.5357396,-0.1253497)","1 Granary Square, London N1C 4AA, UK",0 20 7101 7661,https://caravanandco.com/pages/kings-cross,"Breakfast, brunch, and all-day dining with their own Caravan Roasted Coffee. Small plates, grains, bowls, pizzas, and mains. 7 locations around London.","Mon-Fri: 08:00-22:00, Sat-Sun: 09:00-22:00",https://cdn.prod.website-files.com/65c4e3041d72984c18dbb740/66e40be5ae507d3b07a0a772_WhatsApp%2520Image%25202024-05-10%2520at%252016.55.01.jpeg,"{""kidsMenu"":false,""playArea"":false,""highChairs"":false,""familyPackages"":false,""changingStation"":false,""quietEnvironment"":false}","[""High chair"",""Baby change in unisex room"",""Wheelchair access"",""Outdoor seating"",""Playground nearby"",""Vegetarian"",""Vegan"",""Dairy Free"",""Gluten free"",""Good for groups"",""Dog friendly""]",,true,2025-10-07 18:36:13.126532+00,2025-10-08 09:01:11.333336+00,London,caravan-kings-cross-restaurant
4a763002-ce89-4c2d-b39d-242d6ab55ffb,Andy's Greek Taverna,Greek,4.5,$$,"(51.5377407,-0.1398794)","23 Pratt Street, London, NW1 0BE",0 20 7485 9718,https://www.andystaverna.co.uk/,"Since 1967, a family owned relaxed taverna serving classical Greek dishes.",Mon-Sun: 12:00-22:30,https://cdn.prod.website-files.com/65c4e3041d72984c18dbb740/66ebf8e850cb5a8b8b1a96ef_andystaverna.webp,"{""kidsMenu"":false,""playArea"":false,""highChairs"":false,""familyPackages"":false,""changingStation"":false,""quietEnvironment"":false}","[""High chair"",""Baby change"",""Wheelchair access"",""Outdoor seating"",""Vegetarian"",""Vegan"",""Halal"",""Takeaway"",""Dog friendly"",""Quick service""]",,true,2025-10-07 18:55:51.27332+00,2025-10-08 09:01:11.333336+00,London,andys-greek-taverna
4b8f0f12-322e-41f7-ba52-d03a00297e21,My Old Dutch,Dutch,4.5,$$,"(51.517531,-0.1220063)","131-132 High Holborn, London WC1V 6PS, UK",0 20 7242 5200,http://www.myolddutch.com/restaurants-home/,"Since 1958, delicious pancakes with a nice selection of savoury and sweet pancakes, salads, Dutch starters, and desserts. Locations in Holborn and Chelsea.","Mon: 10:00-21:00, Tue-Sat: 10:00-20:00, Sun: 10:00-18:00",https://cdn.prod.website-files.com/65c4e3041d72984c18dbb740/670f8f71678d1f71e84f7cad_old%2520dutch%2520holborn.png,"{""kidsMenu"":false,""playArea"":false,""highChairs"":false,""familyPackages"":false,""changingStation"":false,""quietEnvironment"":false}","[""High chair"",""Baby change in womens room"",""Kids menu"",""Wheelchair access"",""Vegetarian"",""Vegan"",""Good for groups"",""Takeaway""]",,true,2025-10-07 18:43:58.706203+00,2025-10-08 09:01:11.333336+00,London,my-old-dutch
4c1faa47-f7f9-4521-9364-9422ea34b2ec,Gelatorino,Italian,4.6,$,"(51.5126805,-0.1208744)","2 Russell St, London WC2B 5JD, UK",0 20 7240 0746,https://gelatorino.com/covent-garden-london,"Italian gelato, coffee, cake, pastries, and more. Another location in Richmond.","Mon-Sat: 09:00-20:00, Sun: 10:00-20:00",https://cdn.prod.website-files.com/65c4e3041d72984c18dbb740/670f8f9d3697913c5b48f93d_Gelatorino-Covent%2BGarden-2.jpeg,"{""kidsMenu"":false,""playArea"":false,""highChairs"":false,""familyPackages"":false,""changingStation"":false,""quietEnvironment"":false}","[""Baby change in womens room"",""Outdoor seating"",""Vegetarian"",""Vegan"",""Dairy Free"",""Gluten free"",""Good for groups"",""Takeaway"",""Dog friendly""]",,true,2025-10-07 18:51:49.258268+00,2025-10-08 09:01:11.333336+00,London,gelatorino
4c40b408-b34b-479b-9855-7e83feb2e33f,Rosa's Thai Soho,Thai,4.5,$$,"(51.5128018,-0.131714)","48 Dean Street, London, W1D 5BF",0 20 7494 1638,https://rosasthai.com/locations/rosas-thai-restaurant-delivery-takeaway-soho,"Modern Thai cuisine served in a compact, friendly cafe. Kids meal is £7.50 and includes starter, main, and a drink. Locations around London.","Mon-Fri: 12:00-22:30, Sat: 12:00-23:00, Sun: 12:00-22:00",https://cdn.prod.website-files.com/65c4e3041d72984c18dbb740/66ebf8dcfb8cc64e59d78b8e_rosas%2520soho.webp,"{""kidsMenu"":false,""playArea"":false,""highChairs"":false,""familyPackages"":false,""changingStation"":false,""quietEnvironment"":false}","[""High chair"",""Baby change"",""Kids menu"",""Outdoor seating"",""Vegetarian"",""Vegan"",""Halal"",""Takeaway"",""Dog friendly"",""Quick service""]",,true,2025-10-07 18:55:51.27332+00,2025-10-08 09:01:11.333336+00,London,rosas-thai-soho
4cf69db0-1ac2-415f-8046-207425f81a8d,The Three Crowns,British,4.5,$$,"(51.5271579,-0.0876822)","8 East Road, London, N1 6DX",0 20 3058 4810,http://www.threecrownsshoreditch.com/,A pub for seasonal British fare and craft beer. Menu is also good for kids.,"Mon: 16:00-23:00, Tue-Sat: 12:00-23:30, Sun: 12:00-22:30",,"{""kidsMenu"":false,""playArea"":false,""highChairs"":false,""familyPackages"":false,""changingStation"":false,""quietEnvironment"":false}","[""High chair"",""Baby change"",""Wheelchair access"",""Outdoor seating"",""Vegetarian"",""Vegan"",""Dog friendly"",""Quick service""]",,false,2025-10-07 19:07:16.337445+00,2025-10-08 09:01:11.333336+00,London,the-three-crowns
4d3e90af-0079-404c-897e-d72375a50df8,Flat Iron Covent Garden,Steakhouse,4.6,$$,"(51.510795,-0.1240732)","17-18 Henrietta St, London WC2E 8QH, UK",,https://flatironsteak.co.uk/restaurant/covent-garden,"Great steak for everyone also with burgers, delicious sides and free soft serve. Cash not accepted.","Mon-Tue: 12:00-22:30, Wed-Fri: 12:00-23:00, Sat: 12:00-23:30, Sun: 12:00-22:30",https://cdn.prod.website-files.com/65c4e3041d72984c18dbb740/670f8f85fbd1463ac1cb408f_Flat-Iron-Henrietta-PWF-0261-HDR-1050x699.jpeg,"{""kidsMenu"":false,""playArea"":false,""highChairs"":false,""familyPackages"":false,""changingStation"":false,""quietEnvironment"":false}","[""High chair"",""Baby change in womens room"",""Wheelchair access"",""Outdoor seating"",""Vegetarian"",""Vegan"",""Good for groups""]",,true,2025-10-07 18:50:49.585057+00,2025-10-08 09:01:11.333336+00,London,flat-iron-covent-garden
4d8dc6fe-454c-4a0b-9fb6-9f8fa4c70cdb,Jefferson's Ice Cream Brixton,Dessert,4.6,$,"(51.4635527,-0.1091009)","Arch 545 Brixton Station Rd, London SW9 8PF, UK",0 20 3149 1644,http://www.jeffersonsicecream.com/brixton/,"An independent family-owned artisan ice creamery. Another location in Balham, London.","Mon-Tue: closed, Wed-Fri: 17:00-22:00, Sat: 14:00-22:00, Sun: 14:00-21:30",https://cdn.prod.website-files.com/65c4e3041d72984c18dbb740/670f8f8c2ff8cf317dc3a30f_jeffersons%2520ice%2520cream.jpeg,"{""kidsMenu"":false,""playArea"":false,""highChairs"":false,""familyPackages"":false,""changingStation"":false,""quietEnvironment"":false}","[""Baby change in womens room"",""Wheelchair access"",""Outdoor seating"",""Good for groups"",""Takeaway"",""Dog friendly""]",,true,2025-10-07 18:50:49.585057+00,2025-10-08 09:01:11.333336+00,London,jeffersons-ice-cream-brixton
4de992bf-e194-41cb-a14b-f2b505368c8f,ITJL Colindale Station,American,4.0,$,"(51.5953813,-0.2505351)","10 Charcot Road, London, NW9 5HR",0 20 3952 7517,https://www.itjl.co.uk/,"All day breakfast including halal, vegan & gluten free selections, American Buttermilk Pancakes, burgers, and more.","Mon-Fri: 07:00-20:00, Sat-Sun: 09:00-20:00",https://cdn.prod.website-files.com/65c4e3041d72984c18dbb740/670f8f4cb127b9b6e35c92e1_Color%2520logo%2520with%2520background%25201%2520(2).png,"{""kidsMenu"":false,""playArea"":false,""highChairs"":false,""familyPackages"":false,""changingStation"":false,""quietEnvironment"":false}","[""High chair"",""Baby change"",""Kids menu"",""Wheelchair access"",""Outdoor seating"",""Vegetarian"",""Vegan"",""Halal"",""Takeaway"",""Dog friendly"",""Quick service""]",,false,2025-10-07 18:58:45.738564+00,2025-10-08 09:01:11.333336+00,London,itjl-colindale-station
4e258ae3-e080-4903-b033-8478d12c161b,Sweet Thursday,Italian,4.6,$$,"(51.541139,-0.085393)","95 Southgate Rd, London N1 3JS, UK",0 20 7226 1727,http://www.sweetthursday.co.uk/,Neapolitan style pizzeria with a wine shop and private events space. Kids pasta £6.5 and pizza £7.,"Mon-Thu: 12:00-22:00, Fri-Sat: 12:00-22:30, Sun: 12:00-21:00",https://cdn.prod.website-files.com/65c4e3041d72984c18dbb740/670f8f96e3b3be77c60373c1_sweet%2520thursday.jpeg,"{""kidsMenu"":false,""playArea"":false,""highChairs"":false,""familyPackages"":false,""changingStation"":false,""quietEnvironment"":false}","[""High chair"",""Baby change in womens room"",""Kids menu"",""Wheelchair access"",""Outdoor seating"",""Playground nearby"",""Vegetarian"",""Vegan"",""Good for groups"",""Takeaway"",""Dog friendly""]",,true,2025-10-07 18:50:49.585057+00,2025-10-08 09:01:11.333336+00,London,sweet-thursday
4fad1f65-f602-43ab-a33a-2bac2c3cccdf,Wok To Walk Cranbourn St,Asian,4.4,$,"(51.5116771,-0.1278513)","22 Cranbourn St, London WC2H 7AA, UK",0 20 7240 3617,https://www.woktowalk.com/uk/restaurants/,"Compact counter-service with made-to-order stir-fries, including vegan & vegetarian options. Cash not accepted. 6 locations around London.","Mon-Thu: 11:00-03:00, Fri-Sun: 11:00-05:00",https://cdn.prod.website-files.com/65c4e3041d72984c18dbb740/670f8f49b127b9b6e35c9137_wok%2520to%2520walk.jpeg,"{""kidsMenu"":false,""playArea"":false,""highChairs"":false,""familyPackages"":false,""changingStation"":false,""quietEnvironment"":false}","[""High chair"",""Baby change in unisex room"",""Wheelchair access"",""Outdoor seating"",""Vegetarian"",""Vegan"",""Good for groups"",""Takeaway"",""Dog friendly""]",,true,2025-10-07 18:41:01.534021+00,2025-10-08 09:01:11.333336+00,London,wok-to-walk-cranbourn-st
4fb01c9d-28be-454a-bbaa-cf1f965181e4,De Vine,Cafe,4.0,$,"(51.5110165,-0.0756282)","2 America Square, London, EC3N 2PX",0 20 7488 9929,,Counter-service cafe & deli serving breakfast & lunch near Tower of London.,"Mon-Fri: 07:00-14:00, Sat-Sun: closed",https://cdn.prod.website-files.com/65c4e3041d72984c18dbb740/670f8fcbb127b9b6e35d0942_de%2520vine.png,"{""kidsMenu"":false,""playArea"":false,""highChairs"":false,""familyPackages"":false,""changingStation"":false,""quietEnvironment"":false}","[""High chair"",""Baby change"",""Wheelchair access"",""Vegetarian"",""Vegan"",""Takeaway"",""Quick service""]",,false,2025-10-07 18:55:51.27332+00,2025-10-08 09:01:11.333336+00,London,de-vine
4ff740af-4345-42b1-8204-00b725f373e9,The Wolseley,European,4.6,$$,"(51.5074427,-0.1409233)","160 Piccadilly, St. James's, London W1J 9EB, UK",0 20 7499 6996,http://www.thewolseley.com/,"A British elegant restaurant serving modern European food & afternoon tea with grand, art deco glamour. Cash not accepted.","Mon-Sat: 07:00-23:00, Sun: 08:00-22:00",https://cdn.prod.website-files.com/65c4e3041d72984c18dbb740/670f8f55438791db5c8ef2bb_the%2520wolseley%2520.jpeg,"{""kidsMenu"":false,""playArea"":false,""highChairs"":false,""familyPackages"":false,""changingStation"":false,""quietEnvironment"":false}","[""High chair"",""Baby change in unisex room"",""Wheelchair access"",""Vegetarian"",""Vegan"",""Good for groups"",""Dog friendly""]",,true,2025-10-07 18:42:49.636036+00,2025-10-08 09:01:11.333336+00,London,the-wolseley
5085f967-ec71-4acb-bd01-b390156d8044,Seven Dials Market,Food Court,4.5,$$,"(51.5139632,-0.1260421)","Seven Dials Market, London, WC2H 9AU",,http://www.sevendialsmarket.com/,"Multi-level food court with dozens of restaurants & bars, bookshop & event space. Plenty of options for everyone.","Mon-Tue: 12:00-22:00, Wed-Sat: 11:00-23:00, Sun: 11:00-21:00",https://cdn.prod.website-files.com/65c4e3041d72984c18dbb740/670f8fbb4d2848ceeedb1607_Copy%2520of%2520Copy%2520of%2520Copy%2520of%2520Seven%2520DIals%2520Market%2520_%2520launchnighthighlights_%2520%40weAreContent_September%25207%25202019%2520KERB_LAUNCH_Highlights_VF-9728.jpeg,"{""kidsMenu"":false,""playArea"":false,""highChairs"":false,""familyPackages"":false,""changingStation"":false,""quietEnvironment"":false}","[""High chair"",""Baby change"",""Wheelchair access"",""Outdoor seating"",""Vegetarian"",""Vegan"",""Takeaway"",""Dog friendly"",""Quick service"",""Pram storage""]",,true,2025-10-07 18:55:51.27332+00,2025-10-08 09:01:11.333336+00,London,seven-dials-market
53020725-b132-4ae0-96ef-bd3fcdc8d4e7,The Wands & Wizard Exploratorium,Cafe,4.5,$$,"(51.5133688,-0.130256)","26 Greek St, London W1D 5DE, UK",0 20 8106 6911,http://www.wizardexploratorium.io/tea,A bewitching afternoon tea experience with working magic wands to brew interactive teas and enjoy fantastical treats.,"Mon-Tue: closed, Wed-Sun: 11:45-23:00",https://cdn.prod.website-files.com/65c4e3041d72984c18dbb740/670f8f9ade1265dbc0575030_wizard.png,"{""kidsMenu"":false,""playArea"":false,""highChairs"":false,""familyPackages"":false,""changingStation"":false,""quietEnvironment"":false}","[""Baby change in womens room"",""Good for groups""]",,true,2025-10-07 18:51:49.258268+00,2025-10-08 09:01:11.333336+00,London,the-wands-wizard-exploratorium
5315e0c9-9083-4609-b8c8-b42a05a3c63d,Mama Restaurant London,International,4.5,$$,"(51.5321453,-0.0617021)","437 Hackney Rd, London E2 8PP, UK",0 20 7613 6500,https://mamashelter.com/london-shoreditch/eat-drink/,"Hip restaurant with fooseball, arcade games, and more. Diverse menu with something for everyone, Saturday brunch and Sunday roast. Located in the Mama Shelter hotel.","Mon-Sat: 08:00-22:00, Sun: 08:00-21:00",https://cdn.prod.website-files.com/65c4e3041d72984c18dbb740/670f8f8f1283fc8dea84227a_IMG_2123.jpeg,"{""kidsMenu"":false,""playArea"":false,""highChairs"":false,""familyPackages"":false,""changingStation"":false,""quietEnvironment"":false}","[""High chair"",""Baby change in womens room"",""Kids menu"",""Wheelchair access"",""Outdoor seating"",""Playground nearby"",""Vegetarian"",""Vegan"",""Gluten free"",""Good for groups"",""Dog friendly"",""Games available"",""Kids play space""]",,true,2025-10-07 18:50:49.585057+00,2025-10-08 09:01:11.333336+00,London,mama-restaurant-london
5325b99a-2478-4409-a052-87c960be70ae,Nobu London (Old Park Lane),Japanese,4.5,$$$$,"(51.505149,-0.1501351)","19 Old Park Lane, London, W1K 1LB",0 20 7447 4747,https://www.noburestaurants.com/london-old-park-lane/home-2,"Nobu style cuisine since 1997 serving sushi, cocktails, and sake.","Mon-Sun: 12:00-14:30, 18:00-22:30",https://cdn.prod.website-files.com/65c4e3041d72984c18dbb740/670f8f4cb127b9b6e35c92e1_Color%2520logo%2520with%2520background%25201%2520(2).png,"{""kidsMenu"":false,""playArea"":false,""highChairs"":false,""familyPackages"":false,""changingStation"":false,""quietEnvironment"":false}","[""High chair"",""Baby change"",""Kids menu"",""Wheelchair access"",""Small plates"",""Vegetarian"",""Vegan"",""Takeaway"",""Quick service""]",,false,2025-10-07 18:55:51.27332+00,2025-10-08 09:01:11.333336+00,London,nobu-london-old-park-lane
5462b2b6-321c-4c45-834a-eff4f7c51807,Ray Park Cafe,Cafe,4.5,$,"(51.6098184,0.0456898)","Ray Park Cafe James Leal Centre Ray Park, Snakes Ln E, London IG8 7JF, UK",0 20 3652 0328,https://www.facebook.com/rayparkcafe/,Quaint cafe in a park with a play area inside. Next to the playground.,Daily: 08:30-18:30,https://cdn.prod.website-files.com/65c4e3041d72984c18dbb740/66e40c0e6078c33685506af9_Ray%2520Park%2520cafe.jpeg,"{""kidsMenu"":false,""playArea"":false,""highChairs"":false,""familyPackages"":false,""changingStation"":false,""quietEnvironment"":false}","[""High chair"",""Baby change in unisex room"",""Kids menu"",""Wheelchair access"",""Outdoor seating"",""Playground nearby"",""Vegetarian"",""Vegan"",""Good for groups"",""Takeaway"",""Dog friendly"",""Games available"",""Kids play space""]",,true,2025-10-07 18:39:10.01835+00,2025-10-08 09:01:11.333336+00,London,ray-park-cafe
556035a1-08f6-471b-a498-1ffdfc1c38c3,Fiore Dell Amore Italian Restaurant Shoreditch,Italian,4.5,$$,"(51.5238175,-0.0713871)","192a Brick Lane, London, E1 6SA",0 20 3827 9445,https://www.fioredellamore.co.uk/,"Authentic Italian in a beautiful setting, offering breakfast, lunch, and dinner. Combine with a tour of street art on Brick Lane or Spitalfields City Farm.","Mon-Thu: 10:00-22:00, Fri-Sat: 10:00-23:00, Sun: 10:00-22:00",,"{""kidsMenu"":false,""playArea"":false,""highChairs"":false,""familyPackages"":false,""changingStation"":false,""quietEnvironment"":false}","[""High chair"",""Baby change"",""Kids menu"",""Wheelchair access"",""Playground nearby"",""Vegetarian"",""Vegan"",""Halal"",""Takeaway"",""Quick service""]",,false,2025-10-07 18:58:45.738564+00,2025-10-08 09:01:11.333336+00,London,fiore-dell-amore-italian-restaurant-shoreditch
559b56d4-e077-46a5-8ffa-1356c702a6c8,Mildreds Dalston,Vegan,4.6,$$,"(51.5454324,-0.0746652)","1, Thomas Tower, Dalston Square, London, England, E8 3GU, GB",020 8017 1815,http://www.mildreds.co.uk/,A light-filled space with an plant-based menu and friendly staff. 6 locations around London.,"Mon-Sat: 11:00-23:30, Sun: 11:00-22:30",https://cdn.prod.website-files.com/65c4e3041d72984c18dbb740/66e40be6ff3875df05e3711f_Mildreds%2520Dalston.jpeg,"{""kidsMenu"":false,""playArea"":false,""highChairs"":false,""familyPackages"":false,""changingStation"":false,""quietEnvironment"":false}","[""High chair"",""Baby change in unisex room"",""Kids menu"",""Wheelchair access"",""Outdoor seating"",""Vegan"",""Dairy Free"",""Good for groups"",""Takeaway"",""Dog friendly""]",,true,2025-10-07 18:36:13.126532+00,2025-10-08 09:01:11.333336+00,London,mildreds-dalston
582df839-e47b-4a81-ba8a-6f514cae6300,Shoryu Ramen Soho,Japanese,4.5,$$,"(51.510858,-0.134365)","3 Denman Street, London, W1D 7HA",0 20 3405 2392,http://www.shoryuramen.com/stores/11-soho,"Ramen dishes, Japanese street food, buns, curry and sakes. Kids meal is £8.50 for children 11 and under) and includes edamame, a main, and ice cream. 10 locations around London.","Mon-Wed: 11:30-23:00, Thu-Fri: 11:30-23:30, Sat: 11:30-00:00, Sun: 11:30-22:00",https://cdn.prod.website-files.com/65c4e3041d72984c18dbb740/670f8fc12ff8cf317dc3d4a6_shoryu%2520soho.jpeg,"{""kidsMenu"":false,""playArea"":false,""highChairs"":false,""familyPackages"":false,""changingStation"":false,""quietEnvironment"":false}","[""High chair"",""Baby change"",""Kids menu"",""Wheelchair access"",""Small plates"",""Vegetarian"",""Vegan"",""Takeaway"",""Quick service""]",,true,2025-10-07 18:55:51.27332+00,2025-10-08 09:01:11.333336+00,London,shoryu-ramen-soho
5842af81-6b2e-4edf-bb58-e4862c7a1bd1,Sticks'n'Sushi Wimbledon,Japanese,4.6,$$,"(51.4225872,-0.2094116)","58 Wimbledon Hill Rd, London SW19 7PA, UK",020 3141 8800,https://sticksnsushi.com/en/restaurants/london/wimbledon,"Japanese restaurant based on a renowned Danish concept, offering sushi and grilled yakitori skewers. 10 locations around London.","Mon: 11:30-22:00, Tue: 11:30-10:00, Wed-Sun: 11:30-23:00",https://cdn.prod.website-files.com/65c4e3041d72984c18dbb740/66e40bcebe0ec2f5f934d505_sticksnsushi_wimbledon_restaurant-05_1620x1080_ny.png,"{""kidsMenu"":false,""playArea"":false,""highChairs"":false,""familyPackages"":false,""changingStation"":false,""quietEnvironment"":false}","[""High chair"",""Baby change in womens room"",""Kids menu"",""Wheelchair access"",""Vegetarian"",""Vegan"",""Gluten free"",""Good for groups"",""Takeaway""]",,true,2025-10-07 18:30:42.259227+00,2025-10-08 09:01:11.333336+00,London,sticksnsushi-wimbledon
588464d6-e658-4982-bf46-a74f84e22894,Azzurro,Italian,4.5,$$,"(51.5044503,-0.1146752)","1 Sutton Walk, London SE1 7ND, UK",0 20 7620 1300,https://azzurro-restaurant.co.uk/,"Minutes from Waterloo, near South Bank and Jubiliee Gardens Playground & London Eye, all-day Italian dining. Kids menu £7.95. Cash not accepted.","Mon-Sat: 11:00-23:00, Sun: 11:00-22:00",https://cdn.prod.website-files.com/65c4e3041d72984c18dbb740/670f8f6a278c80cda2be7832_azzurro.png,"{""kidsMenu"":false,""playArea"":false,""highChairs"":false,""familyPackages"":false,""changingStation"":false,""quietEnvironment"":false}","[""High chair"",""Baby change in womens room"",""Kids menu"",""Wheelchair access"",""Outdoor seating"",""Playground nearby"",""Tourist attraction nearby"",""Vegetarian"",""Vegan"",""Good for groups"",""Takeaway""]",,true,2025-10-07 18:43:58.706203+00,2025-10-08 09:01:11.333336+00,London,azzurro
58ee9538-9b83-4e51-b6bf-188592d89388,Honest Burgers Covent Garden,American,4.5,$$,"(51.5108705,-0.1221222)","33 Southampton St, London WC2E 7HE, UK",0 20 3148 9505,https://www.honestburgers.co.uk/locations/covent-garden/,"A burger chain with beef, chicken, vegan & vegetarian options. Over 30 locations around London.","Mon: 11:00-22:30, Tue-Thu: 11:00-23:00, Fri-Sat: 11:00-23:30, Sun: 11:00-22:30",https://cdn.prod.website-files.com/65c4e3041d72984c18dbb740/683039ff16293d30fe5e62c1_66eb1c1fab7251b944e0284c_66e40bcc79566cf668095516_Color%25252520logo%25252520with%25252520background%252525201%25252520(2).png,"{""kidsMenu"":false,""playArea"":false,""highChairs"":false,""familyPackages"":false,""changingStation"":false,""quietEnvironment"":false}","[""High chair"",""Baby change in unisex room"",""Kids menu"",""Wheelchair access"",""Outdoor seating"",""Vegetarian"",""Vegan"",""Good for groups"",""Takeaway"",""Dog friendly""]",,true,2025-10-07 18:41:01.534021+00,2025-10-08 09:01:11.333336+00,London,honest-burgers-covent-garden
598dc5cd-1d7e-4b56-adb7-d996320aedcf,Anilo's Kitchen,Mediterranean,4.5,$$,"(51.5251618,-0.1101581)","6 Exmouth Market, London, EC1R 4PX",0 20 7837 0909,http://www.aniloskitchen.com/,"A Mediterranean restaurant with hot and cold starters, specials, grills, seafood, pasta, vegetarian dishes, salads, sides, desserts, offering wines, spirits, beers, soft drinks, cocktail, coffee, tea.","Mon-Sat: 12:00-23:00, Sun: 12:00-22:30",https://cdn.prod.website-files.com/65c4e3041d72984c18dbb740/670f8f4cb127b9b6e35c92e1_Color%2520logo%2520with%2520background%25201%2520(2).png,"{""kidsMenu"":false,""playArea"":false,""highChairs"":false,""familyPackages"":false,""changingStation"":false,""quietEnvironment"":false}","[""High chair"",""Baby change"",""Wheelchair access"",""Outdoor seating"",""Vegetarian"",""Vegan"",""Takeaway"",""Dog friendly"",""Quick service""]",,false,2025-10-07 18:58:45.738564+00,2025-10-08 09:01:11.333336+00,London,anilos-kitchen
59f3234c-390a-4a41-904a-0c14c8e3e2ad,Barbican Kitchen,International,4.3,$$,"(51.5196026,-0.0932296)","Barbican Kitchen, Barbican Centre, Silk St, Barbican, London EC2Y 8DS, UK",0 20 7638 4141,https://www.benugo.com/partnerships/public-spaces/par/barbican/barbican-kitchen,"Deli/cafe with counter service for international dishes, cakes, and salads. Combine with a show or movie at the Barbican and nearby Fortune Street Park Playground.",Daily: 10:00-20:00,https://cdn.prod.website-files.com/65c4e3041d72984c18dbb740/66e40bd0c9983e0760bf645a_WhatsApp%2520Image%25202024-05-10%2520at%252016.57.46.jpeg,"{""kidsMenu"":false,""playArea"":false,""highChairs"":false,""familyPackages"":false,""changingStation"":false,""quietEnvironment"":false}","[""High chair"",""Baby change in unisex room"",""Kids menu"",""Wheelchair access"",""Outdoor seating"",""Playground nearby"",""Vegetarian"",""Vegan"",""Good for groups"",""Free kids meal"",""Takeaway""]",,true,2025-10-07 18:33:15.138688+00,2025-10-08 09:01:11.333336+00,London,barbican-kitchen
5a9c3754-71b3-4771-bb2d-b11416b92df3,Poppies Fish & Chips,British,4.6,$$,"(51.5125657,-0.1327136)","55-59 Old Compton St, London W1D 6HW, UK",0 20 7734 4845,https://poppiesfishandchips.co.uk/poppies-soho/,"Since 1952, a city favourite for fish and chips, also serving pasty, chicken, pies, and sausage. 4 locations around London. Kids menu £8.95.","Mon-Fri: 11:00-21:00, Sat-Sun: 11:00-22:00",https://cdn.prod.website-files.com/65c4e3041d72984c18dbb740/670f8f939d39a6de0abe10fa_poppies%2520compton%2520st.png,"{""kidsMenu"":false,""playArea"":false,""highChairs"":false,""familyPackages"":false,""changingStation"":false,""quietEnvironment"":false}","[""High chair"",""Baby change in womens room"",""Kids menu"",""Wheelchair access"",""Outdoor seating"",""Vegetarian"",""Vegan"",""Good for groups"",""Dog friendly""]",,true,2025-10-07 18:50:49.585057+00,2025-10-08 09:01:11.333336+00,London,poppies-fish-chips
5c6ac3c4-800a-49f6-901a-f4bc5091a073,Frankie & Benny's,Italian,4.5,$$,"(51.5161418,-0.1748813)","144 Praed Street, London, W2 1HW",0 20 7262 3415,https://www.frankieandbennys.com/kids,"New York Italian restaurant with family favorites- pizza, pasta, meatballs, and more. Also hosts children's birthday parties. Check website for kids eat free during school holidays.","Mon-Fri: 07:00-21:00, Sat: 07:00-22:00, Sun: 07:00-21:00",https://cdn.prod.website-files.com/65c4e3041d72984c18dbb740/670f9016678d1f71e8501dc6_francky.jpeg,"{""kidsMenu"":false,""playArea"":false,""highChairs"":false,""familyPackages"":false,""changingStation"":false,""quietEnvironment"":false}","[""High chair"",""Baby change"",""Kids menu"",""Wheelchair access"",""Small plates"",""Vegetarian"",""Vegan"",""Takeaway"",""Quick service""]",,true,2025-10-07 19:07:16.337445+00,2025-10-08 09:01:11.333336+00,London,frankie-bennys-5c6ac3c4
5d3de461-bb21-4c1f-84f5-2442aa7a5fe2,Megan's on the High Street Restaurant (Kensington),Mediterranean,4.4,$$,"(51.4996519,-0.1974341)","204 Kensington High St, London W8 7RG, UK",0 20 3468 0219,https://megans.co.uk/bookings/,All day dining that includes a little kids menu and a big kids menu with vegetarian and vegan options. A great place for the whole family!,"Mon-Thu: 08:30-21:30, Fri-Sat: 08:30-22:30, Sun: 09:00-21:30",https://cdn.prod.website-files.com/65c4e3041d72984c18dbb740/66e40bf71974d4d441bb8598_WhatsApp%2520Image%25202024-05-20%2520at%252012.43.33.jpeg,"{""kidsMenu"":false,""playArea"":false,""highChairs"":false,""familyPackages"":false,""changingStation"":false,""quietEnvironment"":false}","[""High chair"",""Baby change in unisex room"",""Kids menu"",""Wheelchair access"",""Outdoor seating"",""Vegetarian"",""Vegan"",""Dairy Free"",""Good for groups""]",,true,2025-10-07 18:39:10.01835+00,2025-10-08 09:01:11.333336+00,London,megans-on-the-high-street-restaurant-kensington
606d6c21-346c-4ac7-ba3a-5ff6f2bee462,Where The Pancakes Are - Fitzrovia,American,4.6,$$,"(51.5181873,-0.1346484)","7 Charlotte St., London W1T 1RG, UK",0 20 3838 8820,https://www.wherethepancakesare.com/restaurants/,All-day dining with sweet and savour pancakes and Dutch babies. Easily store foldable prams at this location. Three locations across London. Cash not accepted.,"Mon-Sat: 08:00-16:00, Sun: 08:00-17:00",https://cdn.prod.website-files.com/65c4e3041d72984c18dbb740/670f8f79ec62a722ad710c61_where%2520pancakes%2520fitz.png,"{""kidsMenu"":false,""playArea"":false,""highChairs"":false,""familyPackages"":false,""changingStation"":false,""quietEnvironment"":false}","[""High chair"",""Baby change in unisex room"",""Kids menu"",""Wheelchair access"",""Outdoor seating"",""Vegetarian"",""Vegan"",""Good for groups"",""Takeaway"",""Dog friendly""]",,true,2025-10-07 18:45:48.723948+00,2025-10-08 09:01:11.333336+00,London,where-the-pancakes-are---fitzrovia
60ab80c4-54fe-4e94-b193-e7bbe22361af,Din Tai Fung Centre Point,Chinese,4.7,$$,"(51.5163002,-0.1293852)","Unit R04, 11 St Giles Square, London WC2H 8AP, UK",0 20 3034 0368,https://dintaifung-uk.com/reservations/,Best place for dumplings! Great for groups. Menu is good for kids. Cash not accepted.,"Mon-Fri: 12:00-23:00, Sat: 11:00-23:00, Sun: 11:00-22:00",https://cdn.prod.website-files.com/65c4e3041d72984c18dbb740/66e40bf879566cf668099213_din%2520tai%2520fung.webp,"{""kidsMenu"":false,""playArea"":false,""highChairs"":false,""familyPackages"":false,""changingStation"":false,""quietEnvironment"":false}","[""High chair"",""Baby change in unisex room"",""Wheelchair access"",""Vegetarian"",""Vegan"",""Good for groups""]",,true,2025-10-07 18:39:10.01835+00,2025-10-08 09:01:11.333336+00,London,din-tai-fung-centre-point
633deb5d-0cd2-4bd2-a140-9b4eb81704a9,Regency Cafe,British,4.6,$,"(51.4939795,-0.1322036)","17-19 Regency St, London SW1P 4BY, UK",0 20 7821 6596,https://regencycafe.has.restaurant/,"Since 1946, a casual art deco corner cafe, serving traditional full English breakfast, pies, sandwiches, jacket potatoes, burgers, and more. Cash not accepted.","Mon-Sat: 07:00-14:30, Sun: closed",https://cdn.prod.website-files.com/65c4e3041d72984c18dbb740/670f8f51639cb5e91b66d270_regency_13%2520cafe.jpeg,"{""kidsMenu"":false,""playArea"":false,""highChairs"":false,""familyPackages"":false,""changingStation"":false,""quietEnvironment"":false}","[""High chair"",""Baby change in unisex room"",""Wheelchair access"",""Vegetarian"",""Vegan"",""Good for groups"",""Takeaway""]",,true,2025-10-07 18:42:49.636036+00,2025-10-08 09:01:11.333336+00,London,regency-cafe
637ed6a3-6d00-4900-92c3-886774956908,Bella Vita - Broadway,Italian,4.6,$$,"(51.5371099,-0.0616291)","53-57 Broadway Market, London E8 4PH, UK",0 20 7249 4772,http://www.bellavitabroadway.com/,Classic Italian dishes with a contemporary twist. Great pizza and pasta options for the kids! Streetside patio and large indoors dining room.,"Mon-Thu: 11:15-23:00, Fri-Sat: 11:15-23:15, Sun: 11:15-23:00",https://cdn.prod.website-files.com/65c4e3041d72984c18dbb740/66e40c1db0053a11edc49848_bella%2520vita%2520broadway.jpeg,"{""kidsMenu"":false,""playArea"":false,""highChairs"":false,""familyPackages"":false,""changingStation"":false,""quietEnvironment"":false}","[""High chair"",""Baby change in unisex room"",""Kids menu"",""Wheelchair access"",""Outdoor seating"",""Playground nearby"",""Vegetarian"",""Vegan"",""Good for groups"",""Takeaway""]",,true,2025-10-07 18:41:01.534021+00,2025-10-08 09:01:11.333336+00,London,bella-vita---broadway
63c23fae-fcc3-4f44-b94e-0f1653aedf76,Indian Express,Indian,4.5,$$,"(51.4929216,-0.2083592)","3 North End Parade, London, W14 0SJ",0 20 7610 1777,https://indianexpressonline.co.uk/,"Traditional Indian dishes, from curries, to balti and biryani in a modern setting.",Mon-Sun: 17:30-23:00,https://cdn.prod.website-files.com/65c4e3041d72984c18dbb740/670f8f4cb127b9b6e35c92e1_Color%2520logo%2520with%2520background%25201%2520(2).png,"{""kidsMenu"":false,""playArea"":false,""highChairs"":false,""familyPackages"":false,""changingStation"":false,""quietEnvironment"":false}","[""High chair"",""Baby change"",""Wheelchair access"",""Outdoor seating"",""Vegetarian"",""Vegan"",""Halal"",""Takeaway"",""Dog friendly"",""Quick service""]",,false,2025-10-07 18:58:45.738564+00,2025-10-08 09:01:11.333336+00,London,indian-express
641a5d82-8f63-422c-a873-dfcb72ddc6f5,Camden Market,Market,4.5,$,"(51.5414026,-0.1465084)","54-56 Camden Lock Place, London, NW1 8AF",0 20 3763 9900,https://www.camdenmarket.com/food-drink,Eclectic market with numerous restaurants and shops.,Mon-Sun: 10:00-18:00,https://cdn.prod.website-files.com/65c4e3041d72984c18dbb740/670f8f4cb127b9b6e35c92e1_Color%2520logo%2520with%2520background%25201%2520(2).png,"{""kidsMenu"":false,""playArea"":false,""highChairs"":false,""familyPackages"":false,""changingStation"":false,""quietEnvironment"":false}","[""Baby change"",""Wheelchair access"",""Vegetarian"",""Vegan"",""Takeaway"",""Quick service""]",,false,2025-10-07 18:55:51.27332+00,2025-10-08 09:01:11.333336+00,London,camden-market
645bb36a-901f-4a7d-b349-c67776ab65aa,The Lighterman,British,4.6,$$,"(51.5352593,-0.1243704)","3 Granary Square, London N1C 4BH, UK",0 20 3846 3400,http://thelighterman.co.uk/,"A pub and dining room over 3 floors and terraces, right on the canal at Granary Square in King's Cross. Kids menu from £7.","Mon-Fri: 12:00-23:30, Sat: 10:00-00:00, Sun: 10:00-22:30",https://cdn.prod.website-files.com/65c4e3041d72984c18dbb740/670f8f6609a716e933efe028_Screenshot%25202024-07-11%2520033138.png,"{""kidsMenu"":false,""playArea"":false,""highChairs"":false,""familyPackages"":false,""changingStation"":false,""quietEnvironment"":false}","[""High chair"",""Baby change in womens room"",""Kids menu"",""Wheelchair access"",""Outdoor seating"",""Vegetarian"",""Vegan"",""Good for groups"",""Takeaway"",""Dog friendly""]",,true,2025-10-07 18:43:58.706203+00,2025-10-08 09:01:11.333336+00,London,the-lighterman
67555900-c446-4126-8cb2-0bfad3048a94,"Colonel Saab, High Holborn",Indian,4.5,$$$,"(51.5169661,-0.1226498)","193-197 High Holborn, London, WC1V 7BD",0 20 8016 6800,https://colonelsaab.co.uk/,Indian fine dining experience in former Holborn Town Hall. Reservations encouraged.,"Mon-Sat: 12:00-22:00, Sun: 17:00-21:00",,"{""kidsMenu"":false,""playArea"":false,""highChairs"":false,""familyPackages"":false,""changingStation"":false,""quietEnvironment"":false}","[""High chair"",""Baby change"",""Kids menu"",""Wheelchair access"",""Small plates"",""Vegetarian"",""Vegan"",""Gluten free"",""Halal"",""Takeaway"",""Quick service""]",,false,2025-10-07 18:58:45.738564+00,2025-10-08 09:01:11.333336+00,London,colonel-saab-high-holborn
67d178e5-ec18-4d82-af89-1b9d06505179,The Spice,Indian,4.5,$$,"(51.5566778,-0.1387213)","161 Fortess Road, London, NW5 2HR",0 20 7482 2700,http://thespice-nw5.co.uk/,Indian dining with takeaway and collection available.,Mon-Sun: 18:00-22:30,https://cdn.prod.website-files.com/65c4e3041d72984c18dbb740/670f8fd1765fd2652b3de6ee_the%2520spice.png,"{""kidsMenu"":false,""playArea"":false,""highChairs"":false,""familyPackages"":false,""changingStation"":false,""quietEnvironment"":false}","[""High chair"",""Baby change"",""Wheelchair access"",""Small plates"",""Vegetarian"",""Vegan"",""Takeaway"",""Quick service""]",,true,2025-10-07 18:55:51.27332+00,2025-10-08 09:01:11.333336+00,London,the-spice
67ee0711-01f4-4c4c-b8c4-421f368855c9,Mare Street Market King's Cross,Food Court,4.5,$$,"(51.5372012,-0.126456)","10 Lewis Cubitt Walk, London, N1C 4DY",020 366 40159,https://marestreetmarket.com/kingscross/#homepage,"Opened in July 2024 with 8 shops, café, deli, restaurant, and bar, with indoor and outdoor seating. Co-working space also available.","Mon-Thu: 08:00-23:30, Fri: 08:00-00:00, Sat: 08:00-00:00, Sun: 08:00-22:30",https://cdn.prod.website-files.com/65c4e3041d72984c18dbb740/670f90035ddbb5a45cf9dc62_mare%2520street%2520King%2527s%2520Cross.jpeg,"{""kidsMenu"":false,""playArea"":false,""highChairs"":false,""familyPackages"":false,""changingStation"":false,""quietEnvironment"":false}","[""High chair"",""Baby change"",""Kids menu"",""Wheelchair access"",""Outdoor seating"",""Vegetarian"",""Vegan"",""Takeaway"",""Dog friendly"",""Games available""]",,true,2025-10-07 19:01:10.851204+00,2025-10-08 09:01:11.333336+00,London,mare-street-market-kings-cross
682b177b-acad-418b-999a-22a3b5256dd1,BEER + BURGER,American,4.2,$$,"(51.5361457,-0.1225853)","1 York Wy, London N1C 4AS, UK",020 3963 5795,http://www.beerandburgerstore.com/,"Friendly craft beers and burger place, better for older kids and teens. No kids after 7 pm.","Mon-Sat: 12:00-23:00, Sun: 12:00-22:30",https://cdn.prod.website-files.com/65c4e3041d72984c18dbb740/66e40bda324299705be276dd_IMG_2681.jpeg,"{""kidsMenu"":false,""playArea"":false,""highChairs"":false,""familyPackages"":false,""changingStation"":false,""quietEnvironment"":false}","[""Baby change in unisex room"",""Kids menu"",""Wheelchair access"",""Outdoor seating"",""Playground nearby"",""Vegetarian"",""Vegan"",""Good for groups"",""Takeaway""]",,true,2025-10-07 18:33:15.138688+00,2025-10-08 09:01:11.333336+00,London,beer-burger
693d5cad-d964-4e44-a925-0a714d8b32d6,Lizzie's Cucina - Italian Restaurant,Italian,4.5,$$,"(51.6469371,-0.1344414)","85 Bramley Road, London, N14 4EY",0 20 8886 5797,,Sicilian Chef Carmelo Carnevale cooking delicious Italian cuisine. Set Lunch Menu Wednesday -Friday (Two Courses £22/Three Courses £29),"Mon-Tue: 18:00-00:00, Wed-Fri: 12:00-16:00, 18:00-00:00, Sat-Sun: 12:00-00:00",,"{""kidsMenu"":false,""playArea"":false,""highChairs"":false,""familyPackages"":false,""changingStation"":false,""quietEnvironment"":false}","[""Baby change"",""Wheelchair access"",""Outdoor seating"",""Vegetarian"",""Vegan"",""Dog friendly"",""Quick service""]",,false,2025-10-07 18:58:45.738564+00,2025-10-08 09:01:11.333336+00,London,lizzies-cucina---italian-restaurant
694d008d-7bb7-4ef5-bb42-bd02533cf55d,El Pastor,Mexican,4.5,$$,"(51.5052687,-0.0911635)","7A Stoney Street, London, SE1 9AA",0 20 7440 1450,https://www.tacoselpastor.co.uk/,"The orginial location, serving tacos al pastor & other Mexican–inspired food & drinks served in buzzy, colourful restaurant. Cash not accepted. 4 locations around London.","Mon-Fri: 12:00-15:00, 17:00-23:00, Sat: 12:00-16:00, 18:00-23:00, Sun: 12:00-15:00, 17:00-22:00",https://cdn.prod.website-files.com/65c4e3041d72984c18dbb740/670f8fa8c5aa4d46dad05381_tacos%2520el%2520pastor.png,"{""kidsMenu"":false,""playArea"":false,""highChairs"":false,""familyPackages"":false,""changingStation"":false,""quietEnvironment"":false}","[""High chair"",""Baby change"",""Wheelchair access"",""Outdoor seating"",""Small plates"",""Vegetarian"",""Vegan"",""Dog friendly"",""Quick service""]",,true,2025-10-07 18:55:51.27332+00,2025-10-08 09:01:11.333336+00,London,el-pastor
6a47243b-d7f7-40aa-a9cd-6ee1aa8e1681,Steak & Lobster Marble Arch,Steakhouse,4.5,$$$,"(51.5144142,-0.1557666)","19-25 Granville Place, London, W1H 6PA",0 20 7666 2690,https://www.steakandlobster.com/?utm_source=Yext&utm_medium=Organic,"Plush dining room offering rib-eye steak or lobster with fries & salad, plus cocktails. & desserts.",Mon-Sun: 12:00-23:00,,"{""kidsMenu"":false,""playArea"":false,""highChairs"":false,""familyPackages"":false,""changingStation"":false,""quietEnvironment"":false}","[""High chair"",""Baby change"",""Kids menu"",""Wheelchair access"",""Small plates"",""Vegetarian"",""Vegan"",""Halal"",""Quick service""]",,false,2025-10-07 19:01:10.851204+00,2025-10-08 09:01:11.333336+00,London,steak-lobster-marble-arch
6c027b6f-30e0-4fab-b857-ef2eb20c0e3b,The Ship & Shovell,British,4.3,$$,"(51.5076132,-0.1247324)","2 Craven Passage, London WC2N 5NF, UK",0 20 7839 1311,https://www.shipandshovell.co.uk/,"Traditional English pub with oak-panelled booths, on both sides of the street joined by an underground cellar. Cash not accepted.","Mon-Sat: 12:00-15:30, Sun: closed",https://cdn.prod.website-files.com/65c4e3041d72984c18dbb740/670f8f526fef66588043ddd1_Ship%2520and%2520shovell.png,"{""kidsMenu"":false,""playArea"":false,""highChairs"":false,""familyPackages"":false,""changingStation"":false,""quietEnvironment"":false}","[""High chair"",""Baby change in unisex room"",""Good for groups"",""Dog friendly""]",,true,2025-10-07 18:42:49.636036+00,2025-10-08 09:01:11.333336+00,London,the-ship-shovell
6cac18d0-e3b1-4f18-a4bd-1e54a42c0baa,Amrutha - Earlsfield,Vegan,4.5,$$,"(51.443633,-0.190011)","326 Garratt Lane, London, SW18 4EJ",0 20 8001 4628,http://www.amrutha.co.uk/,"""Vegan Soul Food"" with plant-based options, classic comfort & soul food. Bring your own alcohol with no corkage fee. Another location in Honor Oak.","Mon: closed, Tue-Sat: 18:00-22:00, Sun: 13:00-21:00",https://cdn.prod.website-files.com/65c4e3041d72984c18dbb740/670f8fd5024a12f1cbc3a523_amrutha%2520earlsfield.png,"{""kidsMenu"":false,""playArea"":false,""highChairs"":false,""familyPackages"":false,""changingStation"":false,""quietEnvironment"":false}","[""High chair"",""Baby change"",""Wheelchair access"",""Small plates"",""Vegetarian"",""Vegan"",""Halal"",""Takeaway"",""Quick service""]",,true,2025-10-07 18:58:45.738564+00,2025-10-08 09:01:11.333336+00,London,amrutha---earlsfield
6cd8cd65-7d22-43d7-a7bb-42bf257b1bb9,Kricket Brixton,Indian,4.5,$$,"(51.4622749,-0.1122298)","41-45 Atlantic Road, London, SW9 8JL",0 20 3826 4090,https://kricket.co.uk/,Modern Indian restaurant. Menu is good for kids.,"Mon-Fri: 17:00-22:30, Sat: 12:00-01:00, Sun: closed",,"{""kidsMenu"":false,""playArea"":false,""highChairs"":false,""familyPackages"":false,""changingStation"":false,""quietEnvironment"":false}","[""High chair"",""Baby change"",""Kids menu"",""Wheelchair access"",""Outdoor seating"",""Vegetarian"",""Vegan"",""Dog friendly"",""Quick service""]",,false,2025-10-07 19:07:16.337445+00,2025-10-08 09:01:11.333336+00,London,kricket-brixton
6df2f2cc-a26b-4104-ac9a-f302fc07989f,Parliament Hill Cafe,Cafe,4.0,$,"(51.5593193,-0.1527307)","Parliament Hill Fields, Highgate Road, London, NW5 1QR",0 20 7485 6606,https://www.cityoflondon.gov.uk/things-to-do/green-spaces/hampstead-heath/where-to-go-at-hampstead-heath/parliament-hill-cafe,Cafe.,Mon-Sun: 09:00-16:30,,"{""kidsMenu"":false,""playArea"":false,""highChairs"":false,""familyPackages"":false,""changingStation"":false,""quietEnvironment"":false}","[""High chair"",""Baby change"",""Kids menu"",""Wheelchair access"",""Outdoor seating"",""Vegetarian"",""Vegan"",""Takeaway"",""Dog friendly"",""Quick service""]",,false,2025-10-07 19:07:16.337445+00,2025-10-08 09:01:11.333336+00,London,parliament-hill-cafe
7070c16b-3e5b-4a7d-bbdd-b776ead5720d,Fallow,British,4.6,$$,"(51.50941,-0.1327837)","52 Haymarket, St. James's, London SW1Y 4RP, UK",0 20 8017 1788,http://www.fallowrestaurant.com/,Contemporary all-day dining with something for everyone. Cash not accepted. Reservation required.,"Mon-Sat: 07:30-23:00, Sun: 11:30-22:00",https://cdn.prod.website-files.com/65c4e3041d72984c18dbb740/670f8f4cb127b9b6e35c92e1_Color%2520logo%2520with%2520background%25201%2520(2).png,"{""kidsMenu"":false,""playArea"":false,""highChairs"":false,""familyPackages"":false,""changingStation"":false,""quietEnvironment"":false}","[""High chair"",""Baby change in womens room"",""Kids menu"",""Wheelchair access"",""Outdoor seating"",""Vegetarian"",""Vegan"",""Good for groups"",""Takeaway"",""Dog friendly""]",,true,2025-10-07 18:45:48.723948+00,2025-10-08 09:01:11.333336+00,London,fallow
712b8bd0-bd1a-4735-baca-6416a80f20d4,Pear Tree Cafe,Cafe,4.5,$$,"(51.4796629,-0.1511722)","Lakeside Cafe, Battersea Park, London, England, SW11 4NJ, GB",0 20 7978 1655,https://www.peartreecafe.co.uk/battersea-park,"Cafe dining in the park with beautiful outdoor dining. Serving brunch, lunch, pizza, and a kids menu from £6. Other locations at Clapham Commons and Lincoln's Inn Fields.","Mon-Sat: 08:00-22:00, Sun: 08:00-21:00",https://cdn.prod.website-files.com/65c4e3041d72984c18dbb740/670f8f8618671d9375e847ba_pear%2520tree%2520battersea.jpeg,"{""kidsMenu"":false,""playArea"":false,""highChairs"":false,""familyPackages"":false,""changingStation"":false,""quietEnvironment"":false}","[""High chair"",""Baby change in womens room"",""Kids menu"",""Wheelchair access"",""Outdoor seating"",""Playground nearby"",""Vegetarian"",""Vegan"",""Dairy Free"",""Gluten free"",""Good for groups"",""Takeaway"",""Dog friendly""]",,true,2025-10-07 18:50:49.585057+00,2025-10-08 09:01:11.333336+00,London,pear-tree-cafe
714b7591-0771-49d1-85cb-9dc0fee37375,The Crown,British,4.6,$$,"(51.5329794,-0.0417301)","223 Grove Rd., London E3 5SN, UK",0 20 8880 7261,https://www.thecrownbow.co.uk/,"Friendly neighbourhood pub with two floors of dining, balconies, and outdoor tables. Brunch during the week and Saturdays with Sunday roast on offer. Combine with Victoria Park nearby.","Mon-Fri: 11:00-21:00, Sat: 11:00-22:00, Sun: 10:00-22:00",https://cdn.prod.website-files.com/65c4e3041d72984c18dbb740/66e40bf620ea1fdc6d73c1ad_The%2520Crown%2520e3.png,"{""kidsMenu"":false,""playArea"":false,""highChairs"":false,""familyPackages"":false,""changingStation"":false,""quietEnvironment"":false}","[""High chair"",""Baby change in unisex room"",""Kids menu"",""Wheelchair access"",""Outdoor seating"",""Playground nearby"",""Vegetarian"",""Vegan"",""Good for groups"",""Takeaway"",""Dog friendly"",""Games available""]",,true,2025-10-07 18:36:13.126532+00,2025-10-08 09:01:11.333336+00,London,the-crown
71663c31-685f-41b9-aeb8-7e8d19feeac5,"Coppa Club, Putney",Vegan,4.0,$$,"(-0.2125604,51.4650751)",29 Brewhouse Lane,,https://www.coppaclub.co.uk/between-bridges/?utm_source=google&utm_medium=local&utm_campaign=glocal_putney,"Gorgeous location on the river, with all day dining and also 3 private igloos for extra special dining.  📸 Coppa Club Putney ","Monday: 09:00-23:00, Tuesday: 09:00-23:00, Wednesday: 09:00-23:00, Thursday: 09:00-23:00, Friday: 09:00-23:00, Saturday: 09:00-23:00, Sunday: 09:00-22:00",https://cdn.prod.website-files.com/65c4e3041d72984c18dbb740/66e40bc72982a7c2088ff2a7_Coppa%2520Club%2520Putney.png,"{""kidsMenu"":true,""playArea"":false,""highChairs"":true,""familyPackages"":false,""changingStation"":true,""quietEnvironment"":true}","[""High chair"",""Baby change in unisex room"",""Kids' menu"",""Wheelchair access"",""Outdoor seating"",""Small sharing plates"",""Vegetarian"",""Vegan"",""Relaxed"",""Buzzy"",""Good for groups"",""Takeaway"",""Healthy"",""A/C""]",,true,2025-10-07 13:10:31.603581+00,2025-10-08 09:01:11.333336+00,London,coppa-club-putney
7574fa58-2b96-44ae-84dd-9ddba0cdbd3d,Bill's Westfield White City Restaurant,European,4.5,$$,"(51.5068002,-0.2211415)","Ariel Way, London, W12 7GB",0 20 8054 5400,https://bills-website.co.uk/restaurants/westfield-white-city/?utm_source=LocalGoogle&utm_medium=Organic,"Contemporary European chain offering breakfast, bruch, afternoon tea, lunch and dinner menus. Check website for kids eat meal calendar during school holidays. (Up to 2 kids can eat free ALL DAY when one adult orders any main from breakfast, lunch or dinner, Monday-Friday). Cash not accepted.","Mon-Sat: 08:00-22:00, Sun: 09:00-22:00",https://cdn.prod.website-files.com/65c4e3041d72984c18dbb740/6809f4a07c7a8e8557902689_Screenshot%25202025-04-23%2520at%252020.04.10.png,"{""kidsMenu"":false,""playArea"":false,""highChairs"":false,""familyPackages"":false,""changingStation"":false,""quietEnvironment"":false}","[""High chair"",""Baby change"",""Kids menu"",""Wheelchair access"",""Outdoor seating"",""Vegetarian"",""Vegan"",""Takeaway"",""Dog friendly"",""Quick service""]",,true,2025-10-07 18:58:45.738564+00,2025-10-08 09:01:11.333336+00,London,bills-westfield-white-city-restaurant
75ab3bfe-6e6a-4ec0-a563-bb6156a4eee7,Chimichurris,Argentinian,4.5,$$,"(51.5005442,-0.0992011)","132 Southwark Bridge Road, London, SE1 0DG",0 20 7928 7414,http://www.chimichurris.co.uk/,Traditional Argentinian restaurant with charcoal grilled meats and fish.,"Mon: closed, Tue-Fri: 17:00-23:00, Sat: 12:00-23:00, Sun: 12:00-22:00",https://cdn.prod.website-files.com/65c4e3041d72984c18dbb740/670f8f4cb127b9b6e35c92e1_Color%2520logo%2520with%2520background%25201%2520(2).png,"{""kidsMenu"":false,""playArea"":false,""highChairs"":false,""familyPackages"":false,""changingStation"":false,""quietEnvironment"":false}","[""High chair"",""Baby change"",""Wheelchair access"",""Small plates"",""Vegetarian"",""Vegan"",""Takeaway"",""Quick service""]",,false,2025-10-07 18:58:45.738564+00,2025-10-08 09:01:11.333336+00,London,chimichurris
75c87b1c-49c3-4373-b003-40c89d9e15df,Leafwild Cafe,Cafe,4.6,$$,"(51.5185246,-0.2104038)","156 Ladbroke Grove, London W10 5NA, UK",020 3417 6616,https://leafwildcafe.co.uk/,"Cosy cafe with a rustic vibe offering artisan coffee, plus health-conscious cakes & meals.","Mon-Fri: 07:30-17:00, Sat-Sun: 08:00-17:00",https://cdn.prod.website-files.com/65c4e3041d72984c18dbb740/66e40be96aa8ebf621678109_WhatsApp%2520Image%25202024-05-10%2520at%252016.43.06.jpeg,"{""kidsMenu"":false,""playArea"":false,""highChairs"":false,""familyPackages"":false,""changingStation"":false,""quietEnvironment"":false}","[""High chair"",""Baby change in unisex room"",""Kids menu"",""Wheelchair access"",""Outdoor seating"",""Vegetarian"",""Vegan"",""Gluten free"",""Good for groups"",""Takeaway"",""Dog friendly""]",,true,2025-10-07 18:36:13.126532+00,2025-10-08 09:01:11.333336+00,London,leafwild-cafe
766f67c3-06df-494e-a3a8-9abc16895eaf,The Duke of Cambridge,British,4.5,$$,"(51.5345849,-0.0986845)","30 St Peter's St, London N1 8JT, UK",0 20 7359 3066,http://www.dukeorganic.co.uk/,"Gastropub serving organic meat, sustainable fish and healthy options. Organic beer and wine available. Kids toys available. Great for birthday parties.","Mon: closed, Tue-Wed: 17:30-22:00, Thu-Sat: 12:00-23:00, Sun: 12:00-17:00",https://cdn.prod.website-files.com/65c4e3041d72984c18dbb740/670f8f55f5a20e567497b5db_duke%2520of%2520cambridge.png,"{""kidsMenu"":false,""playArea"":false,""highChairs"":false,""familyPackages"":false,""changingStation"":false,""quietEnvironment"":false}","[""High chair"",""Baby change in unisex room"",""Wheelchair access"",""Outdoor seating"",""Vegetarian"",""Vegan"",""Good for groups"",""Dog friendly"",""Games available""]",,true,2025-10-07 18:42:49.636036+00,2025-10-08 09:01:11.333336+00,London,the-duke-of-cambridge
78585ea7-96da-4a35-9645-1402509596a9,Leafy Bean Coffee & Cocktail Bar,Cafe,4.0,$,"(51.6070676,-0.1205008)","Bowes Park Station Platform 1, London, N22 8YY",0 20 8888 8287,http://www.leafybean.coffee/,"Coffee, bagels, brioche and cocktails.","Mon-Fri: 07:00-13:30, Sat: 09:00-14:00, Sun: closed",https://cdn.prod.website-files.com/65c4e3041d72984c18dbb740/670f8f4cb127b9b6e35c92e1_Color%2520logo%2520with%2520background%25201%2520(2).png,"{""kidsMenu"":false,""playArea"":false,""highChairs"":false,""familyPackages"":false,""changingStation"":false,""quietEnvironment"":false}","[""High chair"",""Baby change"",""Outdoor seating"",""Vegetarian"",""Vegan"",""Takeaway"",""Dog friendly""]",,false,2025-10-07 18:58:45.738564+00,2025-10-08 09:01:11.333336+00,London,leafy-bean-coffee-cocktail-bar
78fa2a7f-254c-4b97-85a2-8179aba315a9,Maharaja of India,Indian,4.5,$$,"(51.5103104,-0.1287427)","19A Charing Cross Road, London, WC2H 0ET",0 20 3091 3500,https://www.maharajacharingcross.co.uk/,Traditional Indian cuisine and tandoori specialities. Nearby Leicester Square for pre and post theatre meals.,Mon-Sun: 12:00-00:00,https://cdn.prod.website-files.com/65c4e3041d72984c18dbb740/670f8fd28b4065109d0b1fb1_maharaja%2520of%2520india.png,"{""kidsMenu"":false,""playArea"":false,""highChairs"":false,""familyPackages"":false,""changingStation"":false,""quietEnvironment"":false}","[""High chair"",""Baby change"",""Kids menu"",""Wheelchair access"",""Outdoor seating"",""Vegetarian"",""Vegan"",""Halal"",""Takeaway"",""Dog friendly"",""Quick service""]",,true,2025-10-07 18:55:51.27332+00,2025-10-08 09:01:11.333336+00,London,maharaja-of-india
7a379b07-f266-460b-8eb9-bc43232ea3ad,Mamma Dough - Peckham,Italian,4.5,$$,"(51.4734882,-0.056335)","179 Queen's Road, London, SE15 2ND",0 20 7635 3470,https://www.mammadough.co.uk/,A pizzeria using 48 hour fermented sourdough. Half price pizzas on Mondays. 5 locations around London. Accepts reservations.,"Mon-Thu: 17:00-22:00, Fri: 17:00-22:30, Sat: 12:00-22:30, Sun: 12:00-22:00",,"{""kidsMenu"":false,""playArea"":false,""highChairs"":false,""familyPackages"":false,""changingStation"":false,""quietEnvironment"":false}","[""High chair"",""Baby change"",""Kids menu"",""Wheelchair access"",""Small plates"",""Vegetarian"",""Vegan"",""Halal"",""Takeaway"",""Dog friendly"",""Quick service""]",,false,2025-10-07 19:01:10.851204+00,2025-10-08 09:01:11.333336+00,London,mamma-dough---peckham
7a6f3da8-d034-4fff-84be-2e8eccc8afe1,Bread Street Kitchen & Bar - The City,European,4.4,$$,"(51.5188487,-0.0868731)","11, 13, 14, 13 South Pl, London EC2M 7EB, UK",020 7499 0125,https://www.gordonramsayrestaurants.com/bread-street-kitchen/south-place/,"A Modern European restaurant with something for everyone, including a delicious Beef Wellington for two. Kids (8 and under) eat free all day every day.","Mon-Fri: 07:30-22:00, Sat-Sun: closed",https://cdn.prod.website-files.com/65c4e3041d72984c18dbb740/66e40bd403f5ac3aa613e24a_IMG_7640.jpeg,"{""kidsMenu"":false,""playArea"":false,""highChairs"":false,""familyPackages"":false,""changingStation"":false,""quietEnvironment"":false}","[""High chair"",""Baby change in womens room"",""Kids menu"",""Wheelchair access"",""Vegetarian"",""Vegan"",""Good for groups"",""Free kids meal"",""Takeaway""]",,true,2025-10-07 18:33:15.138688+00,2025-10-08 09:01:11.333336+00,London,bread-street-kitchen-bar---the-city
7b7da2a2-bab1-43b4-a50b-1e50342d12b0,Gallio,Mediterranean,4.5,$$,"(51.5050967,-0.0201165)","2 Cabot Square, London, E14 4QT",0 20 3006 5650,https://www.gallio.uk/,"Meditteranean dishes such as flatbreads, filled pitas, pizzas, and salads.","Mon-Thu: 09:00-22:00, Fri: 09:00-22:30, Sat: 09:00-22:30, Sun: 09:00-22:00",https://cdn.prod.website-files.com/65c4e3041d72984c18dbb740/670f8fe12e1c8d894bbd8b93_gallio.jpeg,"{""kidsMenu"":false,""playArea"":false,""highChairs"":false,""familyPackages"":false,""changingStation"":false,""quietEnvironment"":false}","[""High chair"",""Baby change"",""Wheelchair access"",""Small plates"",""Vegetarian"",""Vegan"",""Halal"",""Takeaway"",""Quick service""]",,true,2025-10-07 18:58:45.738564+00,2025-10-08 09:01:11.333336+00,London,gallio
7bcc984f-6a20-4959-9a0b-fa0c66eec3d9,Flesh & Buns Covent Garden,Japanese,4.5,$$,"(51.5140027,-0.1256805)","41 Earlham Street, London, WC2H 9LX",0 20 3019 3492,https://www.fleshandbuns.com/restaurants/covent-garden/,"Japanese Izakaya restaurant with small and large plates and sushi. Located in a basement, only accessible by a staircase. If a high chair is needed, request in the booking. Cash not accepted. Another location at Oxford Circus.","Mon-Tue: 12:00-22:00, Wed-Sat: 12:00-23:00, Sun: 12:00-21:00",https://cdn.prod.website-files.com/65c4e3041d72984c18dbb740/670f8facfd4d5b193e66302f_flesh%2520and%2520buns%2520CG.jpeg,"{""kidsMenu"":false,""playArea"":false,""highChairs"":false,""familyPackages"":false,""changingStation"":false,""quietEnvironment"":false}","[""High chair"",""Small plates"",""Vegetarian"",""Vegan"",""Dog friendly"",""Quick service""]",,true,2025-10-07 18:55:51.27332+00,2025-10-08 09:01:11.333336+00,London,flesh-buns-covent-garden
7c82f750-3fa0-45d1-aaa0-ff1132c5f101,The Spread Eagle,Vegan,4.5,$$,"(51.5486373,-0.0407243)","224 Homerton High Street, London, E9 6AS",0 20 8985 0400,https://www.thespreadeaglelondon.co.uk/,London's first fully vegan pub. Pool table available. Under 18s welcome with a parent until 9 pm.,"Mon-Thu: 16:00-23:00, Fri: 16:00-01:00, Sat: 12:00-02:00, Sun: 12:00-22:00",https://cdn.prod.website-files.com/65c4e3041d72984c18dbb740/670f8fb71283fc8dea84449b_Screenshot%25202024-09-16%2520at%252010.53.15%25E2%2580%25AFPM.png,"{""kidsMenu"":false,""playArea"":false,""highChairs"":false,""familyPackages"":false,""changingStation"":false,""quietEnvironment"":false}","[""High chair"",""Baby change"",""Wheelchair access"",""Outdoor seating"",""Vegetarian"",""Vegan"",""Takeaway"",""Dog friendly"",""Games available"",""Quick service""]",,true,2025-10-07 18:55:51.27332+00,2025-10-08 09:01:11.333336+00,London,the-spread-eagle
7d91cd67-df89-43fb-acdc-2841b189b2b7,"The Admiralty, Trafalgar Square",British,4.5,$$,"(51.5073029,-0.1288474)","66 Trafalgar Square, London, WC2N 5DS",0 20 7930 0066,https://www.admiraltytrafalgar.co.uk/,Traditional pub overlooking Nelson's Column. Known for their pies and other traditional British mains.A Fuller's pub.,"Mon-Sat: 11:00-23:00, Sun: 11:00-22:00",,"{""kidsMenu"":false,""playArea"":false,""highChairs"":false,""familyPackages"":false,""changingStation"":false,""quietEnvironment"":false}","[""High chair"",""Baby change"",""Wheelchair access"",""Outdoor seating"",""Vegetarian"",""Vegan"",""Dog friendly"",""Quick service""]",,false,2025-10-07 19:01:10.851204+00,2025-10-08 09:01:11.333336+00,London,the-admiralty-trafalgar-square
7e0a4586-db85-40f6-9158-ed132080b604,Four Hundred Rabbits: Pizza Restaurant Crystal Palace,Pizza,4.0,$,"(-0.082996,51.418962)","30-32 Westow St, London SE19 3AH, UK",0 20 8771 6249,https://www.400rabbits.co.uk/crystalpalace,Independent family owned pizza place with craft beer. Deals: Tenner tuesday - Grab a Margherita pizza and schooner of craft beer for £10.  📸 Four Hundred Rabbits,"Monday: 12:00-21:30, Tuesday: 12:00-21:30, Wednesday: 12:00-21:30, Thursday: 12:00-21:30, Friday: 12:00-22:00, Saturday: 12:00-22:00, Sunday: 12:00-21:30",https://cdn.prod.website-files.com/65c4e3041d72984c18dbb740/66e40bc3e9d6ea4ba7780fa7_400%2520rabbits%2520crystal%2520palace.png,"{""kidsMenu"":true,""playArea"":false,""highChairs"":true,""familyPackages"":false,""changingStation"":true,""quietEnvironment"":true}","[""High chair"",""Baby change in women's room"",""Kids' menu"",""Wheelchair access"",""Vegetarian"",""Vegan"",""Relaxed"",""Buzzy"",""Good for groups"",""Takeaway"",""Teen favourite"",""Dog friendly"",""Friendly staff"",""Healthy"",""Quick service"",""A/C""]",,true,2025-10-07 13:07:38.599254+00,2025-10-08 09:01:11.333336+00,London,four-hundred-rabbits-pizza-restaurant-crystal-palace
7e1de4a5-2082-410f-87fd-faff7ecfffed,Dishoom Carnaby,Indian,4.7,$$,"(51.5131089,-0.1397753)","22 Kingly St, Carnaby, London W1B 5QP, UK",0 20 7420 9322,https://www.dishoom.com/carnaby,Buzzy destination for Indian street food in Bombay-style decor with 7 locations around London.,"Mon-Fri: 08:00-23:00, Sat: 09:00-00:00, Sun: 09:00-23:00",https://cdn.prod.website-files.com/65c4e3041d72984c18dbb740/66e40c2a906a41b0b036b77c_Dishoom%2520carnaby.png,"{""kidsMenu"":false,""playArea"":false,""highChairs"":false,""familyPackages"":false,""changingStation"":false,""quietEnvironment"":false}","[""High chair"",""Baby change in unisex room"",""Kids menu"",""Wheelchair access"",""Outdoor seating"",""Vegetarian"",""Vegan"",""Halal"",""Good for groups"",""Takeaway""]",,true,2025-10-07 18:41:01.534021+00,2025-10-08 09:01:11.333336+00,London,dishoom-carnaby
7e944e04-5439-4c17-a7f8-10f39979d5d0,Everest Inn,Nepalese,4.5,$$,"(51.4674992,0.0080688)","41 Montpelier Vale, London, SE3 0TJ",0 20 8852 7872,http://www.everestinnblackheath.co.uk/,Fine dining with Nepalese and Indian cuisine. Combine with Blackheath or Greenwich Park. Baby change is located in the ladies' room upstairs.,"Mon: closed, Tue-Thu: 15:00-22:30, Fri: 14:00-23:00, Sat: 12:00-23:00, Sun: 12:00-22:00",https://cdn.prod.website-files.com/65c4e3041d72984c18dbb740/670f8fdd9f7dd4599ddd09a9_everest%2520inn.png,"{""kidsMenu"":false,""playArea"":false,""highChairs"":false,""familyPackages"":false,""changingStation"":false,""quietEnvironment"":false}","[""High chair"",""Baby change"",""Kids menu"",""Wheelchair access"",""Outdoor seating"",""Vegetarian"",""Vegan"",""Halal"",""Takeaway"",""Dog friendly"",""Quick service""]",,true,2025-10-07 18:58:45.738564+00,2025-10-08 09:01:11.333336+00,London,everest-inn
7eedc235-3f02-4b43-9d9e-d2542f4d1cad,The Holly Tree,British,4.5,$$,"(51.5557936,0.020535)","141 Dames Road, London, E7 0DZ",0 20 8221 9830,https://thehollytreepub.co.uk/,"Classic Pub, Menu is good for kids.","Mon-Wed: 17:00-23:00, Thu-Sat: 12:00-23:00, Sun: 12:00-21:00",,"{""kidsMenu"":false,""playArea"":false,""highChairs"":false,""familyPackages"":false,""changingStation"":false,""quietEnvironment"":false}","[""High chair"",""Baby change"",""Wheelchair access"",""Outdoor seating"",""Takeaway"",""Dog friendly"",""Quick service""]",,false,2025-10-07 19:07:16.337445+00,2025-10-08 09:01:11.333336+00,London,the-holly-tree
807bb3e3-5c53-4e86-964e-3addcc73f962,Hong Kong Restaurant,Chinese,4.4,$$,"(51.5389709,-0.1020316)","301 Upper St, London N1 2TU, UK",0 20 4537 3557,http://www.hkcuisine.co.uk/,"A Chinese restaurant offering different flavors of dumplings, siomai, and Hong Kong cuisine. Also serving Halal foods. Great tea selection.",Daily: 12:00-23:00,https://cdn.prod.website-files.com/65c4e3041d72984c18dbb740/66e40c0c4b5a470ac7eb8ba6_Hong%2520kong%2520restaurant.jpeg,"{""kidsMenu"":false,""playArea"":false,""highChairs"":false,""familyPackages"":false,""changingStation"":false,""quietEnvironment"":false}","[""High chair"",""Baby change in unisex room"",""Kids menu"",""Vegetarian"",""Vegan"",""Halal"",""Good for groups"",""Takeaway""]",,true,2025-10-07 18:39:10.01835+00,2025-10-08 09:01:11.333336+00,London,hong-kong-restaurant
81057371-9940-4e77-910a-4d332c0cb82b,INIS,Cafe,4.7,$$,"(51.5410075,-0.0230516)","13 Rookwood Way, Fish Island, London E3 2XT, UK",,http://www.inisfishisland.com/,"Opened in May 2024, this super friendly restaurant with delicious food, including counter salads, pastries, cakes, and hot food. Very welcoming of kids! Combine with Victoria Park.","Mon-Tue: closed, Wed-Sun: 08:00-15:00, Thu-Sat: 08:00-23:00, Sun: 08:00-17:00",https://cdn.prod.website-files.com/65c4e3041d72984c18dbb740/670f8f73091321a63ede0f0b_IMG_7660.jpeg,"{""kidsMenu"":false,""playArea"":false,""highChairs"":false,""familyPackages"":false,""changingStation"":false,""quietEnvironment"":false}","[""High chair"",""Baby change in womens room"",""Kids menu"",""Wheelchair access"",""Outdoor seating"",""Playground nearby"",""Vegetarian"",""Vegan"",""Gluten free"",""Good for groups"",""Takeaway"",""Dog friendly""]",,true,2025-10-07 18:45:48.723948+00,2025-10-08 09:01:11.333336+00,London,inis
83584732-6e8d-4c69-a553-6f08ec51edc3,The Hawk's Nest,Pizza,4.5,$$,"(51.5024782,-0.2268831)","Shepherd's Bush Market, London, W12 8DF",0 7570 820944,https://the-hawks-nest.co.uk/,"Bustling bar offering pizzas, snacks and cocktailsin a plant-filled outdoor setting. No dogs after 7 pm on Fridays and Saturdays.","Mon-Wed: 16:00-22:30, Thu-Sat: 16:00-00:00, Sun: 14:00-22:30",,"{""kidsMenu"":false,""playArea"":false,""highChairs"":false,""familyPackages"":false,""changingStation"":false,""quietEnvironment"":false}","[""High chair"",""Baby change"",""Wheelchair access"",""Outdoor seating"",""Vegetarian"",""Vegan"",""Takeaway"",""Dog friendly"",""Quick service""]",,false,2025-10-07 19:01:10.851204+00,2025-10-08 09:01:11.333336+00,London,the-hawks-nest
83b803c3-e710-48fb-8f7a-20d29329eae4,Cinquecento Soho,Italian,4.6,$$,"(51.5146718,-0.131146)","6 Greek St, London W1D 4DE, UK",0 20 7287 7705,https://cinquecentopizzeria.com/our-soho-pizza-restaurant/,"Authentic Neapolitan Pizzeria also serving starters, salads and pasta with 5 locations around London. Delivery also available.","Mon-Thu: 12:00-22:30, Fri-Sat: 12:00-23:00, Sun: 12:00-22:30",https://cdn.prod.website-files.com/65c4e3041d72984c18dbb740/66e40c2d930c3e53e89e182b_Cinque-SOHO-Interior-29.jpeg,"{""kidsMenu"":false,""playArea"":false,""highChairs"":false,""familyPackages"":false,""changingStation"":false,""quietEnvironment"":false}","[""High chair"",""Baby change in unisex room"",""Kids menu"",""Wheelchair access"",""Outdoor seating"",""Vegetarian"",""Vegan"",""Good for groups"",""Takeaway""]",,true,2025-10-07 18:41:01.534021+00,2025-10-08 09:01:11.333336+00,London,cinquecento-soho
848fe64a-a173-4d11-9818-e79247851f3f,German Gymnasium Grand Cafe,German,4.3,$$,"(51.5323757,-0.1254543)","German Gymnasium, London",,https://www.germangymnasium.com/dining-areas/grand-cafe/,"Buzzy all day German dining with schnitzel, burgers, and plenty of vegan & vegetarian options. Great place for a multi-generational meet up or celebration.","Mon-Fri: 08:00-22:00, Sat: 10:00-22:00, Sun: 10:00-21:00",https://cdn.prod.website-files.com/65c4e3041d72984c18dbb740/66e40bc95b1e61411ba5decf_IMG_2701-fotor-20240604171823.jpeg,"{""kidsMenu"":false,""playArea"":false,""highChairs"":false,""familyPackages"":false,""changingStation"":false,""quietEnvironment"":false}","[""High chair"",""Baby change in unisex room"",""Kids menu"",""Wheelchair access"",""Outdoor seating"",""Vegetarian"",""Vegan"",""Good for groups""]",,true,2025-10-07 18:30:42.259227+00,2025-10-08 09:01:11.333336+00,London,german-gymnasium-grand-cafe
85075535-7380-4b93-9c87-47b9247392b1,Sticky Mango Tower Bridge,Asian,4.5,$$,"(51.5034669,-0.0731303)","36c Shad Thames, London, SE1 2YE",0 20 7928 4554,https://static1.squarespace.com/static/638f488a30bb255b0c725a03/t/65fc5bd90b55d55a58c1543a/1711037404361/Sticky+Mango+Children%27s+Menu.pdf,Pan-Asian menu with a £15 children's bento box. Cash not accepted. Another location at Waterloo.,"Mon: 17:00-22:30, Tue-Fri: 12:00-14:30, 17:00-22:30, Sat: 12:00-22:30, Sun: 12:00-21:00",https://cdn.prod.website-files.com/65c4e3041d72984c18dbb740/670f8fac72ad253f909347bc_sticky%2520mango.png,"{""kidsMenu"":false,""playArea"":false,""highChairs"":false,""familyPackages"":false,""changingStation"":false,""quietEnvironment"":false}","[""High chair"",""Baby change"",""Kids menu"",""Wheelchair access"",""Outdoor seating"",""Vegetarian"",""Vegan"",""Dog friendly""]",,true,2025-10-07 18:55:51.27332+00,2025-10-08 09:01:11.333336+00,London,sticky-mango-tower-bridge
85bc9bd0-b4a8-458a-914c-9b91711eecb3,Morty & Bob's,Cafe,4.5,$$,"(51.5362376,-0.1261819)","Coal Drops Yard, London, England, N1C 4DQ, GB",0 20 3668 7703,https://www.mortyandbobs.com/kingscrossn1c,"All day dining cafe, restaurant, and bar with 3 locations in London. Card payment only.","Mon-Fri: 12:00-23:30, Sat: 10:00-00:00, Sun: 10:00-22:30",https://cdn.prod.website-files.com/65c4e3041d72984c18dbb740/670f8f6840ece5b3fa2026aa_Morty%2520and%2520bobs.jpeg,"{""kidsMenu"":false,""playArea"":false,""highChairs"":false,""familyPackages"":false,""changingStation"":false,""quietEnvironment"":false}","[""High chair"",""Baby change in womens room"",""Kids menu"",""Wheelchair access"",""Outdoor seating"",""Vegetarian"",""Vegan"",""Good for groups"",""Takeaway"",""Dog friendly""]",,true,2025-10-07 18:43:58.706203+00,2025-10-08 09:01:11.333336+00,London,morty-bobs
86010b84-d560-4760-8b91-7d5e32c7eb25,Chamisse,Lebanese,4.5,$$,"(51.5221772,-0.1139637)","55 Grays Inn Road, London, WC1X 8PP",0 20 7430 0799,http://www.chamisse.com/,"Traditional Lebanese and Meditteranean mezes, salads, and meat dishes, plus takeaway. Try to save room for dessert! Combine with nearby fully-gated Coram's Fields Playground, The Postal Museum, and Charles Dickens Museum.","Mon-Sat: 11:00-22:30, Sun: closed",https://cdn.prod.website-files.com/65c4e3041d72984c18dbb740/670f8fd94eef099278876b4d_Chamisse.jpeg,"{""kidsMenu"":false,""playArea"":false,""highChairs"":false,""familyPackages"":false,""changingStation"":false,""quietEnvironment"":false}","[""High chair"",""Baby change"",""Wheelchair access"",""Small plates"",""Vegetarian"",""Vegan"",""Halal"",""Takeaway"",""Quick service""]",,true,2025-10-07 18:58:45.738564+00,2025-10-08 09:01:11.333336+00,London,chamisse
86d78667-ef2c-42cb-be62-4adb4ae774e6,Pizza Pilgrims Waterloo,Italian,4.5,$$,"(51.5016996,-0.1110858)","82 Lower Marsh, London SE1 7AB, UK",0 20 3974 9829,http://www.pizzapilgrims.co.uk/,Buzzy neapolitan pizza place with locations around the UK.,"Mon-Sat: 11:30-22:30, Sun: 11:30-21:00",https://cdn.prod.website-files.com/65c4e3041d72984c18dbb740/670f8f4cb127b9b6e35c92e1_Color%2520logo%2520with%2520background%25201%2520(2).png,"{""kidsMenu"":false,""playArea"":false,""highChairs"":false,""familyPackages"":false,""changingStation"":false,""quietEnvironment"":false}","[""High chair"",""Baby change in womens room"",""Kids menu"",""Wheelchair access"",""Outdoor seating"",""Vegetarian"",""Vegan"",""Halal"",""Good for groups"",""Takeaway"",""Dog friendly""]",,true,2025-10-07 18:45:48.723948+00,2025-10-08 09:01:11.333336+00,London,pizza-pilgrims-waterloo
87cc4d6a-3757-4682-9184-aad19bdb3e44,Uzumaki London,Japanese,4.5,$$,"(51.5175444,-0.1292386)","107 Great Russell St, London WC1B 3NB, UK",0 7746 998623,http://www.uzumakilondon.com/,Immersive Japanese anime restaurant serving anime food and drinks. A delicious and fun experience for the whole family!,"Mon: closed, Tue-Sun: 12:00-23:00",https://cdn.prod.website-files.com/65c4e3041d72984c18dbb740/670f8f4cb127b9b6e35c92e1_Color%2520logo%2520with%2520background%25201%2520(2).png,"{""kidsMenu"":false,""playArea"":false,""highChairs"":false,""familyPackages"":false,""changingStation"":false,""quietEnvironment"":false}","[""High chair"",""Baby change in womens room"",""Wheelchair access"",""Vegetarian"",""Vegan"",""Halal"",""Good for groups"",""Takeaway"",""Dog friendly""]",,true,2025-10-07 18:43:58.706203+00,2025-10-08 09:01:11.333336+00,London,uzumaki-london
88a02335-ce76-46d6-9451-708b02f28bfc,Cinnamon Kitchen,Indian,4.5,$$,"(51.4832953,-0.1470702)","4 Arches Lane, London, SW11 8AB",0 20 3995 5075,https://www.cinnamon-kitchen.com/wp-content/uploads/2023/10/CK-Kids-Menu-2023-Final.pdf,"Modern Indian cuisine with two locations in London. Kids meal is £10.50 for kids 8 and under, including a main, dessert, and drink. Saturday DJ brunch, Sunday bottomless brunch and afternoon tea.",Mon-Sun: 12:00-23:00,https://cdn.prod.website-files.com/65c4e3041d72984c18dbb740/670f8fc7678d4dbffc8fb577_CK-BATTERSEA-MAIN-RES-940x552.jpeg,"{""kidsMenu"":false,""playArea"":false,""highChairs"":false,""familyPackages"":false,""changingStation"":false,""quietEnvironment"":false}","[""High chair"",""Baby change"",""Kids menu"",""Wheelchair access"",""Outdoor seating"",""Vegetarian"",""Vegan"",""Halal"",""Takeaway"",""Dog friendly"",""Quick service""]",,true,2025-10-07 18:55:51.27332+00,2025-10-08 09:01:11.333336+00,London,cinnamon-kitchen
890a806e-d3da-47c8-8df2-4f2d6f7c6285,Maxwell's Bar & Grill,American,4.4,$$,"(51.5116961,-0.1246264)","34 King St, London WC2E 8JG, UK",0 20 7836 0303,https://www.maxwellsbarandgrill.com/,"American-style burgers, salads, ribs and grills with cocktail list and pre-theatre specials. Kids meal for kids 10 and under: £9.95.","Mon-Thu: 12:00-23:00, Fri-Sat: 12:00-00:00, Sun: 12:00-23:00",https://cdn.prod.website-files.com/65c4e3041d72984c18dbb740/670f8f5934a5ec5ff0dc71d2_maxwells.jpeg,"{""kidsMenu"":false,""playArea"":false,""highChairs"":false,""familyPackages"":false,""changingStation"":false,""quietEnvironment"":false}","[""High chair"",""Baby change in unisex room"",""Kids menu"",""Wheelchair access"",""Outdoor seating"",""Vegetarian"",""Vegan"",""Good for groups""]",,true,2025-10-07 18:42:49.636036+00,2025-10-08 09:01:11.333336+00,London,maxwells-bar-grill
89ae67f8-bf42-408c-b18c-e64c5b8f38e3,Smith's Bar & Grill,International,4.5,$$,"(51.519221,-0.1790959)","25 Sheldon Square, London, W2 6EP",0 20 7286 9458,http://www.smithsbarandgrill.co.uk/?utm_source=Google&utm_medium=Search&utm_campaign=organic,contemporary lounge bar,"Mon-Fri: 08:00-23:00, Sat-Sun: 09:00-23:00",,"{""kidsMenu"":false,""playArea"":false,""highChairs"":false,""familyPackages"":false,""changingStation"":false,""quietEnvironment"":false}","[""High chair"",""Baby change"",""Kids menu"",""Wheelchair access"",""Outdoor seating"",""Vegetarian"",""Vegan"",""Takeaway"",""Dog friendly"",""Quick service""]",,false,2025-10-07 19:01:10.851204+00,2025-10-08 09:01:11.333336+00,London,smiths-bar-grill
8b2d9680-f8ac-49cd-a570-0ae1dce70587,Poppies Fish & Chips,British,4.5,$$,"(51.5409723,-0.143961)","30 Hawley Crescent, London, NW1 8QR",0 20 7267 0440,https://poppiesfishandchips.co.uk/poppies-camden/,A favourite for fish and chips in a nostalgic setting with quirky 1940s memorabilia. Kids meals for £8.95 with 4 locations in London.,"Mon-Wed: 11:00-22:00, Thu-Sat: 11:00-23:00, Sun: 11:00-22:00",https://cdn.prod.website-files.com/65c4e3041d72984c18dbb740/670f8fc5b95477c063f85580_Screenshot%25202024-09-17%2520at%25202.07.08%25E2%2580%25AFPM.png,"{""kidsMenu"":false,""playArea"":false,""highChairs"":false,""familyPackages"":false,""changingStation"":false,""quietEnvironment"":false}","[""High chair"",""Baby change"",""Kids menu"",""Wheelchair access"",""Small plates"",""Takeaway"",""Quick service""]",,true,2025-10-07 18:55:51.27332+00,2025-10-08 09:01:11.333336+00,London,poppies-fish-chips-8b2d9680
8c04eb47-e09d-426a-8a09-292c51ac9fdb,Manuel's Italian and Mediterranean Restaurant and Bar,Italian,4.5,$$,"(51.4277105,-0.0861663)","129 Gipsy Hill, London, SE19 1QS",0 20 8670 1843,http://www.manuelsrestaurantandbar.com/?utm_source=google&utm_medium=wix_google_business_profile&utm_campaign=387169385620710453,"Italian and Mediterranean seafood, meat & pasta in a relaxed setting with outdoor garden seating. Check the calendar for live music events.","Mon: closed, Tue: 18:00-22:30, Wed-Thu: 12:00-15:00, 18:00-22:30, Fri: 12:00-17:00, 18:00-22:30, Sat: 12:00-22:30, Sun: 12:00-21:00",https://cdn.prod.website-files.com/65c4e3041d72984c18dbb740/670f8fd816d5c3aeaca5c5fb_Manuel%2527s%2520Italian%2520and%2520Mediterranean%2520Restaurant%2520and%2520Bar.png,"{""kidsMenu"":false,""playArea"":false,""highChairs"":false,""familyPackages"":false,""changingStation"":false,""quietEnvironment"":false}","[""High chair"",""Baby change"",""Kids menu"",""Wheelchair access"",""Outdoor seating"",""Vegetarian"",""Vegan"",""Takeaway"",""Dog friendly"",""Quick service""]",,true,2025-10-07 18:58:45.738564+00,2025-10-08 09:01:11.333336+00,London,manuels-italian-and-mediterranean-restaurant-and-bar
8cb01862-e556-4988-a0b4-56d58023786a,Bar 61 Restaurant,Spanish,4.5,$$,"(51.4400122,-0.1254957)","61A Streatham Hill, London, SW2 4TX",0 20 8671 0444,http://www.bar61.com/,"Spanish tapas in a family-run restaurant, great for groups and kids.",Mon-Sun: 12:00-23:00,https://cdn.prod.website-files.com/65c4e3041d72984c18dbb740/670f8f4cb127b9b6e35c92e1_Color%2520logo%2520with%2520background%25201%2520(2).png,"{""kidsMenu"":false,""playArea"":false,""highChairs"":false,""familyPackages"":false,""changingStation"":false,""quietEnvironment"":false}","[""High chair"",""Baby change"",""Wheelchair access"",""Outdoor seating"",""Vegetarian"",""Vegan"",""Dog friendly"",""Quick service""]",,false,2025-10-07 18:58:45.738564+00,2025-10-08 09:01:11.333336+00,London,bar-61-restaurant
8d905345-52cb-4bb4-a0b8-06d6404e44ee,The Crooked Well,British,4.5,$$,"(51.4729407,-0.0898359)","16 Grove Lane, London, SE5 8SY",0 20 7252 7798,http://thecrookedwell.com/,Spacious neighbourhood gastropub with a modern-vintage vibe serving British meals.,"Mon: closed, Tue-Fri: 16:00-23:00, Sat: 12:30-23:30, Sun: 12:30-21:00",,"{""kidsMenu"":false,""playArea"":false,""highChairs"":false,""familyPackages"":false,""changingStation"":false,""quietEnvironment"":false}","[""High chair"",""Baby change"",""Kids menu"",""Wheelchair access"",""Outdoor seating"",""Vegetarian"",""Vegan"",""Takeaway"",""Dog friendly"",""Quick service""]",,false,2025-10-07 19:01:10.851204+00,2025-10-08 09:01:11.333336+00,London,the-crooked-well
8e6fe940-ad3d-4e57-8438-5eaf07e6172e,Carluccio's - Marriott Regents Park,Italian,4.4,$$,"(51.5421339,-0.1698352)","128 King Henry's Rd, London NW3 3ST, UK",0 20 7722 7711,https://www.carluccios.com/restaurant/london-marriott-regents-park/,"Located in the Marriot, all day Italian dining with locations around the UK, sure to please every family member.","Mon-Sat: 06:30-23:00, Sun: 07:00-23:00",https://cdn.prod.website-files.com/65c4e3041d72984c18dbb740/670f8f7e1e083a48e3068da8_carluccios%2520marriot%2520regent.png,"{""kidsMenu"":false,""playArea"":false,""highChairs"":false,""familyPackages"":false,""changingStation"":false,""quietEnvironment"":false}","[""High chair"",""Baby change in womens room"",""Kids menu"",""Wheelchair access"",""Outdoor seating"",""Vegetarian"",""Vegan"",""Dairy Free"",""Gluten free"",""Good for groups"",""Takeaway"",""Dog friendly""]",,true,2025-10-07 18:45:48.723948+00,2025-10-08 09:01:11.333336+00,London,carluccios---marriott-regents-park
8e9e3a31-30af-4b6f-97e6-89fbeaa8622d,Lina Stores Italian Restaurant & Deli Marylebone,Italian,4.6,$$,"(51.516255,-0.1501996)","13-15 Marylebone Ln, London W1U 2NE, UK",0 20 3148 7503,https://www.linastores.co.uk/locations/marylebone-lane/,Buzzy Italian diner with all-day dining offered over two floors. Deli also serving takeaway. Live music the last Sunday every month during dinner.,"Mon-Fri: 08:00-23:30, Sat-Sun: 09:00-00:00",https://cdn.prod.website-files.com/65c4e3041d72984c18dbb740/680b6b15744363dae3aff64a_lina%2520stores%2520marylebone.png,"{""kidsMenu"":false,""playArea"":false,""highChairs"":false,""familyPackages"":false,""changingStation"":false,""quietEnvironment"":false}","[""High chair"",""Baby change in womens room"",""Wheelchair access"",""Vegetarian"",""Vegan"",""Gluten free"",""Halal"",""Good for groups"",""Takeaway"",""Dog friendly""]",,true,2025-10-07 18:50:49.585057+00,2025-10-08 09:01:11.333336+00,London,lina-stores-italian-restaurant-deli-marylebone
9037de33-a2fe-4451-8159-aa99fa4c6b15,Pizza East,Italian,4.5,$$,"(51.5237972,-0.0767994)","56 Shoreditch High Street, London, E1 6JJ",0 20 7349 9650,https://www.pizzaeast.com/system/files/032024/65e845531cb7110f93000016/original/Kids_Menu_-_Pizza_East_-_April_25_160425.pdf?1745566318,"Buzzy Italian with pizzas, mains, and snacks. Kids menu is £10. Great for groups and family gatherings. Another location at Stratford. Combine with Brick Lane and Spitalfield Markets.","Mon-Wed: 11:30-22:00, Thu-Sat: 11:30-00:00, Sun: 11:30-21:00",https://cdn.prod.website-files.com/65c4e3041d72984c18dbb740/680b6b3932371797a29d5b2c_pizza%2520east%2520shoreditch.png,"{""kidsMenu"":false,""playArea"":false,""highChairs"":false,""familyPackages"":false,""changingStation"":false,""quietEnvironment"":false}","[""High chair"",""Baby change"",""Kids menu"",""Wheelchair access"",""Small plates"",""Vegetarian"",""Vegan"",""Halal"",""Takeaway""]",,true,2025-10-07 18:55:51.27332+00,2025-10-08 09:01:11.333336+00,London,pizza-east
903c9589-963f-4622-a583-3cfad36acf1f,Spagnoletti,Italian,4.5,$$,"(51.5297974,-0.1238724)","27 Euston Road, London, NW1 2SD",0 20 7843 2221,https://www.spagnoletti.co.uk/,"An Italian restaurant serving breakfast, lunch, and dinnerin a ""whimsically retro-futuristic space"". Best enjoyed shared.","Mon-Fri: 07:00-21:30, Sat-Sun: 08:00-21:30",,"{""kidsMenu"":false,""playArea"":false,""highChairs"":false,""familyPackages"":false,""changingStation"":false,""quietEnvironment"":false}","[""High chair"",""Baby change"",""Wheelchair access"",""Small plates"",""Vegetarian"",""Vegan"",""Halal"",""Dog friendly"",""Quick service""]",,false,2025-10-07 19:01:10.851204+00,2025-10-08 09:01:11.333336+00,London,spagnoletti
923b35cf-c87e-47a6-bbee-72aca633d7d0,La Gelatiera - Covent Garden,Dessert,4.5,$,"(51.511136,-0.126782)","27 New Row, London WC2N 4LA, UK",0 20 7836 9559,http://www.lagelatiera.co.uk/index.html,"Delicious gelato, hot chocolate, and coffee.","Mon-Fri: 13:00-22:30, Sat: 12:00-23:30, Sun: 12:00-22:30",https://cdn.prod.website-files.com/65c4e3041d72984c18dbb740/670f8f9d9bf75b70961a181f_La%2520Gelatiera%2520-%2520Covent%2520Garden.png,"{""kidsMenu"":false,""playArea"":false,""highChairs"":false,""familyPackages"":false,""changingStation"":false,""quietEnvironment"":false}","[""Baby change in womens room"",""Outdoor seating"",""Good for groups"",""Dog friendly""]",,true,2025-10-07 18:51:49.258268+00,2025-10-08 09:01:11.333336+00,London,la-gelatiera---covent-garden
93294c5d-2d6d-4dd7-a3b5-71f8340f8ed6,Farm Girl - South Kensington,Cafe,4.5,$$,"(51.4949327,-0.1732342)","8 Exhibition Rd, South Kensington, London SW7 2HF, UK",0 20 3674 0926,http://www.thefarmgirl.co.uk/,"Friendly and healthy breakfast and lunch, with coffee, teas, matcha and pastries.","Mon-Fri: 08:30-17:00, Sat-Sun: 09:00-17:30",https://cdn.prod.website-files.com/65c4e3041d72984c18dbb740/66e40bedf5ad5d18e8bb69ca_WhatsApp%2520Image%25202024-05-10%2520at%252012.00.59-fotor-20240510163753.jpeg,"{""kidsMenu"":false,""playArea"":false,""highChairs"":false,""familyPackages"":false,""changingStation"":false,""quietEnvironment"":false}","[""High chair"",""Baby change in unisex room"",""Outdoor seating"",""Tourist attraction nearby"",""Vegetarian"",""Vegan"",""Takeaway""]",,true,2025-10-07 18:36:13.126532+00,2025-10-08 09:01:11.333336+00,London,farm-girl---south-kensington
94a16c4e-893b-4366-86d9-62c71b425fb8,Wagamama Enfield Southbury Leisure Park,Asian,4.4,$$,"(51.6505218,-0.0629706)","Southbury Leisure Park, Southbury Rd, Enfield EN1 1UY, UK",0 20 3117 5904,https://www.wagamama.com/restaurants/enfield/enfield,Casual restaurant chain serving Asian dishes in a Japanese-inspired setting with long communal benches. Great atmosphere with lots of healthy options.,"Mon-Wed: 11:00-22:00, Thu-Sat: 11:00-23:00, Sun: 11:00-22:00",https://cdn.prod.website-files.com/65c4e3041d72984c18dbb740/683039ff16293d30fe5e62c1_66eb1c1fab7251b944e0284c_66e40bcc79566cf668095516_Color%25252520logo%25252520with%25252520background%252525201%25252520(2).png,"{""kidsMenu"":false,""playArea"":false,""highChairs"":false,""familyPackages"":false,""changingStation"":false,""quietEnvironment"":false}","[""High chair"",""Baby change in unisex room"",""Kids menu"",""Wheelchair access"",""Outdoor seating"",""Vegetarian"",""Vegan"",""Good for groups"",""Takeaway"",""Dog friendly"",""Kids play space""]",,true,2025-10-07 18:39:10.01835+00,2025-10-08 09:01:11.333336+00,Enfield,wagamama-enfield-southbury-leisure-park
952fa8e2-3dea-4b6b-a632-b6f087d0c95b,Koya Ko Hackney,Japanese,4.6,$$,"(51.5365434,-0.062225)","10 Broadway Market Mews, London E8 4TS, UK",0 7342 236933,https://www.koya.co.uk/restaurant/hackney,"Casual noodle bar with fast service, serving udon, donburi. Also serving breakfast Friday-Sunday. Two other locations in London (Bank and Soho).","Mon-Thu: 12:00-22:00, Fri-Sun: 10:00-22:00",https://cdn.prod.website-files.com/65c4e3041d72984c18dbb740/66ebf89b215359e347408f17_koya%2520hackney.webp,"{""kidsMenu"":false,""playArea"":false,""highChairs"":false,""familyPackages"":false,""changingStation"":false,""quietEnvironment"":false}","[""High chair"",""Baby change in womens room"",""Kids menu"",""Wheelchair access"",""Outdoor seating"",""Vegetarian"",""Vegan"",""Good for groups"",""Takeaway""]",,true,2025-10-07 18:50:49.585057+00,2025-10-08 09:01:11.333336+00,London,koya-ko-hackney
956e0aaa-d380-4337-8973-02bf7661acc5,Dishoom Covent Garden,Indian,4.7,$$,"(51.5125176,-0.1268291)","12 Upper St Martin's Ln, London WC2H 9FB, UK",020 7420 9320,https://www.dishoom.com/covent-garden/,Buzzy destination for Indian street food in Bombay-style decor with 7 locations around London.,"Mon-Fri: 08:00-23:00, Sat: 09:00-00:00, Sun: 09:00-23:00",https://cdn.prod.website-files.com/65c4e3041d72984c18dbb740/66e40be205089f0c0b8c3d1d_Dishoom%2520covent%2520garden.png,"{""kidsMenu"":false,""playArea"":false,""highChairs"":false,""familyPackages"":false,""changingStation"":false,""quietEnvironment"":false}","[""High chair"",""Baby change in unisex room"",""Kids menu"",""Wheelchair access"",""Outdoor seating"",""Tourist attraction nearby"",""Vegetarian"",""Vegan"",""Gluten free"",""Good for groups"",""Takeaway""]",,true,2025-10-07 18:36:13.126532+00,2025-10-08 09:01:11.333336+00,London,dishoom-covent-garden
957fca1f-505a-4d6d-8048-a68801a97df5,Wildwood Restaurants Covent Garden,Italian,4.5,$$,"(51.5130111,-0.1214278)","35 - 36 Bow Street, London, WC2E 7AU",0 20 7836 8640,http://www.wildwoodrestaurants.co.uk/,Well known family-friendly restaurant serving Italian favorites. Prides itself on a healthy kids menu that kids will like.,"Mon-Thu: 12:00-21:00, Fri-Sat: 12:00-23:00, Sun: 11:00-21:00",,"{""kidsMenu"":false,""playArea"":false,""highChairs"":false,""familyPackages"":false,""changingStation"":false,""quietEnvironment"":false}","[""High chair"",""Baby change"",""Kids menu"",""Wheelchair access"",""Small plates"",""Vegetarian"",""Vegan"",""Takeaway"",""Quick service""]",,false,2025-10-07 19:01:10.851204+00,2025-10-08 09:01:11.333336+00,London,wildwood-restaurants-covent-garden
9adec70f-7e9b-451b-8a94-76d11ddd8ff3,Masala Zone Covent Garden,Indian,4.5,$$,"(51.5133413,-0.1228638)","48 Floral Street, London, WC2E 9DA",0 20 7379 0101,https://www.masalazone.com/menus/covent-garden/kids-menu/,Indian food with a buzzy vibe. Kids menu from £8.35 for kids under 7. Cash not accepted. 4 locations around London.,"Mon: 12:00-22:00, Tue: 12:15-22:00, Wed: 12:00-22:00, Thu: 12:00-22:30, Fri: 12:30-23:00, Sat: 12:30-23:00, Sun: 12:30-22:00",https://cdn.prod.website-files.com/65c4e3041d72984c18dbb740/670f8fa8a7b3cf98b6f5a5bd_masala%2520zone.jpeg,"{""kidsMenu"":false,""playArea"":false,""highChairs"":false,""familyPackages"":false,""changingStation"":false,""quietEnvironment"":false}","[""High chair"",""Baby change"",""Kids menu"",""Wheelchair access"",""Small plates"",""Vegetarian"",""Vegan"",""Takeaway""]",,true,2025-10-07 18:55:51.27332+00,2025-10-08 09:01:11.333336+00,London,masala-zone-covent-garden
9afdb595-d4e6-41bc-aad7-aa7f27132fe9,Prezzo Italian Restaurant London Glasshouse St Soho,Italian,4.3,$$,"(51.5106061,-0.136827)","36 Glasshouse St, London W1B 5DL, UK",0 20 8176 6256,https://www.prezzo.co.uk/restaurants/london-glasshouse-st-soho/,"Casual Italian chain restaurant for stone-baked pizzas and classic pastas, plus separate kids' menu. Cash not accepted. 7 locations around London.","Mon-Fri: 12:00-23:00, Sat: 11:30-23:30, Sun: 11:30-22:30",https://cdn.prod.website-files.com/65c4e3041d72984c18dbb740/670f8f483daec99825570efa_prezzo%2520soho.jpeg,"{""kidsMenu"":false,""playArea"":false,""highChairs"":false,""familyPackages"":false,""changingStation"":false,""quietEnvironment"":false}","[""High chair"",""Baby change in unisex room"",""Kids menu"",""Wheelchair access"",""Outdoor seating"",""Tourist attraction nearby"",""Vegetarian"",""Vegan"",""Good for groups"",""Takeaway"",""Dog friendly""]",,true,2025-10-07 18:41:01.534021+00,2025-10-08 09:01:11.333336+00,London,prezzo-italian-restaurant-london-glasshouse-st-soho
9b4d949f-f865-441d-a58e-65f91c3a4014,Circolo Popolare,Italian,4.6,$$,"(51.5171895,-0.1338679)","40-41 Rathbone Pl, London W1T 1HX, UK",,https://www.circolopopolare.com/restaurants/circolopopolare-london,Delicious Italian food with buzzy vibes and beautiful decor.,"Mon-Thu: 12:00-22:30, Fri-Sat: 12:00-22:30, Sun: 11:00-22:00",https://cdn.prod.website-files.com/65c4e3041d72984c18dbb740/66e40c66fd2ac7be9ff7bc95_circolo%2520pololare.webp,"{""kidsMenu"":false,""playArea"":false,""highChairs"":false,""familyPackages"":false,""changingStation"":false,""quietEnvironment"":false}","[""High chair"",""Baby change in womens room"",""Kids menu"",""Wheelchair access"",""Outdoor seating"",""Vegetarian"",""Vegan"",""Good for groups"",""Takeaway"",""Dog friendly""]",,true,2025-10-07 18:45:48.723948+00,2025-10-08 09:01:11.333336+00,London,circolo-popolare
9c8e17a6-8d65-4d5b-bbab-accea8044d5d,Harrods Food Halls,International,4.6,$$,"(51.4990913,-0.1628889)","Food Halls, GROUND FLOOR, Harrods, 87-135 Brompton Rd, London SW1X 7XL, UK",,https://www.harrods.com/en-gb/c/restaurants/dining-hall,"The Harrods Food Hall 7 restaurants including Caviar Bar, Dim Sum, The Grill, Fish & Chips, Ramen Bar, Pasta, and Sushi.","Mon-Sat: 10:00-21:00, Sun: 11:30-18:00",https://cdn.prod.website-files.com/65c4e3041d72984c18dbb740/670f8f5ea29a8096c4702a04_harrods.jpeg,"{""kidsMenu"":false,""playArea"":false,""highChairs"":false,""familyPackages"":false,""changingStation"":false,""quietEnvironment"":false}","[""High chair"",""Baby change in womens room"",""Kids menu"",""Wheelchair access"",""Vegetarian"",""Vegan"",""Good for groups"",""Takeaway""]",,true,2025-10-07 18:42:49.636036+00,2025-10-08 09:01:11.333336+00,London,harrods-food-halls
9c93d809-bbb6-4e42-9609-d983ec146a60,BrewDog Waterloo,British,4.4,$$,"(51.5023073,-0.1153675)","01 The Sidings, Unit G Waterloo Station, London, England, SE1 7BH, GB",0 20 7397 1010,https://www.brewdog.com/uk/brewdog-waterloo,"A fun vibe for the whole family including a bowling alley, slide, ice cream truck, board games, and a dog's menu.","Mon-Fri: 07:30-23:30, Sat: 09:00-00:30, Sun: 09:00-11:30",https://cdn.prod.website-files.com/65c4e3041d72984c18dbb740/66e40be724587e0d1b3ae471_WhatsApp%2520Image%25202024-05-10%2520at%252016.49.22-fotor-20240510165030.jpeg,"{""kidsMenu"":false,""playArea"":false,""highChairs"":false,""familyPackages"":false,""changingStation"":false,""quietEnvironment"":false}","[""High chair"",""Baby change in unisex room"",""Kids menu"",""Wheelchair access"",""Playground nearby"",""Vegetarian"",""Vegan"",""Good for groups"",""Dog friendly"",""Kids play space""]",,true,2025-10-07 18:36:13.126532+00,2025-10-08 09:01:11.333336+00,London,brewdog-waterloo
9d336379-33c0-4ef4-a119-f66b2926b9fc,Babur,Indian,4.5,$$,"(51.4474197,-0.0420028)","119 Brockley Rise, London, SE23 1JP",0 20 8291 2400,http://www.babur.info/,Gourmet Indian dishes. Menu is good for kids.,"Mon-Sun: 12:00-14:30, 17:30-23:00",,"{""kidsMenu"":false,""playArea"":false,""highChairs"":false,""familyPackages"":false,""changingStation"":false,""quietEnvironment"":false}","[""High chair"",""Baby change"",""Wheelchair access"",""Small plates"",""Vegetarian"",""Vegan"",""Halal"",""Takeaway"",""Quick service""]",,false,2025-10-07 19:07:16.337445+00,2025-10-08 09:01:11.333336+00,London,babur
9d3613e5-6273-435b-b83f-3b611fe70610,Simply Italian,Italian,4.5,$$,"(50.9491667,0.7308333)","12 Strand, Rye TN31 7DB, UK",0 1797 226024,https://www.simplyitalian.co.uk/,"Family-run, laidback Italian restaurant with outdoor seating, serving classic regional dishes.","Mon: 12:00-20:00, Tue: closed, Wed-Fri: 12:00-20:00, Sat: 12:00-21:00, Sun: 12:00-20:00",https://cdn.prod.website-files.com/65c4e3041d72984c18dbb740/66e40c1ffd2ac7be9ff76924_simply%2520italian.jpeg,"{""kidsMenu"":false,""playArea"":false,""highChairs"":false,""familyPackages"":false,""changingStation"":false,""quietEnvironment"":false}","[""High chair"",""Baby change in unisex room"",""Kids menu"",""Wheelchair access"",""Outdoor seating"",""Vegetarian"",""Vegan"",""Good for groups"",""Takeaway"",""Dog friendly"",""Games available""]",,true,2025-10-07 18:41:01.534021+00,2025-10-08 09:01:11.333336+00,Rye,simply-italian
9d9b3d1f-3cc3-4f61-9dc6-24b2b1184778,Bear + Wolf Cafe,Cafe,4.0,$,"(51.5579921,-0.1319829)","9 Campdale Road, London, N7 0EA",0 20 7263 1515,http://www.bearandwolfcafe.com/,Cafe.,"Mon-Fri: 08:00-17:00, Sat-Sun: 08:30-17:00",,"{""kidsMenu"":false,""playArea"":false,""highChairs"":false,""familyPackages"":false,""changingStation"":false,""quietEnvironment"":false}","[""High chair"",""Baby change"",""Kids menu"",""Wheelchair access"",""Outdoor seating"",""Vegetarian"",""Vegan"",""Takeaway"",""Dog friendly"",""Quick service""]",,false,2025-10-07 19:07:16.337445+00,2025-10-08 09:01:11.333336+00,London,bear-wolf-cafe
9e17f63b-6002-461b-9f00-28e8bb343d66,Hacha Dalston,Mexican,4.5,$$,"(51.5410079,-0.0760983)","378 Kingsland Road, London, E8 4AA",0 20 3489 7576,http://hachabar.com/,"Tacos and Mexican snacks with partners Tigre Tacos, cocktail bar. cash not accepted","Mon: closed, Tue-Sat: 17:00-23:00, Sun: closed",,"{""kidsMenu"":false,""playArea"":false,""highChairs"":false,""familyPackages"":false,""changingStation"":false,""quietEnvironment"":false}","[""Baby change"",""Wheelchair access"",""Outdoor seating"",""Dog friendly"",""Quick service""]",,false,2025-10-07 19:01:10.851204+00,2025-10-08 09:01:11.333336+00,London,hacha-dalston
9ebd6906-0bfc-4f3e-9e98-9b98f454d028,Corrochio's,Mexican,4.5,$$,"(51.5526651,-0.0746363)","70-74 Stoke Newington Road, London, N16 7XB",0 20 3239 7179,http://corrochios.com/,"A Mexican Restaurant, no cash accepted.","Mon: closed, Tue-Fri: 18:00-23:00, Sat: 12:00-00:00, Sun: 12:00-18:00",,"{""kidsMenu"":false,""playArea"":false,""highChairs"":false,""familyPackages"":false,""changingStation"":false,""quietEnvironment"":false}","[""High chair"",""Baby change"",""Small plates"",""Vegetarian"",""Vegan"",""Quick service""]",,false,2025-10-07 19:01:10.851204+00,2025-10-08 09:01:11.333336+00,London,corrochios
9ecdd5a1-e0ed-4e71-9247-9f0e8da8c357,Wahaca Covent Garden,Mexican,4.5,$$,"(51.5103369,-0.1246003)","66 Chandos Pl, London WC2N 4HG, UK",0 20 3951 9741,https://www.wahaca.co.uk/locations/covent-garden/,A family favourite Mexican restaurant with something for everyone. 11 locations around London.,"Mon-Wed: 12:00-22:00, Thu-Sat: 12:00-23:00, Sun: 12:00-22:00",https://cdn.prod.website-files.com/65c4e3041d72984c18dbb740/66e40c19ab4a1b2ad05f6039_wahaca%2520covent%2520garden.jpeg,"{""kidsMenu"":false,""playArea"":false,""highChairs"":false,""familyPackages"":false,""changingStation"":false,""quietEnvironment"":false}","[""High chair"",""Baby change in unisex room"",""Kids menu"",""Wheelchair access"",""Outdoor seating"",""Vegetarian"",""Vegan"",""Dairy Free"",""Gluten free"",""Good for groups"",""Takeaway""]",,true,2025-10-07 18:41:01.534021+00,2025-10-08 09:01:11.333336+00,London,wahaca-covent-garden
a17812f9-0b7f-4173-ad5b-565215420683,Hoppers,Sri Lankan,4.5,$$,"(51.5159042,-0.1507574)","77 Wigmore Street, London, W1U 1QE",0 20 3319 8110,https://www.hopperslondon.com/,Sri Lankan and South Indian cuisine and cocktails served with a friendly staff and a buzzy vibe.,"Mon-Wed: 12:00-15:00, 17:30-22:00, Thu-Fri: 12:00-15:00, 17:30-22:45, Sat: 12:00-22:45, Sun: 12:00-21:30",https://cdn.prod.website-files.com/65c4e3041d72984c18dbb740/670f8ff3355e8d795d6aa95e_Hoppers%2520marltbone.jpeg,"{""kidsMenu"":false,""playArea"":false,""highChairs"":false,""familyPackages"":false,""changingStation"":false,""quietEnvironment"":false}","[""High chair"",""Baby change"",""Wheelchair access"",""Outdoor seating"",""Small plates"",""Vegetarian"",""Vegan"",""Halal"",""Takeaway"",""Dog friendly"",""Quick service""]",,false,2025-10-07 19:01:10.851204+00,2025-10-08 09:01:11.333336+00,London,hoppers
a190c0dd-59c9-4b5c-893b-363e982080e2,The Lock Tavern,British,4.5,$$,"(51.5428262,-0.1476997)","35 Chalk Farm Road, London, NW1 8AJ",0 20 7482 7163,https://www.lock-tavern.com/,A Pub with live music.,"Mon-Wed: 12:00-23:00, Thu: 12:00-00:00, Fri-Sat: 12:00-01:00, Sun: 12:00-23:00",,"{""kidsMenu"":false,""playArea"":false,""highChairs"":false,""familyPackages"":false,""changingStation"":false,""quietEnvironment"":false}","[""High chair"",""Baby change"",""Kids menu"",""Wheelchair access"",""Outdoor seating"",""Takeaway"",""Dog friendly"",""Quick service""]",,false,2025-10-07 19:01:10.851204+00,2025-10-08 09:01:11.333336+00,London,the-lock-tavern
a19ee340-cd54-46b9-a014-a200cb1645c4,"Giraffe, Victoria",International,4.5,$$,"(51.4938716,-0.142221)","120 Wilton Road, London, SW1V 1JZ",0 20 7233 8303,https://www.giraffe.net/restaurants/victoria,"Child-friendly chain serving international favourites at breakfast, lunch & dinner, including a bottomless brunch. 3 locations around London.",Mon-Sun: 08:00-22:00,https://cdn.prod.website-files.com/65c4e3041d72984c18dbb740/670f8fbe43f2e44f781d401a_giraffe%2520victoria.jpeg,"{""kidsMenu"":false,""playArea"":false,""highChairs"":false,""familyPackages"":false,""changingStation"":false,""quietEnvironment"":false}","[""High chair"",""Baby change"",""Kids menu"",""Wheelchair access"",""Outdoor seating"",""Vegetarian"",""Vegan"",""Takeaway"",""Dog friendly"",""Quick service""]",,true,2025-10-07 18:55:51.27332+00,2025-10-08 09:01:11.333336+00,London,giraffe-victoria
a1cc4152-ef09-4e75-b17b-5d2e9089dcff,Jollibee Leicester Square,Filipino,4.3,$,"(51.5106763,-0.1293528)","22 Leicester Square, London WC2H 7LE, UK",0 20 7839 7150,http://www.jollibee.uk/,"Philippines chain serving fried chicken, burgers & spaghetti with a Filipino flavor with counter-service. 2 locations in London. Cash not accepted.","Mon-Thu: 10:00-22:00, Fri-Sat: 10:00-23:00, Sun: 10:00-22:00",https://cdn.prod.website-files.com/65c4e3041d72984c18dbb740/670f8f4cb127b9b6e35c92e1_Color%2520logo%2520with%2520background%25201%2520(2).png,"{""kidsMenu"":false,""playArea"":false,""highChairs"":false,""familyPackages"":false,""changingStation"":false,""quietEnvironment"":false}","[""High chair"",""Baby change in womens room"",""Kids menu"",""Wheelchair access"",""Outdoor seating"",""Good for groups"",""Takeaway""]",,true,2025-10-07 18:42:49.636036+00,2025-10-08 09:01:11.333336+00,London,jollibee-leicester-square
a301ebdd-78f5-471c-bd8a-db0ed243fef4,Rice Persian Kitchen,Persian,4.5,$$,"(51.4925514,-0.2675492)","293 Chiswick High Road, London, W4 4HH",0 20 8994 1661,http://www.ricechiswick.co.uk/,"Persian kebabs, stews, wraps and home-made bread from the tandoor oven.",Mon-Sun: 11:00-23:00,https://cdn.prod.website-files.com/65c4e3041d72984c18dbb740/670f8f4cb127b9b6e35c92e1_Color%2520logo%2520with%2520background%25201%2520(2).png,"{""kidsMenu"":false,""playArea"":false,""highChairs"":false,""familyPackages"":false,""changingStation"":false,""quietEnvironment"":false}","[""High chair"",""Baby change"",""Wheelchair access"",""Outdoor seating"",""Vegetarian"",""Vegan"",""Halal"",""Takeaway"",""Dog friendly"",""Quick service""]",,false,2025-10-07 18:58:45.738564+00,2025-10-08 09:01:11.333336+00,London,rice-persian-kitchen
a370fb63-a52a-419a-8e6a-71a61a924f93,Brew Street Cafe & Bar at Timber Lodge,Cafe,4.5,$,"(51.5474491,-0.0148273)","1A Honour Lea Avenue, London, E20 1DY",0 20 7738 7738,http://www.brewstreet.uk/,"Friendly cafe in the middle of Queen Elizabeth Park, nearby the massive Tumbling Bay Playground. Outdoor seating and takeaway available.","Mon-Thu: 09:00-18:00, Fri-Sat: 09:00-20:00, Sun: 09:00-18:00",,"{""kidsMenu"":false,""playArea"":false,""highChairs"":false,""familyPackages"":false,""changingStation"":false,""quietEnvironment"":false}","[""High chair"",""Baby change"",""Kids menu"",""Wheelchair access"",""Outdoor seating"",""Vegetarian"",""Vegan"",""Takeaway"",""Dog friendly"",""Quick service""]",,false,2025-10-07 19:01:10.851204+00,2025-10-08 09:01:11.333336+00,London,brew-street-cafe-bar-at-timber-lodge
a435a0a3-7aa0-4648-a935-b6138d9d559d,The Breakfast Club Hoxton,American,4.5,$$,"(51.5271194,-0.0811388)","2-4 Rufus St, London N1 6PE, UK",0 20 7729 5252,https://thebreakfastclubcafes.com/hoxton/,Classic American breakfast favourites with a cool vibe and friendly staff. 11 locations around London.,"Mon-Fri: 08:00-15:00, Sat-Sun: 08:00-16:00",https://cdn.prod.website-files.com/65c4e3041d72984c18dbb740/66e40be408fcd872c28a5307_WhatsApp%2520Image%25202024-05-15%2520at%252010.22.49-fotor-20240515102318.jpeg,"{""kidsMenu"":false,""playArea"":false,""highChairs"":false,""familyPackages"":false,""changingStation"":false,""quietEnvironment"":false}","[""High chair"",""Baby change in unisex room"",""Kids menu"",""Wheelchair access"",""Playground nearby"",""Vegetarian"",""Vegan"",""Good for groups""]",,true,2025-10-07 18:36:13.126532+00,2025-10-08 09:01:11.333336+00,London,the-breakfast-club-hoxton
a443e881-8107-45df-982f-68b75caec1cd,Nando's Westfield London,Portuguese,4.3,$$,"(51.50738,-0.221441)","Unit 3101-3104, Westfield, Ariel Way, London W12 7GF, UK",0 20 8834 4658,https://www.nandos.co.uk/restaurants/westfield-london,Afro-Portuguese chain restaurant serving flame-grilled chicken in a variety of sauces. Known for their peri-peri chicken.,"Mon-Fri: 11:30-22:00, Sat-Sun: 11:00-22:00",https://cdn.prod.website-files.com/65c4e3041d72984c18dbb740/683039ff16293d30fe5e62c1_66eb1c1fab7251b944e0284c_66e40bcc79566cf668095516_Color%25252520logo%25252520with%25252520background%252525201%25252520(2).png,"{""kidsMenu"":false,""playArea"":false,""highChairs"":false,""familyPackages"":false,""changingStation"":false,""quietEnvironment"":false}","[""High chair"",""Baby change in unisex room"",""Kids menu"",""Wheelchair access"",""Vegetarian"",""Vegan"",""Good for groups"",""Takeaway""]",,true,2025-10-07 18:39:10.01835+00,2025-10-08 09:01:11.333336+00,London,nandos-westfield-london
a46dabe7-4a85-4bb5-8cf8-4bdaf7844d5f,Homeslice Marylebone,Pizza,4.5,$$,"(51.5156858,-0.1507571)","50 James Street, London, W1U 1HB",0 20 3034 0621,https://www.homeslicepizza.co.uk/reservations,"Classic and creative pizzas, served 20"" or by the slice, also offering prosecco and beers. Reservations available at this location; 3 locations around London; Cash not accepted.","Mon-Wed: 12:00-22:00, Thu-Sat: 12:00-23:00, Sun: 12:00-22:00",https://cdn.prod.website-files.com/65c4e3041d72984c18dbb740/670f900efd4d5b193e668159_homeslice.jpeg,"{""kidsMenu"":false,""playArea"":false,""highChairs"":false,""familyPackages"":false,""changingStation"":false,""quietEnvironment"":false}","[""High chair"",""Baby change"",""Wheelchair access"",""Outdoor seating"",""Vegetarian"",""Vegan"",""Halal"",""Takeaway"",""Dog friendly"",""Quick service""]",,false,2025-10-07 19:07:16.337445+00,2025-10-08 09:01:11.333336+00,London,homeslice-marylebone
a49dee32-af3d-4f11-ac5f-cfc3fdaaee6b,The Kensington Creperie,French,4.3,$,"(51.4947729,-0.173204)","2-4 Exhibition Rd, South Kensington, London SW7 2HF, UK",0 20 7589 8947,http://kensingtoncreperie.com/,Sweet and savoury crepes for the whole family. Also serving pancakes and salads. Combine with nearby museums.,Daily: 09:00-21:00,https://cdn.prod.website-files.com/65c4e3041d72984c18dbb740/66e40bed216f861a3f63c412_IMG_5070%25202.jpeg,"{""kidsMenu"":false,""playArea"":false,""highChairs"":false,""familyPackages"":false,""changingStation"":false,""quietEnvironment"":false}","[""High chair"",""Baby change in unisex room"",""Outdoor seating"",""Tourist attraction nearby"",""Vegetarian"",""Vegan"",""Good for groups"",""Takeaway""]",,true,2025-10-07 18:36:13.126532+00,2025-10-08 09:01:11.333336+00,London,the-kensington-creperie
a6b9a289-f63a-41c6-bede-f97868701bbb,Trejo's Tacos,Mexican,4.5,$$,"(51.5192276,-0.2077699)","299-301, 299 Portobello Rd, London W10 5TD, UK",,http://trejostacos.co.uk/,New taco restaurant near Portobello Road Market. Dog friendly during the day. Kids meals available.,"Mon: closed, Tue-Thu: 12:00-22:00, Fri-Sat: 10:00-22:00, Sun: 10:00-17:00",https://cdn.prod.website-files.com/65c4e3041d72984c18dbb740/66e40bea4384be622823f99b_WhatsApp%2520Image%25202024-05-10%2520at%252016.43.24.jpeg,"{""kidsMenu"":false,""playArea"":false,""highChairs"":false,""familyPackages"":false,""changingStation"":false,""quietEnvironment"":false}","[""High chair"",""Baby change in unisex room"",""Kids menu"",""Outdoor seating"",""Vegetarian"",""Vegan"",""Dairy Free"",""Good for groups"",""Dog friendly""]",,true,2025-10-07 18:36:13.126532+00,2025-10-08 09:01:11.333336+00,London,trejos-tacos
a6e2539a-0698-45bd-bfac-315aa0078dd0,Granary Square Brasserie,French,4.3,$$,"(51.5358333,-0.1255556)","1 Granary Square, London N1C 4AA, UK",,https://granarysquarebrasserie.com/,"Posh brasserie perfect for multi generational celebrations. An extensive menu of bistro fare with a buzzy vibe, cozy booths, and high ceilings. The water fountains in front are fun for kids.",Daily: 08:30-00:00,https://cdn.prod.website-files.com/65c4e3041d72984c18dbb740/66e40bd7991e1a63765d4f42_WhatsApp%2520Image%25202024-05-10%2520at%252016.58.24.jpeg,"{""kidsMenu"":false,""playArea"":false,""highChairs"":false,""familyPackages"":false,""changingStation"":false,""quietEnvironment"":false}","[""High chair"",""Baby change in womens room"",""Kids menu"",""Wheelchair access"",""Outdoor seating"",""Playground nearby"",""Vegetarian"",""Vegan"",""Good for groups"",""Takeaway""]",,true,2025-10-07 18:33:15.138688+00,2025-10-08 09:01:11.333336+00,London,granary-square-brasserie
a717700c-9e87-4f81-a912-d1bc4c50c62a,Franco Manca Chiswick,Pizza,4.5,$,"(51.492929,-0.253664)","144 Chiswick High Road, London, W4 1PU",0 20 8747 4822,http://www.francomanca.co.uk/restaurants/chiswick/,"A neighbourhood pizzeria with friendly, fast service and affordable sourdough pizzas. Locations throughout the UK.","Mon-Thu: 12:00-22:00, Fri: 12:00-23:00, Sat: 11:30-23:00, Sun: 12:00-22:00",,"{""kidsMenu"":false,""playArea"":false,""highChairs"":false,""familyPackages"":false,""changingStation"":false,""quietEnvironment"":false}","[""High chair"",""Baby change"",""Kids menu"",""Wheelchair access"",""Outdoor seating"",""Vegetarian"",""Vegan"",""Takeaway"",""Dog friendly"",""Quick service""]",,false,2025-10-07 19:07:16.337445+00,2025-10-08 09:01:11.333336+00,London,franco-manca-chiswick
a8f74bfb-35a8-4025-ad10-423d007e117c,Franco Manca Kilburn,Pizza,4.5,$,"(51.5375519,-0.1925861)","42 Kilburn High Road, London, NW6 4HJ",0 20 3026 5739,https://www.francomanca.co.uk/restaurants/kilburn/,"A neighbourhood pizzeria with friendly, fast service and affordable sourdough pizzas. Locations throughout the UK.","Mon-Thu: 12:00-22:00, Fri-Sat: 12:00-23:00, Sun: 12:00-22:00",,"{""kidsMenu"":false,""playArea"":false,""highChairs"":false,""familyPackages"":false,""changingStation"":false,""quietEnvironment"":false}","[""High chair"",""Baby change"",""Kids menu"",""Wheelchair access"",""Small plates"",""Vegetarian"",""Vegan"",""Takeaway"",""Quick service""]",,false,2025-10-07 19:07:16.337445+00,2025-10-08 09:01:11.333336+00,London,franco-manca-kilburn
a97727e6-5b38-4d38-ac20-40dbbeb44626,Golden Chippy,British,4.0,$$,"(51.4758491,-0.0185259)","62 Greenwich High Road, London, SE10 8LF",0 20 8692 4333,http://www.thegoldenchippy.co.uk/,Traditional fish and chips since 2005.,"Mon-Sat: 11:00-23:00, Sun: 12:00-23:00",https://cdn.prod.website-files.com/65c4e3041d72984c18dbb740/670f8f4cb127b9b6e35c92e1_Color%2520logo%2520with%2520background%25201%2520(2).png,"{""kidsMenu"":false,""playArea"":false,""highChairs"":false,""familyPackages"":false,""changingStation"":false,""quietEnvironment"":false}","[""High chair"",""Baby change"",""Kids menu"",""Wheelchair access"",""Outdoor seating"",""Vegetarian"",""Vegan"",""Takeaway"",""Dog friendly"",""Quick service""]",,false,2025-10-07 18:58:45.738564+00,2025-10-08 09:01:11.333336+00,London,golden-chippy
a9f81f90-3120-4623-b064-7201d1a5bb33,Coppa Club Tower Bridge,British,4.5,$$,"(51.5080475,-0.0794822)","3 Three Quays Walk, Lower Thames St, London EC3R 6AH, UK",020 8016 9227,http://coppaclub.co.uk/towerbridge,"Friendly staff with plenty of options on the kids' menu, incredible views, offering indoor and terrace dining. The igloos are a family favourite. Book ahead.","Mon-Sat: 09:00-23:00, Sun: 09:00-22:00",https://cdn.prod.website-files.com/65c4e3041d72984c18dbb740/66e40bd6bedceb1ccc042cd6_Coppa%2520Club%2520Tower%2520Bridge.png,"{""kidsMenu"":false,""playArea"":false,""highChairs"":false,""familyPackages"":false,""changingStation"":false,""quietEnvironment"":false}","[""High chair"",""Baby change in unisex room"",""Kids menu"",""Wheelchair access"",""Outdoor seating"",""Tourist attraction nearby"",""Vegetarian"",""Vegan"",""Good for groups"",""Takeaway""]",,true,2025-10-07 18:33:15.138688+00,2025-10-08 09:01:11.333336+00,London,coppa-club-tower-bridge
abc4ab6f-5427-4f86-b40e-b46e34d26efb,Parliament Hill Fields Lido Café,Cafe,4.0,$,"(51.5566931,-0.1515495)","Parliament Hill Fields Lido, Gordon House Road, London, NW5 1LP",0 20 3602 9606,,Cafe.,"Mon-Wed: 08:00-16:30, Thu-Fri: 08:00-16:15, Sat-Sun: 08:00-16:30",,"{""kidsMenu"":false,""playArea"":false,""highChairs"":false,""familyPackages"":false,""changingStation"":false,""quietEnvironment"":false}","[""High chair"",""Baby change"",""Kids menu"",""Wheelchair access"",""Outdoor seating"",""Playground nearby"",""Vegetarian"",""Vegan"",""Takeaway"",""Dog friendly"",""Quick service""]",,false,2025-10-07 19:07:16.337445+00,2025-10-08 09:01:11.333336+00,London,parliament-hill-fields-lido-caf
acd23010-83cc-4bdb-beda-4132c070ab6e,Arado Restaurant,Spanish,4.5,$$,"(51.5253136,-0.1436343)","Albany Street, London, NW1 3UP",0 20 7391 3028,https://www.melia.com/en/hotels/united-kingdom/london/melia-white-house-apartments,"Spanish restaurant located in Meliá White House Apartments Hotel, steps from Regent's Park.",Mon-Sun: 12:00-22:30,https://cdn.prod.website-files.com/65c4e3041d72984c18dbb740/670f8f4cb127b9b6e35c92e1_Color%2520logo%2520with%2520background%25201%2520(2).png,"{""kidsMenu"":false,""playArea"":false,""highChairs"":false,""familyPackages"":false,""changingStation"":false,""quietEnvironment"":false}","[""High chair"",""Baby change"",""Wheelchair access"",""Small plates"",""Vegetarian"",""Vegan"",""Takeaway"",""Quick service""]",,false,2025-10-07 18:58:45.738564+00,2025-10-08 09:01:11.333336+00,London,arado-restaurant
ae8a4065-ab29-4dfe-9b12-145644645c73,Laughing Halibut,British,4.4,$,"(51.4967053,-0.1338725)","38 Strutton Ground, London SW1P 2HR, UK",0 20 7799 2844,http://thelaughinghalibutlondon.com/,Old-school fish and chips takeaway with a cafe seating area at the back. Cash not accepted.,"Mon-Sat: 11:15-20:00, Sun: closed",https://cdn.prod.website-files.com/65c4e3041d72984c18dbb740/670f8f4cb127b9b6e35c92e1_Color%2520logo%2520with%2520background%25201%2520(2).png,"{""kidsMenu"":false,""playArea"":false,""highChairs"":false,""familyPackages"":false,""changingStation"":false,""quietEnvironment"":false}","[""High chair"",""Baby change in unisex room"",""Kids menu"",""Vegetarian"",""Vegan"",""Halal"",""Good for groups"",""Takeaway""]",,true,2025-10-07 18:42:49.636036+00,2025-10-08 09:01:11.333336+00,London,laughing-halibut
aebcc399-14f0-4b53-bfad-a04cb23b226f,Ippudo Goodge Street,Japanese,4.5,$$,"(51.5196062,-0.1354555)","40 Goodge Street, London, W1T 2QP",0 20 3422 3940,https://stores.ippudo.com/en_gb/UK004,"Delicious ramen, buns, curry, donburi and appetisers with a menu sure to please the kids too; 4 locations in London. Cash not accepted.","Mon-Fri: 12:00-20:30, Sat: 12:00-21:30, Sun: 12:00-20:00",https://cdn.prod.website-files.com/65c4e3041d72984c18dbb740/66ebf8c825a739f8d70c8031_ippudo%2520goodge%2520street.webp,"{""kidsMenu"":false,""playArea"":false,""highChairs"":false,""familyPackages"":false,""changingStation"":false,""quietEnvironment"":false}","[""Baby change"",""Wheelchair access"",""Outdoor seating"",""Vegetarian"",""Vegan"",""Takeaway"",""Dog friendly"",""Quick service""]",,true,2025-10-07 18:55:51.27332+00,2025-10-08 09:01:11.333336+00,London,ippudo-goodge-street
af2dbc3a-5e43-4165-96e0-8cde3ad58998,Brasserie Zedel,French,4.6,$$,"(51.5105561,-0.1355974)","20 Sherwood St, London W1F 7ED, UK",0 20 7734 4888,https://www.brasseriezedel.com/brasserie-zedel/,French brasserie with live music and authentic Art Deco. Great for pre-theatre prix-fixe and family celebrations. Cash not accepted.,"Mon-Sat: 12:00-23:00, Sun: 11:30-22:00",https://cdn.prod.website-files.com/65c4e3041d72984c18dbb740/670f8f569a73919fc233d493_Brasserie-Zedel-Restaurant-in-Soho-700x467.jpeg,"{""kidsMenu"":false,""playArea"":false,""highChairs"":false,""familyPackages"":false,""changingStation"":false,""quietEnvironment"":false}","[""High chair"",""Baby change in unisex room"",""Wheelchair access"",""Outdoor seating"",""Vegetarian"",""Vegan"",""Good for groups""]",,true,2025-10-07 18:42:49.636036+00,2025-10-08 09:01:11.333336+00,London,brasserie-zedel
af5dae51-87f7-41f9-b824-7a11161d7d80,The Shell,Seafood,4.5,$$,"(51.5207627,-0.1229369)","124 Southampton Row, London, WC1B 5AA",0 20 8075 7500,https://www.theshellseafood.com/,A favorite for seafood lovers with mixed shellfish platters in a relaxed restaurant with a nautical theme. Additional restaurant in Canary Wharf.,"Mon-Sat: 12:00-23:00, Sun: 12:00-22:00",https://cdn.prod.website-files.com/65c4e3041d72984c18dbb740/670f8f4cb127b9b6e35c92e1_Color%2520logo%2520with%2520background%25201%2520(2).png,"{""kidsMenu"":false,""playArea"":false,""highChairs"":false,""familyPackages"":false,""changingStation"":false,""quietEnvironment"":false}","[""High chair"",""Baby change"",""Kids menu"",""Wheelchair access"",""Small plates"",""Vegetarian"",""Vegan"",""Takeaway"",""Quick service""]",,false,2025-10-07 18:58:45.738564+00,2025-10-08 09:01:11.333336+00,London,the-shell
af965c10-91fa-49f8-8b04-a7e09454a673,Taste of Nawab,Indian,4.5,$$,"(51.5999731,-0.147786)","97 Colney Hatch Lane, London, N10 1LR",0 20 8883 6429,http://www.tasteofnawab.com/,"Since 1996, serving Indian and Bengali dishes in compact, glass-fronted restaurant, plus takeaway and delivery service. ""Curries for cool kids"" are £7.95. A 15 minute walk to Muswell Hill Playground.",Mon-Sun: 17:30-22:45,https://cdn.prod.website-files.com/65c4e3041d72984c18dbb740/66faa156d9720ada9ed131f3_Screenshot%25202024-09-17%2520at%25203.04.28%25E2%2580%25AFPM.png,"{""kidsMenu"":false,""playArea"":false,""highChairs"":false,""familyPackages"":false,""changingStation"":false,""quietEnvironment"":false}","[""High chair"",""Baby change"",""Wheelchair access"",""Small plates"",""Vegetarian"",""Vegan"",""Takeaway""]",,true,2025-10-07 18:55:51.27332+00,2025-10-08 09:01:11.333336+00,London,taste-of-nawab
aff41adb-f637-4c6b-bd2e-e384d147430e,The Clarence Tavern,British,4.5,$$,"(51.5623047,-0.0789231)","The Stoke, Newington Teahouse, 102 Stoke Newington Church St, London N16 0LA, UK",0 20 8712 1188,https://www.clarencetavern.com/menus,"Neighbourhood pub serving seasonal, carefully sourced food and wine with a covered garden, wine shop, and a kids' menu.","Mon: closed, Tue: 17:00-23:00, Wed-Sat: 12:00-23:00, Sun: 12:00-18:00",https://cdn.prod.website-files.com/65c4e3041d72984c18dbb740/66e40c1cf5ad5d18e8bbafe0_clarence%2520tavern.png,"{""kidsMenu"":false,""playArea"":false,""highChairs"":false,""familyPackages"":false,""changingStation"":false,""quietEnvironment"":false}","[""High chair"",""Baby change in unisex room"",""Kids menu"",""Wheelchair access"",""Outdoor seating"",""Vegetarian"",""Vegan"",""Good for groups"",""Takeaway"",""Dog friendly""]",,true,2025-10-07 18:41:01.534021+00,2025-10-08 09:01:11.333336+00,London,the-clarence-tavern
affda6ba-4ce8-4d74-85e3-d8c88365e882,Taj Mahal Indian Cuisine,Indian,4.5,$$,"(51.530447,-0.1219692)","339 Grays Inn Road, London, WC1X 8PX",0 20 7837 6370,http://tajmahalkingcross.co.uk/,Authentic Indian food with handmade samosas near Kings Cross.,Mon-Sun: 12:00-00:00,https://cdn.prod.website-files.com/65c4e3041d72984c18dbb740/670f8fc893fbc6d2370d56b3_Screenshot%25202024-09-17%2520at%25202.30.25%25E2%2580%25AFPM.png,"{""kidsMenu"":false,""playArea"":false,""highChairs"":false,""familyPackages"":false,""changingStation"":false,""quietEnvironment"":false}","[""High chair"",""Baby change"",""Wheelchair access"",""Outdoor seating"",""Vegetarian"",""Vegan"",""Halal"",""Takeaway"",""Dog friendly"",""Quick service""]",,true,2025-10-07 18:55:51.27332+00,2025-10-08 09:01:11.333336+00,London,taj-mahal-indian-cuisine
b26705ed-c5e6-48d1-b48a-113004a334b9,Bill's Soho Restaurant,European,4.4,$$,"(51.5118657,-0.1351932)","36-44 Brewer St, London W1F 9TB, UK",0 20 8054 5400,https://bills-website.co.uk/restaurants/soho/,"Contemporary European chain offering breakfast, brunch, afternoon tea, lunch and dinner menus. Cash not accepted.","Mon-Thu: 08:00-23:00, Fri-Sat: 08:00-00:00, Sun: 08:00-22:00",https://cdn.prod.website-files.com/65c4e3041d72984c18dbb740/66e40c25991e1a63765dc438_Bills-Soho-PWF-0056-HDR.jpeg,"{""kidsMenu"":false,""playArea"":false,""highChairs"":false,""familyPackages"":false,""changingStation"":false,""quietEnvironment"":false}","[""High chair"",""Baby change in unisex room"",""Kids menu"",""Wheelchair access"",""Vegetarian"",""Vegan"",""Good for groups"",""Dog friendly""]",,true,2025-10-07 18:41:01.534021+00,2025-10-08 09:01:11.333336+00,London,bills-soho-restaurant
b2887f84-6c09-4951-a90c-870842f384ff,Urban Social,Cafe,4.0,$,"(51.5447863,-0.1035316)","236 Upper Street, London, N1 1RU",,http://urbansocialcoffee.co.uk/,Trendy coffee house.,"Mon-Fri: 07:30-17:00, Sat: 08:00-17:00, Sun: 09:00-17:00",,"{""kidsMenu"":false,""playArea"":false,""highChairs"":false,""familyPackages"":false,""changingStation"":false,""quietEnvironment"":false}","[""High chair"",""Baby change"",""Kids menu"",""Outdoor seating"",""Vegetarian"",""Vegan"",""Takeaway"",""Dog friendly"",""Quick service""]",,false,2025-10-07 19:01:10.851204+00,2025-10-08 09:01:11.333336+00,London,urban-social
b2c3cad3-8a86-484e-a7a7-70867bc342db,Cafe Murano Covent Garden,Italian,4.6,$$,"(51.5121716,-0.1200638)","36 Tavistock St, London WC2E 7PB, UK",0 20 7240 3654,https://www.cafemurano.co.uk/,Angela Hartnett's group of Italian restaurants with seasonal fare. Kids menu includes 3 courses for £10. Cash not accepted.,"Mon-Sat: 12:00-22:30, Sun: 12:00-16:30",https://cdn.prod.website-files.com/65c4e3041d72984c18dbb740/670f8f824fd6ca8bcc0d8b24_Cafe-Muran-covent%2520garden.jpeg,"{""kidsMenu"":false,""playArea"":false,""highChairs"":false,""familyPackages"":false,""changingStation"":false,""quietEnvironment"":false}","[""High chair"",""Baby change in womens room"",""Kids menu"",""Wheelchair access"",""Outdoor seating"",""Vegetarian"",""Vegan"",""Good for groups"",""Takeaway""]",,true,2025-10-07 18:45:48.723948+00,2025-10-08 09:01:11.333336+00,London,cafe-murano-covent-garden
b4281d0b-5ee4-4fa8-881a-8b5c16b0e0f3,Miller & Carter Woodford Green,Steakhouse,4.4,$$,"(51.6090926,0.020811)","393-395 High Rd, Woodford, Woodford Green IG8 0XG, UK",0 20 8505 8615,https://www.millerandcarter.co.uk/restaurants/london/millerandcarterwoodfordgreen,"Steakhouse, also serving grilled dishes, salads, and burgers. 2 or 3 course kids' menu options.",Daily: 12:00-23:00,https://cdn.prod.website-files.com/65c4e3041d72984c18dbb740/683039ff16293d30fe5e62c1_66eb1c1fab7251b944e0284c_66e40bcc79566cf668095516_Color%25252520logo%25252520with%25252520background%252525201%25252520(2).png,"{""kidsMenu"":false,""playArea"":false,""highChairs"":false,""familyPackages"":false,""changingStation"":false,""quietEnvironment"":false}","[""High chair"",""Baby change in unisex room"",""Kids menu"",""Wheelchair access"",""Outdoor seating"",""Vegetarian"",""Vegan"",""Good for groups"",""Takeaway"",""Dog friendly""]",,true,2025-10-07 18:39:10.01835+00,2025-10-08 09:01:11.333336+00,Woodford Green,miller-carter-woodford-green
b4edbbb4-f254-447f-8a8d-9d34c4ac4f3d,Ô Gourmet Libanais,Lebanese,4.5,$$,"(51.463346,-0.184705)","38 Juniper Drive, London, SW18 1GY",0 20 3940 4545,http://www.ogourmetlibanais.co.uk/,"Authentic Lebanese small & shared plates with modern, rustic decor and a traditional oven. Menu has something for everyone!","Mon-Sat: 11:00-23:00, Sun: 11:00-22:00",https://cdn.prod.website-files.com/65c4e3041d72984c18dbb740/670f8f4cb127b9b6e35c92e1_Color%2520logo%2520with%2520background%25201%2520(2).png,"{""kidsMenu"":false,""playArea"":false,""highChairs"":false,""familyPackages"":false,""changingStation"":false,""quietEnvironment"":false}","[""High chair"",""Baby change"",""Wheelchair access"",""Outdoor seating"",""Vegetarian"",""Vegan"",""Halal"",""Takeaway"",""Dog friendly"",""Quick service""]",,false,2025-10-07 18:58:45.738564+00,2025-10-08 09:01:11.333336+00,London,-gourmet-libanais
b4f27f06-41a0-4d05-94d7-66cbd02c225f,Ev Restaurant,Turkish,4.6,$$,"(51.5041547,-0.1062374)","The Arches, 98 Isabella St, London SE1 8DD, UK",0 20 7620 6192,https://evrestaurant.co.uk/,"Contemporary dining with Anatolian (Turkish) and Mediterranean dishes including hot and cold meze, grilled fish, vegetarian options, and regular house specials.","Mon: 12:00-22:30, Tue-Sun: 12:00-23:30",https://cdn.prod.website-files.com/65c4e3041d72984c18dbb740/66e40c743e97f18c25756ad9_ev%2520rest.webp,"{""kidsMenu"":false,""playArea"":false,""highChairs"":false,""familyPackages"":false,""changingStation"":false,""quietEnvironment"":false}","[""High chair"",""Baby change in womens room"",""Kids menu"",""Wheelchair access"",""Outdoor seating"",""Vegetarian"",""Vegan"",""Dairy Free"",""Halal"",""Good for groups"",""Takeaway"",""Dog friendly""]",,true,2025-10-07 18:45:48.723948+00,2025-10-08 09:01:11.333336+00,London,ev-restaurant
b4fafc86-aea4-4362-b591-0eb9eca1b703,Chin Chin Dessert Club (Chin Chin Ice Cream),Dessert,4.5,$,"(51.5143267,-0.1312209)","54 Greek St, London W1D 3DS, UK",,https://www.chinchinicecream.com/,"Nitro ice cream with 3 locations around London. ""The Future of Ice Cream"".","Mon-Fri: 13:00-22:00, Sat: 13:00-23:00, Sun: 13:00-20:00",https://cdn.prod.website-files.com/65c4e3041d72984c18dbb740/6809f41a7c7a8e85578fa1b1_chin%2520chin%2520soho.jpeg,"{""kidsMenu"":false,""playArea"":false,""highChairs"":false,""familyPackages"":false,""changingStation"":false,""quietEnvironment"":false}","[""High chair"",""Baby change in womens room"",""Outdoor seating"",""Good for groups"",""Takeaway"",""Dog friendly""]",,true,2025-10-07 18:45:48.723948+00,2025-10-08 09:01:11.333336+00,London,chin-chin-dessert-club-chin-chin-ice-cream
b4fe2cd2-62b7-4799-b552-d69f1302b729,Bill's Guildford Restaurant,European,4.2,$$,"(51.235611,-0.5737886)","1 Angel Gate, Guildford GU1 4AE, UK",,https://bills-website.co.uk/restaurants/guildford/,"Contemporary European chain dishing up separate breakfast, afternoon tea, lunch and dinner menus.","Mon-Wed: 08:00-22:00, Thu-Sat: 08:00-23:00, Sun: 09:00-22:00",https://cdn.prod.website-files.com/65c4e3041d72984c18dbb740/683039ff16293d30fe5e62c1_66eb1c1fab7251b944e0284c_66e40bcc79566cf668095516_Color%25252520logo%25252520with%25252520background%252525201%25252520(2).png,"{""kidsMenu"":false,""playArea"":false,""highChairs"":false,""familyPackages"":false,""changingStation"":false,""quietEnvironment"":false}","[""High chair"",""Baby change in womens room"",""Kids menu"",""Wheelchair access"",""Outdoor seating"",""Vegetarian"",""Vegan"",""Good for groups"",""Dog friendly""]",,true,2025-10-07 18:30:42.259227+00,2025-10-08 09:01:11.333336+00,Guildford,bills-guildford-restaurant
b73b539e-656a-42ed-a2fe-04655108bf1a,Charlie and the Chocolate Factory Afternoon Tea,British,4.6,$$,"(51.5117832,-0.1194172)","1 Aldwych, London WC2B 4BZ, UK",0 20 7300 0300,https://www.onealdwych.com/food-drink/charlie-the-chocolate-factory-afternoon-tea/,"A delicious and fun experience of fizzy lifting drinks, snozzberry jam, chocolate swudge milkshake. Afternoon Tea £70 per person, Children's Tea £50.","Mon-Tue: closed, Wed-Fri: 12:00-15:00, Sat-Sun: 12:00-16:30",https://cdn.prod.website-files.com/65c4e3041d72984c18dbb740/66faa1178cde69d70757d2be_charlie%2520afternoon%2520tea.jpeg,"{""kidsMenu"":false,""playArea"":false,""highChairs"":false,""familyPackages"":false,""changingStation"":false,""quietEnvironment"":false}","[""High chair"",""Baby change in womens room"",""Kids menu"",""Wheelchair access"",""Vegetarian"",""Vegan"",""Dairy Free"",""Good for groups""]",,true,2025-10-07 18:51:49.258268+00,2025-10-08 09:01:11.333336+00,London,charlie-and-the-chocolate-factory-afternoon-tea
b7628004-bd16-4de4-afcf-1a2a66ed368a,Tavolino Bar & Kitchen,Italian,4.5,$$,"(51.5054128,-0.0801616)","2 More London Place, London, SE1 2RR",0 20 8194 1037,https://www.tavolino.co.uk/wp-content/uploads/2023/01/Tavolino-kids-menu-Jan-2023-WEB.pdf,"Italian restaurant split across two floors with an outdoor terrace and panoramic views of Tower Bridge. 2 course kids meal for £8.50, including pasta or pizza and soft serve ice cream.","Mon-Wed: 12:00-22:00, Thu-Sat: 12:00-22:30, Sun: 12:00-22:00",https://cdn.prod.website-files.com/65c4e3041d72984c18dbb740/66ebf8ca97e01ddef0040c31_tavolino.webp,"{""kidsMenu"":false,""playArea"":false,""highChairs"":false,""familyPackages"":false,""changingStation"":false,""quietEnvironment"":false}","[""High chair"",""Baby change"",""Kids menu"",""Wheelchair access"",""Outdoor seating"",""Vegetarian"",""Vegan"",""Dog friendly"",""Quick service""]",,true,2025-10-07 18:55:51.27332+00,2025-10-08 09:01:11.333336+00,London,tavolino-bar-kitchen
b83518c2-e530-4b68-b171-5607d5d8a793,Hiba Street Food,Lebanese,4.5,$$,"(51.520687,-0.13518)","10 Tottenham Street, London, W1T 4RD",0 20 7636 6735,https://www.hiba-express.co.uk/hiba-street/,"Warm & relaxed restaurant offering kebabs & other Lebanese cuisine, plus patio seating.","Mon-Sat: 11:00-23:00, Sun: closed",,"{""kidsMenu"":false,""playArea"":false,""highChairs"":false,""familyPackages"":false,""changingStation"":false,""quietEnvironment"":false}","[""High chair"",""Baby change"",""Wheelchair access"",""Outdoor seating"",""Vegetarian"",""Vegan"",""Halal"",""Takeaway"",""Dog friendly"",""Quick service""]",,false,2025-10-07 18:58:45.738564+00,2025-10-08 09:01:11.333336+00,London,hiba-street-food
b8d8f0d9-c80b-4ab0-95be-e404f9804b27,Frizzante,Italian,4.7,$$,"(51.5315897,-0.0665402)","1a Goldsmiths Row, London E2 8QA, UK",0 20 7739 2266,https://frizzanterestaurant.com/,Farm-to-fork Italian with rustic indoors and garden outdoor seating at Hackney City Farm. Kids menu from £5. Combine with a visit to see the farm animals.,"Mon-Tue: closed, Wed-Thu: 11:00-16:00, Fri-Sat: 10:00-22:00, Sun: 10:00-17:00",https://cdn.prod.website-files.com/65c4e3041d72984c18dbb740/66faa0f3c98bea50c7d53913_Frizante.jpeg,"{""kidsMenu"":false,""playArea"":false,""highChairs"":false,""familyPackages"":false,""changingStation"":false,""quietEnvironment"":false}","[""High chair"",""Baby change in womens room"",""Kids menu"",""Wheelchair access"",""Outdoor seating"",""Playground nearby"",""Vegetarian"",""Vegan"",""Good for groups"",""Takeaway"",""Dog friendly""]",,true,2025-10-07 18:50:49.585057+00,2025-10-08 09:01:11.333336+00,London,frizzante
ba08cfa3-e5c7-4c46-8e05-fe0355e8677a,Zizzi - Loughton,Italian,4.3,$$,"(51.6507746,0.0583971)","2 Church Hill, Loughton IG10 1LA, UK",0 20 3105 0605,https://www.zizzi.co.uk/,"Italian chain restaurant for pizza & calzone on wooden boards, plus traditional pastas. Kids' meal: 3 courses & a Chocacino for £7.95.","Mon-Thu: 11:30-22:00, Fri-Sat: 11:30-23:00, Sun: 11:30-22:00",https://cdn.prod.website-files.com/65c4e3041d72984c18dbb740/683039ff16293d30fe5e62c1_66eb1c1fab7251b944e0284c_66e40bcc79566cf668095516_Color%25252520logo%25252520with%25252520background%252525201%25252520(2).png,"{""kidsMenu"":false,""playArea"":false,""highChairs"":false,""familyPackages"":false,""changingStation"":false,""quietEnvironment"":false}","[""High chair"",""Baby change in unisex room"",""Kids menu"",""Wheelchair access"",""Outdoor seating"",""Vegetarian"",""Vegan"",""Good for groups"",""Takeaway""]",,true,2025-10-07 18:39:10.01835+00,2025-10-08 09:01:11.333336+00,Loughton,zizzi---loughton
baf7b7f7-4301-41b4-a5a3-ff2717615f33,Pako Taco,Mexican,4.5,$$,"(51.5463417,-0.0739624)","Dalston Lane, London, E8 3DF",0 7944 945057,https://www.pakotaco.com/,Menu is good For Kids.,"Mon-Thu: closed, Fri-Sat: 17:00-22:00, Sun: closed",,"{""kidsMenu"":false,""playArea"":false,""highChairs"":false,""familyPackages"":false,""changingStation"":false,""quietEnvironment"":false}","[""Baby change"",""Outdoor seating"",""Small plates"",""Vegetarian"",""Vegan"",""Takeaway"",""Dog friendly"",""Quick service""]",,false,2025-10-07 19:01:10.851204+00,2025-10-08 09:01:11.333336+00,London,pako-taco
bbc82868-852c-4837-bf95-31b07c0e9009,14 Hills,French,4.6,$$,"(51.512273,-0.0808058)","14th floor, 120 Fenchurch St, London EC3M 5AL, UK",0 20 3981 5222,http://14hills.co.uk/,"On top of the 14th floor, all-day dining with British favourites and a French touch. Kids meal £15. Cash not accepted.","Mon-Sat: 12:00-00:00, Sun: 12:00-22:30",https://cdn.prod.website-files.com/65c4e3041d72984c18dbb740/670f8f62bc5ec6e46f35ec59_14%2520hills.png,"{""kidsMenu"":false,""playArea"":false,""highChairs"":false,""familyPackages"":false,""changingStation"":false,""quietEnvironment"":false}","[""High chair"",""Baby change in womens room"",""Kids menu"",""Wheelchair access"",""Vegetarian"",""Vegan"",""Good for groups""]",,true,2025-10-07 18:43:58.706203+00,2025-10-08 09:01:11.333336+00,London,14-hills
bc938f13-8d4c-4adb-a00e-0a179a4701ea,Biscuiteers,Bakery,4.5,$,"(51.5156159,-0.2057061)","194 Kensington Park Road, London, W11 2ES",0 20 7727 8096,https://www.biscuiteers.com/,A bakery that is good for kids,"Mon-Sat: 10:00-18:00, Sun: 11:00-17:00",,"{""kidsMenu"":false,""playArea"":false,""highChairs"":false,""familyPackages"":false,""changingStation"":false,""quietEnvironment"":false}","[""High chair"",""Baby change"",""Kids menu"",""Small plates"",""Takeaway"",""Quick service""]",,false,2025-10-07 19:01:10.851204+00,2025-10-08 09:01:11.333336+00,London,biscuiteers
be07c8b9-5417-45cb-abca-d2fb059987ae,Sushimania,Japanese,4.5,$$,"(51.6300118,-0.1752207)","1257 High Rd, London N20 0EW, UK",0 20 8446 0600,http://sushimania.co.uk/location/whetstone/,Delicious Japanese food in a casual dining area. Perfect for a fast relaxed dinner. 4 locations around London.,"Mon-Fri: 12:00-23:00, Sat-Sun: 12:00-23:00",https://cdn.prod.website-files.com/65c4e3041d72984c18dbb740/66e40c0aae507d3b07a0cd85_sushimania%2520whetstone.webp,"{""kidsMenu"":false,""playArea"":false,""highChairs"":false,""familyPackages"":false,""changingStation"":false,""quietEnvironment"":false}","[""High chair"",""Baby change in unisex room"",""Kids menu"",""Wheelchair access"",""Vegetarian"",""Vegan"",""Good for groups"",""Takeaway""]",,true,2025-10-07 18:39:10.01835+00,2025-10-08 09:01:11.333336+00,London,sushimania
bfe641dc-7f40-4441-ae27-ca26b5aee416,Pizza Union Holborn,Italian,4.4,$$,"(51.5170761,-0.1232128)","1 New Oxford St, London WC1A 1LW, UK",,https://www.pizzaunion.com/,"Italian pizza bar with Roman styled pizzas, 12 inch crispy crusts. Fast and fresh! 6 locations in London",Daily: 11:00-23:00,https://cdn.prod.website-files.com/65c4e3041d72984c18dbb740/670f8f4cb127b9b6e35c92e1_Color%2520logo%2520with%2520background%25201%2520(2).png,"{""kidsMenu"":false,""playArea"":false,""highChairs"":false,""familyPackages"":false,""changingStation"":false,""quietEnvironment"":false}","[""High chair"",""Baby change in unisex room"",""Wheelchair access"",""Vegetarian"",""Vegan"",""Good for groups"",""Takeaway""]",,true,2025-10-07 18:42:49.636036+00,2025-10-08 09:01:11.333336+00,London,pizza-union-holborn
c082470f-da0b-4cca-8b59-d768b8ece53d,Casa Tua King's Cross,Italian,4.5,$$,"(51.5276685,-0.1235636)","106 Cromer St, London WC1H 8BZ, UK",0 20 7833 1483,http://www.casatualondon.com/,"Italian dining with 2 locations in Camden Town and Kings Cross. Serving breakfast, lunch, and dinner and their handmade pasta.","Mon-Fri: 10:30-22:00, Sat-Sun: 09:00-22:00",https://cdn.prod.website-files.com/65c4e3041d72984c18dbb740/670f8f65765fd2652b3d7c6a_casa%2520tua%2520kings%2520x.jpeg,"{""kidsMenu"":false,""playArea"":false,""highChairs"":false,""familyPackages"":false,""changingStation"":false,""quietEnvironment"":false}","[""High chair"",""Baby change in womens room"",""Kids menu"",""Wheelchair access"",""Outdoor seating"",""Vegetarian"",""Vegan"",""Good for groups"",""Takeaway"",""Dog friendly""]",,true,2025-10-07 18:43:58.706203+00,2025-10-08 09:01:11.333336+00,London,casa-tua-kings-cross
c0b8e251-ca85-4b3d-954f-e68d54866d97,Wagamama Covent Garden,Asian,4.4,$$,"(51.5108108,-0.1247671)","17 Bedford St, London WC2E 9HP, UK",0 20 3876 3727,https://www.wagamama.com/restaurants/london/bedford-street-covent-garden,Casual restaurant chain serving Asian dishes in a Japanese-inspired setting with long communal benches. Great atmosphere with lots of healthy options.,"Mon-Wed: 11:00-22:00, Thu: 11:00-23:00, Fri-Sat: 11:00-23:30, Sun: 11:00-22:00",https://cdn.prod.website-files.com/65c4e3041d72984c18dbb740/683039ff16293d30fe5e62c1_66eb1c1fab7251b944e0284c_66e40bcc79566cf668095516_Color%25252520logo%25252520with%25252520background%252525201%25252520(2).png,"{""kidsMenu"":false,""playArea"":false,""highChairs"":false,""familyPackages"":false,""changingStation"":false,""quietEnvironment"":false}","[""High chair"",""Baby change in unisex room"",""Kids menu"",""Wheelchair access"",""Vegetarian"",""Vegan"",""Good for groups"",""Takeaway""]",,true,2025-10-07 18:41:01.534021+00,2025-10-08 09:01:11.333336+00,London,wagamama-covent-garden
c131954d-63e2-4d80-8d26-195968ca4a7e,St Pancras Brasserie and Champagne Bar by Searcys,British,4.5,$$$,"(51.5316965,-0.1267069)","St Pancras International Station, London, N1C 4QL",0 20 7870 9900,http://stpancrasbysearcys.co.uk/,"Chic bistro for modern British dishes & afternoon tea, plus a terrace bar with champagne & caviar. Located in St. Pancras station.","Mon-Sat: 08:00-21:00, Sun: 11:00-17:00",,"{""kidsMenu"":false,""playArea"":false,""highChairs"":false,""familyPackages"":false,""changingStation"":false,""quietEnvironment"":false}","[""High chair"",""Baby change"",""Kids menu"",""Wheelchair access"",""Outdoor seating"",""Vegetarian"",""Vegan"",""Dog friendly"",""Quick service""]",,false,2025-10-07 19:01:10.851204+00,2025-10-08 09:01:11.333336+00,London,st-pancras-brasserie-and-champagne-bar-by-searcys
c177bc17-3b4d-470a-b3af-6537f15f5c3a,Hakata Ramen + Bar,Japanese,4.5,$$,"(51.4988277,-0.0809482)","177 Bermondsey Street, London, SE1 3UW",0 20 7234 0244,https://www.hakata.co.uk/,"Ramen & other Japanese dishes with an intimate basement downstairs. Walks in only, no reservations.","Mon-Tue: 17:00-22:00, Wed-Fri: 12:00-15:00, 17:00-22:00, Sat-Sun: 12:00-22:00",https://cdn.prod.website-files.com/65c4e3041d72984c18dbb740/670f8f4cb127b9b6e35c92e1_Color%2520logo%2520with%2520background%25201%2520(2).png,"{""kidsMenu"":false,""playArea"":false,""highChairs"":false,""familyPackages"":false,""changingStation"":false,""quietEnvironment"":false}","[""High chair"",""Baby change"",""Kids menu"",""Wheelchair access"",""Small plates"",""Vegetarian"",""Vegan"",""Takeaway"",""Dog friendly"",""Quick service""]",,false,2025-10-07 18:58:45.738564+00,2025-10-08 09:01:11.333336+00,London,hakata-ramen-bar
c1b3374f-48fa-4add-bf56-aed50237f7fa,Fiume,Italian,4.6,$$,"(51.483152,-0.1460446)","Battersea Power Station, Circus West Village, London, England, SW8 5BN, GB",0 20 3904 9010,https://www.fiume-restaurant.co.uk/menus/restaurant/bambini-menu/,Buzzy Italian dining with views of the Thames and a large Mediterranean piazza-style terrace. Kids menu starts from £8. Cash not accepted.,"Mon-Thu: 12:00-21:30, Fri: 12:00-21:45, Sat: 11:00-21:45, Sun: 11:00-20:30",https://cdn.prod.website-files.com/65c4e3041d72984c18dbb740/670f8f85129d1067ab52db6f_fiume.jpeg,"{""kidsMenu"":false,""playArea"":false,""highChairs"":false,""familyPackages"":false,""changingStation"":false,""quietEnvironment"":false}","[""High chair"",""Baby change in womens room"",""Kids menu"",""Wheelchair access"",""Outdoor seating"",""Playground nearby"",""Tourist attraction nearby"",""Vegetarian"",""Vegan"",""Good for groups"",""Dog friendly""]",,true,2025-10-07 18:50:49.585057+00,2025-10-08 09:01:11.333336+00,London,fiume
c1f942a7-adfd-4359-aba9-62bc7bf70090,Meson Don Felipe,Spanish,4.5,$$,"(51.503,-0.1072)","53 The Cut, London SE1 8LF, UK",0 20 7928 3237,https://www.mesondonfelipe.co.uk/,"Since 1987, family run tapas bar and restaurant with small plates perfect for sharing. Located near The Old Vic theater. Last food orders at 10:15 pm.","Mon: 12:00-17:00, Tue-Sat: 12:00-23:00, Sun: closed",https://cdn.prod.website-files.com/65c4e3041d72984c18dbb740/670f8f7d2caa58ab19545ffa_meson%2520don%2520.png,"{""kidsMenu"":false,""playArea"":false,""highChairs"":false,""familyPackages"":false,""changingStation"":false,""quietEnvironment"":false}","[""High chair"",""Baby change in womens room"",""Wheelchair access"",""Outdoor seating"",""Vegetarian"",""Vegan"",""Dairy Free"",""Good for groups"",""Takeaway"",""Dog friendly""]",,true,2025-10-07 18:45:48.723948+00,2025-10-08 09:01:11.333336+00,London,meson-don-felipe
c25ecc85-4d25-4258-a0fc-e9303c6fa181,Busaba St Christopher's Place,International,4.5,$,"(-0.151058,51.514645)","Busaba St Christopher's Place, London, England W1U 1BU",0 20 7518 8080,http://www.busaba.com/locations/busaba-st-christophers-place?utm_source=gmb&utm_medium=organic,Buzzy Thai. Tables have only benches with no backed chairs. Great spot for group dining. Locations around London.,"Monday: 12:00-22:00, Tuesday: 12:00-22:00, Wednesday: 12:00-22:00, Thursday: 12:00-22:00, Friday: 12:00-23:00, Saturday: 12:00-23:00, Sunday: 12:00-21:00",https://cdn.prod.website-files.com/65c4e3041d72984c18dbb740/670f900e9e0cc91ebd9fbdc0_busaba.jpeg,"{""kidsMenu"":false,""playArea"":false,""highChairs"":true,""familyPackages"":false,""changingStation"":true,""quietEnvironment"":true}","[""High chair"",""Baby change in unisex room"",""Baby change in women's room"",""Wheelchair access"",""Small sharing plates"",""Vegetarian"",""Vegan"",""Cosy"",""Relaxed"",""Good for groups"",""Takeaway"",""Friendly staff"",""Healthy"",""Quick service"",""A/C""]",,true,2025-10-08 08:48:34.270376+00,2025-10-08 09:01:11.333336+00,London,busaba-st-christophers-place
c381041e-5580-47cb-9791-f5104a8af82c,Padella Borough Market,Italian,4.5,$$,"(51.5051655,-0.0899202)","6 Southwark Street, London, SE1 1TQ",,http://padella.co/,"Delicious pastas, great for sharing. Join the queue in person and via the Dojo app. Combine with a day out at Borough Market. Additional location in Shoreditch.","Mon-Sat: 11:30-22:30, Sun: 11:30-21:30",https://cdn.prod.website-files.com/65c4e3041d72984c18dbb740/670f8fb10c2cea7c0165aa4b_padella%2520borough.png,"{""kidsMenu"":false,""playArea"":false,""highChairs"":false,""familyPackages"":false,""changingStation"":false,""quietEnvironment"":false}","[""High chair"",""Baby change"",""Wheelchair access"",""Outdoor seating"",""Small plates"",""Dog friendly"",""Quick service""]",,true,2025-10-07 18:55:51.27332+00,2025-10-08 09:01:11.333336+00,London,padella-borough-market
c6423797-71a6-4a18-afa7-ffbdd0df9b44,Poppies Fish & Chips,British,4.5,$$,"(51.5202041,-0.074035)","6-8 Hanbury Street, London, E1 6QR",0 20 3161 1422,https://poppiesfishandchips.co.uk/poppies-spitalfields/,A favourite for fish and chips in a nostalgic setting with quirky 1940s memorabilia. Kids meals for £8.95 with 4 locations in London.,"Mon-Wed: 11:00-22:00, Thu-Sat: 11:00-23:00, Sun: 11:00-22:00",https://cdn.prod.website-files.com/65c4e3041d72984c18dbb740/670f9014678d4dbffc900718_poppies.jpeg,"{""kidsMenu"":false,""playArea"":false,""highChairs"":false,""familyPackages"":false,""changingStation"":false,""quietEnvironment"":false}","[""High chair"",""Baby change"",""Kids menu"",""Wheelchair access"",""Small plates"",""Vegetarian"",""Vegan"",""Takeaway"",""Quick service""]",,true,2025-10-07 19:07:16.337445+00,2025-10-08 09:01:11.333336+00,London,poppies-fish-chips-c6423797
c6937eae-e8be-43f2-9927-793d9c51d1a5,OXO Tower Brasserie,British,4.5,$$,"(51.508358,-0.1082386)","Barge House St, London SE1 9PH, UK",0 20 7803 3888,https://oxotowerrestaurant.com/,"Buzzy brasserie located on the top floor of the famous OXO Tower. Kids meal £15 and includes juice, starter, main and dessert.","Mon-Sat: 12:00-21:30, Sun: 12:00-21:30",https://cdn.prod.website-files.com/65c4e3041d72984c18dbb740/670f8f8a3699aed65e538f51_oxo%2520brasserie.jpeg,"{""kidsMenu"":false,""playArea"":false,""highChairs"":false,""familyPackages"":false,""changingStation"":false,""quietEnvironment"":false}","[""High chair"",""Baby change in womens room"",""Kids menu"",""Wheelchair access"",""Outdoor seating"",""Vegetarian"",""Vegan"",""Dairy Free"",""Good for groups""]",,true,2025-10-07 18:50:49.585057+00,2025-10-08 09:01:11.333336+00,London,oxo-tower-brasserie
c6fc3666-bcb8-426a-90fd-2a4d6148cac1,Wanasa Cafe,Middle Eastern,4.6,$$,"(51.6347782,-0.094179)","869 Green Lanes, London N21 2QS, UK",0 20 8374 0845,https://wanasacafe.co.uk/,A Middle Eastern restaurant serving breakfast and brunch. Kids' menu options for breakfast and also lunch/dinner.,"Mon-Tue: closed, Wed-Sat: 09:00-15:30, Sun: 10:00-15:30",https://cdn.prod.website-files.com/65c4e3041d72984c18dbb740/66e40c10ed785208ce665d08_Wanasa%2520cafe.jpeg,"{""kidsMenu"":false,""playArea"":false,""highChairs"":false,""familyPackages"":false,""changingStation"":false,""quietEnvironment"":false}","[""High chair"",""Baby change in unisex room"",""Kids menu"",""Wheelchair access"",""Outdoor seating"",""Vegetarian"",""Vegan"",""Halal"",""Good for groups"",""Takeaway"",""Dog friendly""]",,true,2025-10-07 18:39:10.01835+00,2025-10-08 09:01:11.333336+00,London,wanasa-cafe
c7591278-ecc5-45ff-aaad-5bf78ca029ed,Sartori - Italian Restaurant & Pizzeria,Italian,4.5,$$,"(51.5118006,-0.1280284)","15 Great Newport Street, London, WC2H 7JE",0 20 7836 6308,https://www.sartorirestaurant.com/,"Neapolitan wood-fired pizza and Southern Italian cuisine including pasta, meat, and fish.","Mon-Thu: 12:00-22:00, Fri-Sun: 12:00-23:00",https://cdn.prod.website-files.com/65c4e3041d72984c18dbb740/670f8fae2caa58ab195493a6_Screenshot%25202024-09-16%2520at%252010.06.08%25E2%2580%25AFPM.png,"{""kidsMenu"":false,""playArea"":false,""highChairs"":false,""familyPackages"":false,""changingStation"":false,""quietEnvironment"":false}","[""High chair"",""Baby change"",""Small plates"",""Vegetarian"",""Vegan"",""Takeaway"",""Quick service""]",,true,2025-10-07 18:55:51.27332+00,2025-10-08 09:01:11.333336+00,London,sartori---italian-restaurant-pizzeria
c803f3c4-ddf6-4a6b-8fb9-c7f245ebcb25,The Delaunay,European,4.5,$$$,"(51.5131702,-0.1182237)","55 Aldwych, London, WC2B 4BB",0 20 7499 8558,http://www.thedelaunay.com/,A classic European menu. Menu is good for kids.,"Mon-Sat: 07:00-22:30, Sun: 11:00-22:00",,"{""kidsMenu"":false,""playArea"":false,""highChairs"":false,""familyPackages"":false,""changingStation"":false,""quietEnvironment"":false}","[""High chair"",""Baby change"",""Wheelchair access"",""Small plates"",""Vegetarian"",""Vegan"",""Quick service""]",,false,2025-10-07 19:07:16.337445+00,2025-10-08 09:01:11.333336+00,London,the-delaunay
c85a2b68-f43f-4d79-9223-dd25908ba585,Tapas Brindisa Soho,Spanish,4.6,$$,"(51.5135116,-0.1365615)","46 Broadwick St, London W1F 7AE, UK",0 20 7534 1690,https://www.brindisakitchens.com/restaurant/tapas-brindisa-soho/,"Spanish tapas with plenty of options for the whole family. Pre theater menu £25 including drinks, Sunday-Wednesday 4:00-5:30 pm.","Mon-Sat: 12:00-00:00, Sun: 12:00-23:30",https://cdn.prod.website-files.com/65c4e3041d72984c18dbb740/670f8f9793fbc6d2370d2c15_brindisa%2520soho.jpeg,"{""kidsMenu"":false,""playArea"":false,""highChairs"":false,""familyPackages"":false,""changingStation"":false,""quietEnvironment"":false}","[""High chair"",""Baby change in womens room"",""Outdoor seating"",""Vegetarian"",""Vegan"",""Good for groups"",""Takeaway"",""Dog friendly""]",,true,2025-10-07 18:51:49.258268+00,2025-10-08 09:01:11.333336+00,London,tapas-brindisa-soho
c8b0f536-475f-4621-8b17-0fb3b556b351,Eggbreak,Breakfast,4.5,$$,"(51.5083375,-0.1978498)","30 Uxbridge Street, London, W8 7TA",0 20 3535 8300,https://eggbreak.com/,"Breakfast restaurant serving eggs all day, with sweet offers like pancakes, French toast and banana bread. Walk ins only. Combine with Diana, Princess of Wales Memorial Playground (before it closes for refurbishment autumn 2025).","Mon-Fri: 08:00-15:00, Sat-Sun: 08:00-17:00",https://cdn.prod.website-files.com/65c4e3041d72984c18dbb740/670f9006b940c837d3579913_eggbreak.png,"{""kidsMenu"":false,""playArea"":false,""highChairs"":false,""familyPackages"":false,""changingStation"":false,""quietEnvironment"":false}","[""High chair"",""Playground nearby"",""Small plates"",""Vegetarian"",""Vegan"",""Takeaway"",""Dog friendly"",""Quick service""]",,true,2025-10-07 19:01:10.851204+00,2025-10-08 09:01:11.333336+00,London,eggbreak
c8c2d271-d611-42fd-8ae8-1b4adc7b1224,Science Afternoon Tea at The Drawing Rooms (at The Ampersand Hotel),Cafe,4.5,$$,"(51.4942267,-0.1753236)","10 Harrington Road, London, SW7 3ER",0 20 7591 4414,http://www.ampersandhotel.com/eat-and-drink-at-the-ampersand-hotel/the-drawing-rooms?utm_source=google&utm_medium=local&utm_campaign=drawing_rooms,Great tea selection and great atmosphere.,"Mon-Fri: 12:00-19:00, Sat-Sun: 11:30-19:30",,"{""kidsMenu"":false,""playArea"":false,""highChairs"":false,""familyPackages"":false,""changingStation"":false,""quietEnvironment"":false}","[""High chair"",""Baby change"",""Kids menu"",""Wheelchair access"",""Small plates"",""Vegetarian"",""Vegan"",""Quick service""]",,false,2025-10-07 19:01:10.851204+00,2025-10-08 09:01:11.333336+00,London,science-afternoon-tea-at-the-drawing-rooms-at-the-ampersand-hotel
ca2bcc56-4bcf-44b3-8d83-bf407e7107c5,T. Rex Restaurant,American,4.3,$$,"(51.4965426,-0.1759764)","Natural History Museum (Green Zone, Cromwell Rd, South Kensington, London SW7 5BD, UK",0 20 7942 5000,https://www.nhm.ac.uk/,"Family-friendly restaurant in the Natural History Museum for burgers, salads & stone-baked pizzas. Kids meals from £8.5. Cash not accepted.","Mon-Wed: 11:00-20:30, Thu-Sat: 10:30-22:00, Sun: 11:00-20:30",https://cdn.prod.website-files.com/65c4e3041d72984c18dbb740/670f8f5d18671d9375e81415_t-rex-grill-hti.jpg.thumb.768.768.jpeg,"{""kidsMenu"":false,""playArea"":false,""highChairs"":false,""familyPackages"":false,""changingStation"":false,""quietEnvironment"":false}","[""High chair"",""Baby change in womens room"",""Kids menu"",""Wheelchair access"",""Vegetarian"",""Vegan"",""Good for groups"",""Takeaway"",""Kids play space""]",,true,2025-10-07 18:42:49.636036+00,2025-10-08 09:01:11.333336+00,London,t-rex-restaurant
cb178f4f-7b28-4109-ac6c-0d80a59b8cdf,Faros Oxford Circus,Mediterranean,4.5,$$,"(51.516568,-0.1409686)","22-24 Great Portland Street, London, W1W 8QS",0 7796 016991,http://www.farosrestaurant.co.uk/,"Mediterranean and Italian dishes such as pizza, pasta, salads and more. Other locations in Holborn and Istanbul.",Mon-Sun: 12:00-23:00,https://cdn.prod.website-files.com/65c4e3041d72984c18dbb740/66faa15ef504b84c8fc393b4_faros%2520oxford.jpeg,"{""kidsMenu"":false,""playArea"":false,""highChairs"":false,""familyPackages"":false,""changingStation"":false,""quietEnvironment"":false}","[""High chair"",""Baby change"",""Wheelchair access"",""Outdoor seating"",""Vegetarian"",""Vegan"",""Takeaway"",""Dog friendly"",""Quick service""]",,true,2025-10-07 18:58:45.738564+00,2025-10-08 09:01:11.333336+00,London,faros-oxford-circus
cc895eed-d0b5-4dec-a1a5-d7a9ddc8f191,East Street by Tampopo Fitzrovia,Asian,4.5,$$,"(51.5166175,-0.1329642)","3-5 Rathbone Place, London, W1T 1HJ",0 20 7323 0860,https://tampopo.co.uk/fitzrovia/,East Asian cuisine with shared tables in a street food market vibe. Last order is 1 hour before closing time.,"Mon-Wed: 10:30-23:00, Thu-Sat: 10:30-00:00, Sun: 10:30-22:00",https://cdn.prod.website-files.com/65c4e3041d72984c18dbb740/66ebf8f65717bd2d143f5ca9_tampopo-rp-2407-03.webp,"{""kidsMenu"":false,""playArea"":false,""highChairs"":false,""familyPackages"":false,""changingStation"":false,""quietEnvironment"":false}","[""High chair"",""Baby change"",""Kids menu"",""Wheelchair access"",""Outdoor seating"",""Vegetarian"",""Vegan"",""Halal"",""Takeaway"",""Dog friendly"",""Quick service""]",,true,2025-10-07 18:58:45.738564+00,2025-10-08 09:01:11.333336+00,London,east-street-by-tampopo-fitzrovia
ccb4c1bb-9d7f-495e-8fc1-2293543789cb,Sherlock Holmes,British,4.4,$$,"(51.5073412,-0.1252074)","10 Northumberland St, London WC2N 5DB, UK",0 20 7930 2644,https://www.greeneking.co.uk/pubs/greater-london/sherlock-holmes,"Traditional pub with Holmes-themed memorabilia, plus restaurant and roof garden. Serving British classics and Sunday roast. Cash not accepted.","Mon-Wed: 11:00-23:00, Thu-Sat: 11:00-00:00, Sun: 11:00-23:00",https://cdn.prod.website-files.com/65c4e3041d72984c18dbb740/66e40c3df5ad5d18e8bbdf0e_Sherlock%2520holmes.webp,"{""kidsMenu"":false,""playArea"":false,""highChairs"":false,""familyPackages"":false,""changingStation"":false,""quietEnvironment"":false}","[""High chair"",""Baby change in unisex room"",""Kids menu"",""Wheelchair access"",""Outdoor seating"",""Vegetarian"",""Vegan"",""Dairy Free"",""Gluten free"",""Good for groups"",""Takeaway"",""Dog friendly""]",,true,2025-10-07 18:42:49.636036+00,2025-10-08 09:01:11.333336+00,London,sherlock-holmes
cde33525-b9c4-4332-95b2-388f134e29dd,Mildreds Soho,Vegan,4.6,$$,"(51.5130279,-0.1364023)","45 Lexington St, Carnaby, London W1F 9AN, UK",0 20 7494 1634,https://www.mildreds.com/soho/,A light-filled space with an plant-based menu and friendly staff. Kids menu from £7. 6 locations around London.,"Mon-Sat: 09:00-23:00, Sun: 09:00-22:00",https://cdn.prod.website-files.com/65c4e3041d72984c18dbb740/670f8f69278c80cda2be778f_Mildred%2520soho%2520.jpeg,"{""kidsMenu"":false,""playArea"":false,""highChairs"":false,""familyPackages"":false,""changingStation"":false,""quietEnvironment"":false}","[""High chair"",""Baby change in womens room"",""Kids menu"",""Outdoor seating"",""Vegetarian"",""Vegan"",""Good for groups"",""Takeaway"",""Dog friendly""]",,true,2025-10-07 18:43:58.706203+00,2025-10-08 09:01:11.333336+00,London,mildreds-soho
cf2c034c-aa88-448f-8a86-9236d8257206,Cafe de Provence,French,4.0,$$,"(51.5157108,-0.1238709)","14 Drury Lane, London, WC2B 5RB",0 7943 290340,https://www.instagram.com/cafedeprovencelondon/,"Cosy restaurant with breakfast, light fare, & a salad bar.","Mon-Sat: 08:00-16:00, Sun: closed",https://cdn.prod.website-files.com/65c4e3041d72984c18dbb740/66faa169db8977a4e79789b9_cafe%2520de%2520provence.png,"{""kidsMenu"":false,""playArea"":false,""highChairs"":false,""familyPackages"":false,""changingStation"":false,""quietEnvironment"":false}","[""High chair"",""Wheelchair access"",""Outdoor seating"",""Small plates"",""Vegetarian"",""Vegan"",""Takeaway"",""Dog friendly"",""Quick service""]",,true,2025-10-07 18:58:45.738564+00,2025-10-08 09:01:11.333336+00,London,cafe-de-provence
d17854fa-0902-4396-b549-8b65802607a7,Big Easy Restaurant - Covent Garden,American,4.5,$$,"(51.5106786,-0.1229818)","12 Maiden Ln, London WC2E 7NA, UK",0 20 4580 1173,https://www.bigeasy.co.uk/menus/covent-garden-kids,"Family owned since 1991, has authentic American BBQ with live music every night. Pre-theatre menu available. Cash not accepted.","Mon-Thu: 12:00-22:00, Fri: 12:00-22:30, Sat: 11:30-22:30, Sun: 11:30-21:30",https://cdn.prod.website-files.com/65c4e3041d72984c18dbb740/66e40c46f5ad5d18e8bbe928_big%2520easy%2520covent%2520garden.webp,"{""kidsMenu"":false,""playArea"":false,""highChairs"":false,""familyPackages"":false,""changingStation"":false,""quietEnvironment"":false}","[""High chair"",""Baby change in unisex room"",""Kids menu"",""Wheelchair access"",""Vegetarian"",""Vegan"",""Halal"",""Good for groups"",""Takeaway""]",,true,2025-10-07 18:42:49.636036+00,2025-10-08 09:01:11.333336+00,London,big-easy-restaurant---covent-garden
d1957aac-b8d4-4b95-8b63-adc119a5739a,Brother Marcus Spitalfields,Middle Eastern,4.5,$$,"(51.5195884,-0.0760305)","2 Crispin Place, London, E1 6DW",0 20 3301 2595,http://brothermarcus.co.uk/spitalfields/,"Middle Eastern-inspired restaurant serving dips, mezze, brunch and mains. 5 locations around London.","Mon: 08:30-17:00, Tue-Sat: 08:30-23:00, Sun: 09:30-17:00",https://cdn.prod.website-files.com/65c4e3041d72984c18dbb740/670f901024981065717dfead_brothers%2520marcus%2520spitalfields.jpeg,"{""kidsMenu"":false,""playArea"":false,""highChairs"":false,""familyPackages"":false,""changingStation"":false,""quietEnvironment"":false}","[""High chair"",""Baby change"",""Wheelchair access"",""Outdoor seating"",""Vegetarian"",""Vegan"",""Takeaway"",""Dog friendly"",""Quick service""]",,true,2025-10-07 19:07:16.337445+00,2025-10-08 09:01:11.333336+00,London,brother-marcus-spitalfields
d43edb89-0655-4319-8a71-d53f76c97762,Bread Street Kitchen & Bar - Southwark,European,4.4,$$,"(51.5035279,-0.1012037)","47-51 Great Suffolk St, London SE1 0BS, UK",0 20 7592 7977,https://www.gordonramsayrestaurants.com/bread-street-kitchen/southwark,"A Modern European restaurant with something for everyone, including a delicious Beef Wellington for two. Kids (8 and under) eat free all day every day.","Mon-Wed: 11:30-22:00, Thu-Sat: 11:30-23:00, Sun: 11:30-21:00",https://cdn.prod.website-files.com/65c4e3041d72984c18dbb740/66e40bd579566cf668095e2b_bread%2520street%2520southwark.jpeg,"{""kidsMenu"":false,""playArea"":false,""highChairs"":false,""familyPackages"":false,""changingStation"":false,""quietEnvironment"":false}","[""High chair"",""Baby change in womens room"",""Wheelchair access"",""Vegetarian"",""Vegan"",""Good for groups"",""Free kids meal""]",,true,2025-10-07 18:33:15.138688+00,2025-10-08 09:01:11.333336+00,London,bread-street-kitchen-bar---southwark
d44a92f6-bc82-4f5e-ab11-710ad75d8d65,Pastaio Pasta Restaurant Carnaby,Italian,4.6,$$,"(51.5128972,-0.1390056)","19 Ganton St, Carnaby, London W1F 9BN, UK",0 20 3019 8680,https://www.pastaio.co.uk/kidsmenu,"Daily handmade fresh pasta mixed with seasonal produce. Kids menu is £6 for half-sized portion of pasta, veg pot and scoop of gelato.","Mon-Thu: 12:00-22:30, Fri-Sat: 12:00-23:00, Sun: 12:00-22:00",https://cdn.prod.website-files.com/65c4e3041d72984c18dbb740/66faa0f5a34b0bbfc214b495_pastaio.png,"{""kidsMenu"":false,""playArea"":false,""highChairs"":false,""familyPackages"":false,""changingStation"":false,""quietEnvironment"":false}","[""High chair"",""Baby change in womens room"",""Kids menu"",""Wheelchair access"",""Outdoor seating"",""Vegetarian"",""Vegan"",""Good for groups"",""Takeaway"",""Dog friendly""]",,true,2025-10-07 18:50:49.585057+00,2025-10-08 09:01:11.333336+00,London,pastaio-pasta-restaurant-carnaby
d4920a64-39e9-46f0-b8d7-cd424045394c,Brother Marcus South Kensington,Mediterranean,4.5,$$,"(51.494156,-0.1744284)","1-3 Pelham Street, London, SW7 2ND",0 20 3146 0404,https://brothermarcus.co.uk/locations/southkensington/,"A Mediterranean restaurant, Menu is good for kids.","Mon: 07:30-17:00, Tue-Sat: 07:30-23:00, Sun: 08:30-17:00",,"{""kidsMenu"":false,""playArea"":false,""highChairs"":false,""familyPackages"":false,""changingStation"":false,""quietEnvironment"":false}","[""Baby change"",""Wheelchair access"",""Small plates"",""Vegetarian"",""Vegan"",""Dog friendly"",""Quick service""]",,false,2025-10-07 19:01:10.851204+00,2025-10-08 09:01:11.333336+00,London,brother-marcus-south-kensington
d4c9462b-8387-484f-b67e-069450d10863,Spaghetti House,Italian,4.4,$$,"(51.5117969,-0.1275746)","24 Cranbourn St, London WC2H 7AB, UK",0 20 7836 8168,https://www.spaghettihouse.co.uk/location/cranbourn-street/,"Since 1955, offering Italian dining with 8 locations across the city.",Daily: 12:00-23:00,https://cdn.prod.website-files.com/65c4e3041d72984c18dbb740/670f8f75639cb5e91b66fd63_spahettie%2520cranborn.png,"{""kidsMenu"":false,""playArea"":false,""highChairs"":false,""familyPackages"":false,""changingStation"":false,""quietEnvironment"":false}","[""High chair"",""Baby change in womens room"",""Kids menu"",""Wheelchair access"",""Outdoor seating"",""Vegetarian"",""Vegan"",""Halal"",""Good for groups"",""Takeaway"",""Dog friendly""]",,true,2025-10-07 18:45:48.723948+00,2025-10-08 09:01:11.333336+00,London,spaghetti-house
d634644a-4be0-4bfa-af26-e2f3f3507223,Sushi Monster,Japanese,4.5,$$,"(51.6336613,0.0093539)","1st floor, Rusty Bike Pub, 134-138 Station Rd, London E4 6AN, UK",0 20 3515 0678,https://sushimonster.co.uk/,"A Japanese food adventure at Rusty Bike Pub, where they bring delicious food to your table on a little train.","Mon: closed, Tue: 17:00-22:00, Wed-Sun: 12:00-22:00",https://cdn.prod.website-files.com/65c4e3041d72984c18dbb740/66e40c15ab4a1b2ad05f5c0b_SushiMonster-inside-1024x768.jpeg,"{""kidsMenu"":false,""playArea"":false,""highChairs"":false,""familyPackages"":false,""changingStation"":false,""quietEnvironment"":false}","[""High chair"",""Baby change in unisex room"",""Wheelchair access"",""Vegetarian"",""Vegan"",""Good for groups"",""Takeaway""]",,true,2025-10-07 18:41:01.534021+00,2025-10-08 09:01:11.333336+00,London,sushi-monster
d63a1555-2316-4eee-b58d-0e5d137518c1,Scoff & Banter Kensington,European,4.5,$$,"(51.4953444,-0.1818861)","68-86 Cromwell Road, London, SW7 5BT",0 20 7666 1891,,A Modern European restaurant.,Mon-Sun: 12:00-23:00,,"{""kidsMenu"":false,""playArea"":false,""highChairs"":false,""familyPackages"":false,""changingStation"":false,""quietEnvironment"":false}","[""High chair"",""Baby change"",""Kids menu"",""Wheelchair access"",""Small plates"",""Vegetarian"",""Vegan"",""Quick service""]",,false,2025-10-07 19:01:10.851204+00,2025-10-08 09:01:11.333336+00,London,scoff-banter-kensington
d65932ba-e968-41cb-a2f2-6617e49d880b,Ruby Violet,Dessert,4.6,$$,"(51.5357509,-0.1233409)","Midland Goods Shed, 3 Wharf Rd, London N1C 4BZ, UK",0 1908 109018,https://rubyviolet.co.uk/pages/kings-cross-parlour,"Natural ice cream, vegan sorbets, artisan coffee, and signature cocktails. Try the Ice Cream Afternoon Tea experience!","Mon-Thu: 11:30-21:00, Fri-Sat: 11:30-22:00, Sun: 11:30-21:00",https://cdn.prod.website-files.com/65c4e3041d72984c18dbb740/670f8f9e27e5e1298d3bb16a_Screenshot%25202024-07-11%2520033401.png,"{""kidsMenu"":false,""playArea"":false,""highChairs"":false,""familyPackages"":false,""changingStation"":false,""quietEnvironment"":false}","[""Baby change in womens room"",""Wheelchair access"",""Outdoor seating"",""Dog friendly""]",,true,2025-10-07 18:51:49.258268+00,2025-10-08 09:01:11.333336+00,London,ruby-violet
d776f898-9385-44b2-aa3f-561f614bdf6b,Marugame Udon Strand,Japanese,4.5,$,"(51.5088752,-0.1256196)","449 Strand, London WC2R 0QU, UK",,http://marugame.co.uk/,"Udon kitchen with handcrafted noodles, rice, tempura and more. Kids meal for £4.95, counter service with plenty of seating available and unlimited ice cream on the menu.","Mon-Wed: 11:00-22:00, Thu-Sat: 11:00-23:00, Sun: 11:00-21:00",https://cdn.prod.website-files.com/65c4e3041d72984c18dbb740/670f8f4cb127b9b6e35c92e1_Color%2520logo%2520with%2520background%25201%2520(2).png,"{""kidsMenu"":false,""playArea"":false,""highChairs"":false,""familyPackages"":false,""changingStation"":false,""quietEnvironment"":false}","[""High chair"",""Baby change in womens room"",""Wheelchair access"",""Vegetarian"",""Vegan"",""Good for groups"",""Takeaway""]",,true,2025-10-07 18:50:49.585057+00,2025-10-08 09:01:11.333336+00,London,marugame-udon-strand
d9d29c8e-fc0d-4fc1-9947-1a40e3a02130,Draughts - Waterloo,Pub,4.5,$$,"(51.5017393,-0.1154275)","Arch 16 Leake Street, London, SE1 7NN",0 7903 441976,http://draughtslondon.com/,"Global Pub, Menu is good for kids.","Mon: 12:00-00:00, Tue-Fri: 11:00-00:00, Sat: 10:00-01:00, Sun: 10:00-00:00",,"{""kidsMenu"":false,""playArea"":false,""highChairs"":false,""familyPackages"":false,""changingStation"":false,""quietEnvironment"":false}","[""High chair"",""Baby change"",""Wheelchair access"",""Outdoor seating"",""Takeaway"",""Dog friendly"",""Games available"",""Quick service""]",,false,2025-10-07 19:07:16.337445+00,2025-10-08 09:01:11.333336+00,London,draughts---waterloo
daa2a4e2-7cf0-4114-b71a-1dffd16eedfb,The Hub Cafe,Cafe,4.3,$,"(55.9489705,-3.1948975)","The Hub, Edinburgh EH1, UK",0 131 473 2015,https://www.eif.co.uk/,"Tasty treats, dog friendly.",Daily: 08:30-17:00,https://cdn.prod.website-files.com/65c4e3041d72984c18dbb740/670f8f4cb127b9b6e35c92e1_Color%2520logo%2520with%2520background%25201%2520(2).png,"{""kidsMenu"":false,""playArea"":false,""highChairs"":false,""familyPackages"":false,""changingStation"":false,""quietEnvironment"":false}","[""High chair"",""Baby change in womens room"",""Kids menu"",""Wheelchair access"",""Outdoor seating"",""Vegetarian"",""Vegan"",""Good for groups"",""Takeaway"",""Dog friendly""]",,true,2025-10-07 18:50:49.585057+00,2025-10-08 09:01:11.333336+00,Edinburgh,the-hub-cafe
dc9876b7-dfa0-4ac5-b4c4-6d007378a3a8,Latitude Restaurant,European,4.5,$$,"(51.4189656,-0.1934209)","138 Merton Road, London, SW19 1EH",0 20 8542 6500,https://www.latitude-restaurant.co.uk/,A modern European restaurant in South Wimbledon. Sunday roast available last Sunday of the month.,"Mon: closed, Tue-Wed: 17:00-23:00, Thu: 12:00-23:00, Fri-Sat: 12:00-23:00, Sun: closed",https://cdn.prod.website-files.com/65c4e3041d72984c18dbb740/670f8f4cb127b9b6e35c92e1_Color%2520logo%2520with%2520background%25201%2520(2).png,"{""kidsMenu"":false,""playArea"":false,""highChairs"":false,""familyPackages"":false,""changingStation"":false,""quietEnvironment"":false}","[""High chair"",""Baby change"",""Kids menu"",""Wheelchair access"",""Small plates"",""Vegetarian"",""Vegan"",""Halal"",""Takeaway"",""Quick service""]",,false,2025-10-07 18:58:45.738564+00,2025-10-08 09:01:11.333336+00,London,latitude-restaurant
dcf80c52-32f2-485f-8a76-2e03a44354c8,Namaste Lounge,Indian,4.5,$$,"(51.600334,-0.410086)","66 Joel Street, Northwood, HA6 1LL",0 1923 840157,https://namastelounge.com/dining/,"Sophisticated restaurant with authentic Indian food, a garden bar, weekend DJs and live sports screenings. They can adapt dishes to mild for children. Reservations recommended.","Mon-Thu: 12:00-00:00, Fri: 12:00-02:00, Sat: 09:00-02:00, Sun: 09:00-00:00",https://cdn.prod.website-files.com/65c4e3041d72984c18dbb740/670f8fd4b940c837d35769d9_Namaste%2520dining.png,"{""kidsMenu"":false,""playArea"":false,""highChairs"":false,""familyPackages"":false,""changingStation"":false,""quietEnvironment"":false}","[""High chair"",""Baby change"",""Wheelchair access"",""Outdoor seating"",""Vegetarian"",""Vegan"",""Halal"",""Takeaway"",""Dog friendly"",""Quick service""]",,true,2025-10-07 18:58:45.738564+00,2025-10-08 09:01:11.333336+00,Northwood,namaste-lounge
dd6c5b6d-1d1d-4e74-a3e9-286e76166657,Café Amisha,Italian,4.5,$$,"(51.4951845,-0.0764221)","161 Grange Road, London, SE1 3GH",0 20 7231 7151,https://www.cafeamisha.co.uk/,"Italian pasta & pizza, using fresh produce and meat & fish delivered daily. Combine with Bermondsey Spa Gardens playground.","Mon: closed, Tue-Sat: 12:00-22:00, Sun: 12:00-21:00",,"{""kidsMenu"":false,""playArea"":false,""highChairs"":false,""familyPackages"":false,""changingStation"":false,""quietEnvironment"":false}","[""High chair"",""Baby change"",""Kids menu"",""Wheelchair access"",""Outdoor seating"",""Playground nearby"",""Vegetarian"",""Vegan"",""Takeaway"",""Dog friendly"",""Quick service""]",,false,2025-10-07 18:58:45.738564+00,2025-10-08 09:01:11.333336+00,London,caf-amisha
dd72d015-6ff4-44e0-ade3-ed6175982a19,Kricket White City,Indian,4.5,$$,"(51.5106756,-0.225505)","101 Wood Lane, London, W12 7FR",0 20 3958 2867,https://kricket.co.uk/white-city/,"Indian Restaurant, Menu is good for kids.","Mon: 12:00-17:00, Tue-Sat: 12:00-22:30, Sun: closed",,"{""kidsMenu"":false,""playArea"":false,""highChairs"":false,""familyPackages"":false,""changingStation"":false,""quietEnvironment"":false}","[""High chair"",""Baby change"",""Kids menu"",""Wheelchair access"",""Outdoor seating"",""Vegetarian"",""Vegan"",""Halal"",""Takeaway"",""Dog friendly"",""Quick service""]",,false,2025-10-07 19:07:16.337445+00,2025-10-08 09:01:11.333336+00,London,kricket-white-city
ddc04ad6-5931-4fcd-811b-e12d3edf592f,Mount St. Restaurant,British,4.5,$$,"(51.5097059,-0.1515884)","41-43 Mount Street, London, W1K 2RX",0 20 3840 9860,http://www.mountstrestaurant.com/,"Modern British restaurant, Menu is good for kids.","Mon-Fri: 07:30-22:00, Sat: 09:00-22:00, Sun: 09:00-17:00",,"{""kidsMenu"":false,""playArea"":false,""highChairs"":false,""familyPackages"":false,""changingStation"":false,""quietEnvironment"":false}","[""High chair"",""Baby change"",""Wheelchair access"",""Small plates"",""Vegetarian"",""Vegan"",""Quick service""]",,false,2025-10-07 19:01:10.851204+00,2025-10-08 09:01:11.333336+00,London,mount-st-restaurant
de996af0-11ff-4d1e-a677-8203ca86cef7,Wild Thyme London,International,4.5,$$,"(51.5070741,-0.238548)","2b Thorpebank Road, London, W12 0PQ",0 20 8354 9321,http://www.wildthymelondon.com/,"Globally inspired brunch & lunch fare, coffee & wine, in a cosy space with outdoor seating available. Walk ins only, no reservations.",Mon-Sun: 08:00-15:30,https://cdn.prod.website-files.com/65c4e3041d72984c18dbb740/670f8fde24981065717dcc7a_wild%2520thyme%2520london.jpeg,"{""kidsMenu"":false,""playArea"":false,""highChairs"":false,""familyPackages"":false,""changingStation"":false,""quietEnvironment"":false}","[""High chair"",""Baby change"",""Wheelchair access"",""Outdoor seating"",""Vegetarian"",""Vegan"",""Gluten free"",""Takeaway"",""Dog friendly"",""Quick service""]",,true,2025-10-07 18:58:45.738564+00,2025-10-08 09:01:11.333336+00,London,wild-thyme-london
df42dc62-318d-4f99-9145-2789a62d582a,Busaba St Christopher's Place,Thai,4.5,$$,"(51.514645,-0.151058)","8-13 Bird Street, London, W1U 1BU",0 20 7518 8080,http://www.busaba.com/locations/busaba-st-christophers-place?utm_source=gmb&utm_medium=organic,Buzzy Thai. Tables have only benches with no backed chairs. Great spot for group dining. Locations around London.,"Mon-Fri: 12:00-22:00, Sat: 12:00-23:00, Sun: 12:00-21:00",https://cdn.prod.website-files.com/65c4e3041d72984c18dbb740/670f900e9e0cc91ebd9fbdc0_busaba.jpeg,"{""kidsMenu"":false,""playArea"":false,""highChairs"":false,""familyPackages"":false,""changingStation"":false,""quietEnvironment"":false}","[""High chair"",""Baby change"",""Wheelchair access"",""Small plates"",""Vegetarian"",""Vegan"",""Takeaway"",""Quick service""]",,true,2025-10-07 19:07:16.337445+00,2025-10-08 09:01:11.333336+00,London,busaba-st-christophers-place-df42dc62
e1326e19-22b7-44fc-84b3-7f8c4af47dfa,"The Guildford Townhouse, Coppa Club",British,4.5,$$,"(51.2352669,-0.574132)","58-62 High St, Guildford GU1 3ES, UK",01483 339290,https://www.coppaclub.co.uk/the-guildford-townhouse/,"Set across 3 floors with all-day dining, coworking, and socialising. Great for multi-generational celebrations. Extensive kids' menu available.","Mon-Wed: 09:00-23:00, Thu: 09:00-01:00, Fri-Sat: 09:00-01:30, Sun: 09:00-22:30",https://cdn.prod.website-files.com/65c4e3041d72984c18dbb740/66e40c2480ffac5ddc1cf20c_Coppa%2520Club%2520Guildford.png,"{""kidsMenu"":false,""playArea"":false,""highChairs"":false,""familyPackages"":false,""changingStation"":false,""quietEnvironment"":false}","[""High chair"",""Baby change in unisex room"",""Kids menu"",""Wheelchair access"",""Vegetarian"",""Vegan"",""Gluten free"",""Good for groups"",""Dog friendly""]",,true,2025-10-07 18:41:01.534021+00,2025-10-08 09:01:11.333336+00,Guildford,the-guildford-townhouse-coppa-club
e241d561-86e5-4f2b-ac79-1f35d035e97c,Il Portico,Italian,4.7,$$,"(51.4985478,-0.1999238)","277 Kensington High St, London W8 6NA, UK",0 20 7602 6262,https://www.famigliaportico.co.uk/,A delicious Italian restaurant owned by the same family over 4 generations. Much of the produce and wild game is sourced from their family farm. Try to save room for dessert!,Daily: 12:00-22:30,https://cdn.prod.website-files.com/65c4e3041d72984c18dbb740/66e40c1e46da67d20ec267a9_il%2520portico.jpeg,"{""kidsMenu"":false,""playArea"":false,""highChairs"":false,""familyPackages"":false,""changingStation"":false,""quietEnvironment"":false}","[""High chair"",""Baby change in unisex room"",""Kids menu"",""Wheelchair access"",""Outdoor seating"",""Vegetarian"",""Vegan"",""Good for groups"",""Takeaway""]",,true,2025-10-07 18:41:01.534021+00,2025-10-08 09:01:11.333336+00,London,il-portico
e3086a5e-865d-41c3-9060-8bf4715068eb,Crème de la Crêpe,French,4.4,$$,"(51.5117017,-0.1228551)","29, The Market, The Piazza, London WC2E 8RE, UK",0 20 7836 6896,https://www.cremedelacrepe.co.uk/menu,"In the heart of Covent Garden with sweet and savoury crepes. Combine with the Transport Museum, a show, or exploring the market.","Mon: 09:30-00:30, Tue-Sun: 09:30-21:00",https://cdn.prod.website-files.com/65c4e3041d72984c18dbb740/670f8f6bde1265dbc0572859_creme%2520de%2520la%2520crepe.png,"{""kidsMenu"":false,""playArea"":false,""highChairs"":false,""familyPackages"":false,""changingStation"":false,""quietEnvironment"":false}","[""High chair"",""Baby change in womens room"",""Kids menu"",""Wheelchair access"",""Outdoor seating"",""Tourist attraction nearby"",""Vegetarian"",""Vegan"",""Good for groups"",""Takeaway""]",,true,2025-10-07 18:43:58.706203+00,2025-10-08 09:01:11.333336+00,London,crme-de-la-crpe
e32401a8-96b5-434c-a7e9-93b92a707cd9,The Ivy Soho Brasserie,British,4.5,$$,"(51.513836,-0.1357862)","26-28 Broadwick St, London W1F 8JB, UK",0 2033011166,https://theivysoho.com/,Relaxed all-day dining with something for everyone. Great for groups and special celebrations. Kids menu from £8.95. Cash not accepted.,"Mon-Fri: 08:30-00:00, Sat: 09:00-00:00, Sun: 09:00-23:00",https://cdn.prod.website-files.com/65c4e3041d72984c18dbb740/66e40c3f3322a38c351a213d_Ivy%2520Soho.webp,"{""kidsMenu"":false,""playArea"":false,""highChairs"":false,""familyPackages"":false,""changingStation"":false,""quietEnvironment"":false}","[""High chair"",""Baby change in unisex room"",""Kids menu"",""Wheelchair access"",""Outdoor seating"",""Vegetarian"",""Vegan"",""Dairy Free"",""Good for groups""]",,true,2025-10-07 18:42:49.636036+00,2025-10-08 09:01:11.333336+00,London,the-ivy-soho-brasserie
e36bced7-3d57-46ec-887f-506ac3f09a03,Sonora Taquería,Mexican,4.5,$$,"(51.5626591,-0.0733332)","208 Stoke Newington High Street, London, N16 7HU",,http://sonorataqueria.com/,"A Mexican Restaurant, no cash accepted.","Mon-Wed: closed, Thu-Sun: 12:00-16:00",,"{""kidsMenu"":false,""playArea"":false,""highChairs"":false,""familyPackages"":false,""changingStation"":false,""quietEnvironment"":false}","[""Baby change"",""Wheelchair access"",""Small plates"",""Vegetarian"",""Vegan"",""Takeaway"",""Quick service""]",,false,2025-10-07 19:01:10.851204+00,2025-10-08 09:01:11.333336+00,London,sonora-taquera
e3c213e6-19bf-47b2-9613-c91d226fb656,Eataly London,Italian,4.5,$$,"(51.5178605,-0.0804078)","135 Bishopsgate, London, EC2M 3YD",0 20 4538 0271,https://www.eataly.co.uk/,"Massive Italian market with numerous restaurants, deli counter, gelato, sandwiches, and more. You can also shop for cheese, meats, pasta, sauces, desserts, and a huge wine selection.","Mon-Fri: 07:00-23:00, Sat-Sun: 09:00-23:00",https://cdn.prod.website-files.com/65c4e3041d72984c18dbb740/670f8fbcbc5ec6e46f3643fd_eataly.jpeg,"{""kidsMenu"":false,""playArea"":false,""highChairs"":false,""familyPackages"":false,""changingStation"":false,""quietEnvironment"":false}","[""High chair"",""Baby change"",""Kids menu"",""Wheelchair access"",""Outdoor seating"",""Vegetarian"",""Vegan"",""Takeaway"",""Dog friendly"",""Quick service""]",,true,2025-10-07 18:55:51.27332+00,2025-10-08 09:01:11.333336+00,London,eataly-london
e4d0a54e-4030-411c-a7f4-dfd915b61844,Monkey Temple,Indian,4.5,$$,"(51.503314,-0.24356)","92 Askew Road, London, W12 9BL",0 20 8743 4597,,Indian restaurant offering curries with seafood and vegan options.,"Mon-Sat: 17:00-22:30, Sun: 13:00-22:00",https://cdn.prod.website-files.com/65c4e3041d72984c18dbb740/670f8f4cb127b9b6e35c92e1_Color%2520logo%2520with%2520background%25201%2520(2).png,"{""kidsMenu"":false,""playArea"":false,""highChairs"":false,""familyPackages"":false,""changingStation"":false,""quietEnvironment"":false}","[""High chair"",""Baby change"",""Wheelchair access"",""Outdoor seating"",""Vegetarian"",""Vegan"",""Takeaway"",""Dog friendly"",""Quick service""]",,false,2025-10-07 18:58:45.738564+00,2025-10-08 09:01:11.333336+00,London,monkey-temple
e5091d49-8c07-4254-a566-0ab7a9fd198b,Five Guys Piccadilly Circus,American,4.0,$,"(51.510292,-0.133403)","2 Coventry Street, London, W1D 7DH",0 20 7734 6892,https://restaurants.fiveguys.co.uk/greater-london/unit-1/2-coventry-st?y_source=1_MTI0MzE1MTAtNzE1LWxvY2F0aW9uLndlYnNpdGU%3D,"Fast-food chain with made-to-order burgers, fries & hot dogs.","Mon-Thu: 11:00-23:30, Fri-Sat: 11:00-00:00, Sun: 11:00-22:30",https://cdn.prod.website-files.com/65c4e3041d72984c18dbb740/670f8f4cb127b9b6e35c92e1_Color%2520logo%2520with%2520background%25201%2520(2).png,"{""kidsMenu"":false,""playArea"":false,""highChairs"":false,""familyPackages"":false,""changingStation"":false,""quietEnvironment"":false}","[""High chair"",""Baby change"",""Wheelchair access"",""Outdoor seating"",""Vegetarian"",""Vegan"",""Takeaway"",""Dog friendly"",""Quick service""]",,true,2025-10-07 18:55:51.27332+00,2025-10-08 09:01:11.333336+00,London,five-guys-piccadilly-circus
e50ca5ed-fd63-4e7a-914e-cc2c8845cfb3,Brigit's Bakery & Afternoon Tea Bus Tours,Bakery,4.5,$$,"(51.5100768,-0.1245529)","6-7 Chandos Pl, London WC2N 4HU, UK",0 20 3026 1188,https://b-bakery.com/,"A bakery full of treat, also offering delicous afternoon tea served on a double decker bus so you can sightsee too! Check website for themed buses.",Daily: 09:00-17:00,https://cdn.prod.website-files.com/65c4e3041d72984c18dbb740/670f8f91a29a8096c470645c_OLDAnnaLachlan%2520brigitsbakery18698s.jpeg,"{""kidsMenu"":false,""playArea"":false,""highChairs"":false,""familyPackages"":false,""changingStation"":false,""quietEnvironment"":false}","[""High chair"",""Baby change in womens room"",""Kids menu"",""Wheelchair access"",""Good for groups"",""Takeaway"",""Dog friendly""]",,true,2025-10-07 18:50:49.585057+00,2025-10-08 09:01:11.333336+00,London,brigits-bakery-afternoon-tea-bus-tours
e56f2286-ddee-48fb-b9da-b862d45d2b2c,Franco Manca,Italian,4.5,$$,"(51.5154341,-0.1363544)","51 Berwick St, London W1F 8SJ, UK",0 20 7734 9330,http://www.francomanca.co.uk/restaurants/soho/,"A neighbourhood pizzeria with friendly, fast service and affordable sourdough pizzas. Locations throughout the UK.","Mon-Thu: 12:00-22:00, Fri-Sat: 12:00-23:00, Sun: 12:00-21:00",https://cdn.prod.website-files.com/65c4e3041d72984c18dbb740/66fe5ed1a0546142da72cb28_franco%2520manca%2520Soho-Int-Ext-3.jpeg,"{""kidsMenu"":false,""playArea"":false,""highChairs"":false,""familyPackages"":false,""changingStation"":false,""quietEnvironment"":false}","[""High chair"",""Baby change in unisex room"",""Kids menu"",""Outdoor seating"",""Vegetarian"",""Vegan"",""Good for groups"",""Takeaway"",""Dog friendly""]",,true,2025-10-07 18:41:01.534021+00,2025-10-08 09:01:11.333336+00,London,franco-manca
e6902be6-5ac6-44f1-99cb-2a488c17911c,The Hayden Pub & Rooms,British,4.5,$$,"(51.5152778,-0.1913889)","65 Westbourne Grove, London, W2 4UJ",0 20 7229 2233,http://www.haydennottinghill.com/,"In beautiful Notting Hill, this pub serves delicious food with a buzzy vibe. The pub also has air conditioned rooms available for overnight stays.","Mon: 10:45-23:00, Tue-Fri: 11:00-23:00, Sat: 09:00-23:00, Sun: 09:00-22:30",https://cdn.prod.website-files.com/65c4e3041d72984c18dbb740/670f8f4cb127b9b6e35c92e1_Color%2520logo%2520with%2520background%25201%2520(2).png,"{""kidsMenu"":false,""playArea"":false,""highChairs"":false,""familyPackages"":false,""changingStation"":false,""quietEnvironment"":false}","[""High chair"",""Baby change"",""Kids menu"",""Wheelchair access"",""Outdoor seating"",""Vegetarian"",""Vegan"",""Halal"",""Dog friendly"",""Quick service""]",,false,2025-10-07 18:58:45.738564+00,2025-10-08 09:01:11.333336+00,London,the-hayden-pub-rooms
e6cf8092-f3ed-4093-93a3-e20cf89b3d84,Beijing Dumpling,Chinese,4.4,$,"(51.5117139,-0.1301306)","23 Lisle St, London WC2H 7BA, UK",0 20 7287 6888,http://beijingdumpling.co.uk/,"Local Chinatown favourite with a variety of dumplings, soups, and mains.","Mon-Fri: 12:00-22:15, Sat: 12:00-23:30, Sun: 11:30-22:30",https://cdn.prod.website-files.com/65c4e3041d72984c18dbb740/670f8f808edf06d71a910c8e_beijing%2520dumpling.jpeg,"{""kidsMenu"":false,""playArea"":false,""highChairs"":false,""familyPackages"":false,""changingStation"":false,""quietEnvironment"":false}","[""Baby change in womens room"",""Good for groups"",""Takeaway""]",,true,2025-10-07 18:45:48.723948+00,2025-10-08 09:01:11.333336+00,London,beijing-dumpling
e864a19a-3f84-4487-9efc-c534bc003fd4,The Coal Shed One Tower Bridge,British,4.5,$$$,"(51.5038645,-0.0783028)","4 Crown Square, London, SE1 2SE",0 20 3384 7272,https://coalshed-restaurant.co.uk/london/uploads/sites/2/2024/08/CSB-SUMMER-KIDS-MENU.pdf,"Open-plan grill restaurant serving chargrilled steak, fish, sharing platters, & Sunday roasts. Reservations accepted. Kids meal includes 2 courses for £10.","Mon: 17:00-23:00, Tue-Sat: 12:00-23:00, Sun: 12:00-18:00",https://cdn.prod.website-files.com/65c4e3041d72984c18dbb740/66ebf8d1784917c34c93d283_288-The-Coal-Shed-210716-HaydonPerrior-4k.webp,"{""kidsMenu"":false,""playArea"":false,""highChairs"":false,""familyPackages"":false,""changingStation"":false,""quietEnvironment"":false}","[""High chair"",""Baby change"",""Wheelchair access"",""Outdoor seating"",""Vegetarian"",""Vegan"",""Dog friendly"",""Quick service""]",,true,2025-10-07 18:55:51.27332+00,2025-10-08 09:01:11.333336+00,London,the-coal-shed-one-tower-bridge
e9569dfe-6dbc-425e-887d-aca4f7400af9,The Depot,British,4.5,$$,"(51.5488889,-0.1216667)","1, Carpenters Mews, North Road, London, N7 9EF",0 20 3218 0083,http://thedepotn7.co.uk/,"Rustic gastro pub serving small plates, burgers, pizzas, and mains. Also hosts weddings and other large events.","Mon-Sat: 12:00-23:00, Sun: closed",,"{""kidsMenu"":false,""playArea"":false,""highChairs"":false,""familyPackages"":false,""changingStation"":false,""quietEnvironment"":false}","[""High chair"",""Baby change"",""Wheelchair access"",""Outdoor seating"",""Vegan"",""Gluten free"",""Dog friendly"",""Quick service""]",,false,2025-10-07 19:01:10.851204+00,2025-10-08 09:01:11.333336+00,London,the-depot
eac0531b-8637-4ec2-99d4-064ae94b4bb4,Holborn Dining Room,British,4.5,$$$,"(51.5176487,-0.117915)","252 High Holborn, London, WC1V 7EN",0 20 3747 8633,https://www.rosewoodhotels.com/en/london/dining/holborn-dining-room,"A beautiful brasserie serving British favourites for breakfast, lunch, and dinner such as pies, seafood, other mains and Sunday roast.",Mon-Sun: 07:00-22:00,https://cdn.prod.website-files.com/65c4e3041d72984c18dbb740/670f8fb41283fc8dea844223_holborn%2520dining%2520room.png,"{""kidsMenu"":false,""playArea"":false,""highChairs"":false,""familyPackages"":false,""changingStation"":false,""quietEnvironment"":false}","[""High chair"",""Baby change"",""Wheelchair access"",""Outdoor seating"",""Vegetarian"",""Vegan"",""Dog friendly""]",,true,2025-10-07 18:55:51.27332+00,2025-10-08 09:01:11.333336+00,London,holborn-dining-room
eb02ecd4-7c25-4f2b-aa19-e90d4829eea0,The Breakfast Club London Bridge,American,4.5,$$,"(51.5046066,-0.0913463)","11 Southwark Street, London, SE1 1RQ",0 20 7078 9634,http://www.thebreakfastclubcafes.com/locations/london-bridge/,Classic American breakfast favourites with a cool vibe and friendly staff. 11 locations around London.,"Mon-Fri: 07:30-15:00, Wed-Sat: 07:30-21:30, Sun: 07:30-16:00",https://cdn.prod.website-files.com/65c4e3041d72984c18dbb740/670f90079a73919fc2347f11_BC-%2520London-bridge-web-tile-.jpeg,"{""kidsMenu"":false,""playArea"":false,""highChairs"":false,""familyPackages"":false,""changingStation"":false,""quietEnvironment"":false}","[""High chair"",""Baby change"",""Kids menu"",""Wheelchair access"",""Outdoor seating"",""Vegetarian"",""Vegan"",""Takeaway"",""Dog friendly"",""Quick service""]",,true,2025-10-07 19:01:10.851204+00,2025-10-08 09:01:11.333336+00,London,the-breakfast-club-london-bridge
ecd06941-ac7b-40d3-81cb-90d72da43b84,All Star Lanes Holborn,American,4.5,$$,"(51.5195434,-0.122622)","Bloomsbury Place, London, WC1B 4DA",,http://www.allstarlanes.co.uk/,"Retro-American, 4-lane bowling alley with burgers, cocktails, and music. £6.50 for a kids main. 4 locations around London. Bookings recommended.","Mon-Wed: 15:00-23:30, Thu: 15:00-00:00, Fri: 12:00-02:00, Sat: 11:00-02:00, Sun: 11:00-22:30",https://cdn.prod.website-files.com/65c4e3041d72984c18dbb740/670f8fc4d6f3692ee06151e2_all%2520star%2520lanes.png,"{""kidsMenu"":false,""playArea"":false,""highChairs"":false,""familyPackages"":false,""changingStation"":false,""quietEnvironment"":false}","[""High chair"",""Baby change"",""Small plates"",""Vegetarian"",""Vegan"",""Games available"",""Quick service""]",,true,2025-10-07 18:55:51.27332+00,2025-10-08 09:01:11.333336+00,London,all-star-lanes-holborn
ed09fafd-9e79-485e-b8bc-d02bfe1d8617,Lina Stores Italian Restaurant & Deli King's Cross,Italian,4.5,$$,"(51.5372423,-0.125013)","20 Stable St, London N1C 4DR, UK",0 20 8103 4787,https://www.linastores.co.uk/locations/stable-street-restaurant-delicatessen/,"Enjoy breakfast, antipasti, pasta, and a range of desserts to eat in or take home. Choose from a range of Italian produce made fresh to order or sample the finest deli items.","Mon-Fri: 08:00-23:30, Sat-Sun: 09:00-00:00",https://cdn.prod.website-files.com/65c4e3041d72984c18dbb740/66e40bddbe0ec2f5f934e22d_Lina%2520Store.jpeg,"{""kidsMenu"":false,""playArea"":false,""highChairs"":false,""familyPackages"":false,""changingStation"":false,""quietEnvironment"":false}","[""High chair"",""Baby change in unisex room"",""Wheelchair access"",""Playground nearby"",""Vegetarian"",""Vegan"",""Gluten free"",""Halal"",""Good for groups"",""Takeaway""]",,true,2025-10-07 18:36:13.126532+00,2025-10-08 09:01:11.333336+00,London,lina-stores-italian-restaurant-deli-kings-cross
ed18e2e9-b1d1-4670-9150-165a8c6b39d5,The Lord Tredegar,British,4.5,$$,"(51.5283429,-0.0334869)","50 Lichfield Road, London, E3 5AL",020 8983 0130,http://www.thelordtredegar.co.uk/,"Cosy pub with British mains, burgers, and small plates, perfect for multi-generational celebrations. Delicious Sunday Roast. Cosy front pub area that opens to extended naturally lit back room and a large beer garden.","Mon-Fri: 15:00-22:00, Sat: 12:00-22:00, Sun: 12:00-20:00",https://cdn.prod.website-files.com/65c4e3041d72984c18dbb740/66faa133097d22d846ec5f6a_IMG_8350%25202.jpeg,"{""kidsMenu"":false,""playArea"":false,""highChairs"":false,""familyPackages"":false,""changingStation"":false,""quietEnvironment"":false}","[""High chair"",""Baby change"",""Outdoor seating"",""Playground nearby"",""Vegetarian"",""Vegan"",""Gluten free""]",,true,2025-10-07 18:55:51.27332+00,2025-10-08 09:01:11.333336+00,London,the-lord-tredegar
f0a01aa4-fc49-4e38-867b-c080b1cbd809,Harvester Lakewood,British,4.2,$$,"(51.6175842,-0.0072202)","Chingford, Unit 5, larkswood leisure park, 175 New Rd, Greater, Chingford, London E4 9EY, UK",0 20 8529 2990,https://www.harvester.co.uk/restaurants/london/harvesterchingfordlondon,"Kids eat free Monday-Friday until 30 August. Simple, child-friendly chain restaurant serving grilled meat, salads, pasta & seafood.","Mon-Thu: 11:30-22:00, Fri-Sat: 09:00-23:00, Sun: 09:00-22:00",https://cdn.prod.website-files.com/65c4e3041d72984c18dbb740/683039ff16293d30fe5e62c1_66eb1c1fab7251b944e0284c_66e40bcc79566cf668095516_Color%25252520logo%25252520with%25252520background%252525201%25252520(2).png,"{""kidsMenu"":false,""playArea"":false,""highChairs"":false,""familyPackages"":false,""changingStation"":false,""quietEnvironment"":false}","[""High chair"",""Baby change in unisex room"",""Kids menu"",""Wheelchair access"",""Outdoor seating"",""Vegetarian"",""Vegan"",""Good for groups"",""Takeaway""]",,true,2025-10-07 18:39:10.01835+00,2025-10-08 09:01:11.333336+00,London,harvester-lakewood
f0b239a3-e57b-40bc-b0a7-a41a07ef53ba,Duck & Waffle,British,4.5,$$$,"(51.5162529,-0.0811942)","110 Bishopsgate, London, EC2N 4AY",0 20 3640 7310,https://duckandwaffle.com/,"British & European cuisine 24/7, Menu is good for kids.",Mon-Sun: 00:00-00:00,,"{""kidsMenu"":false,""playArea"":false,""highChairs"":false,""familyPackages"":false,""changingStation"":false,""quietEnvironment"":false}","[""High chair"",""Baby change"",""Wheelchair access"",""Small plates"",""Vegetarian"",""Vegan"",""Quick service""]",,false,2025-10-07 19:01:10.851204+00,2025-10-08 09:01:11.333336+00,London,duck-waffle
f1bce4ab-3017-4b24-8ef0-7c649b7786df,The Real Greek - Soho,Greek,4.5,$$,"(51.515431,-0.1362923)","50 Berwick St, London W1F 8SJ, UK",0 20 7287 6805,https://www.therealgreek.com/kids-menu/,"Slick, modern restaurant with a menu of updated classic dishes, plus ouzo & Greek wines. Kids under 12 eat FREE every Sunday for every £10 spent by an adult.","Mon-Thu: 12:00-22:00, Fri-Sat: 12:00-23:00, Sun: 12:00-21:00",https://cdn.prod.website-files.com/65c4e3041d72984c18dbb740/66e40bf905089f0c0b8c56b0_real%2520greek%2520soho.jpeg,"{""kidsMenu"":false,""playArea"":false,""highChairs"":false,""familyPackages"":false,""changingStation"":false,""quietEnvironment"":false}","[""High chair"",""Baby change in unisex room"",""Kids menu"",""Wheelchair access"",""Outdoor seating"",""Vegetarian"",""Vegan"",""Good for groups"",""Takeaway""]",,true,2025-10-07 18:39:10.01835+00,2025-10-08 09:01:11.333336+00,London,the-real-greek---soho
f2137867-0218-4767-b443-375b8df43ea3,Udderlicious Covent Garden,Dessert,4.5,$,"(51.5136044,-0.127412)","24 Earlham St, London WC2H 9LN, UK",0 20 7836 2527,http://www.udderlicious.co.uk/,Udderlicious ice cream and ice cream cakes (2 day pre-order). Other locations in Islington and Crouch End.,Daily: 12:00-23:00,https://cdn.prod.website-files.com/65c4e3041d72984c18dbb740/670f8f9cde1265dbc0575302_udderlicious.png,"{""kidsMenu"":false,""playArea"":false,""highChairs"":false,""familyPackages"":false,""changingStation"":false,""quietEnvironment"":false}","[""Baby change in womens room"",""Vegetarian"",""Vegan"",""Good for groups"",""Takeaway""]",,true,2025-10-07 18:51:49.258268+00,2025-10-08 09:01:11.333336+00,London,udderlicious-covent-garden
f21cdb6f-6dd1-497c-b7ad-e3dbf237fdd9,Roast,British,4.6,$$,"(51.5056314,-0.091052)","The Floral Hall, Stoney St, London SE1 1TL, UK",0 20 3371 3120,https://roast-restaurant.com/,"Located above Borough Market with contemporary British all-day dining, also serving Sunday roast and afternoon tea. Children eat free during school holidays.","Mon: 11:45-22:00, Tue-Sat: 07:30-22:00, Sun: 11:45-18:30",https://cdn.prod.website-files.com/65c4e3041d72984c18dbb740/670f8f7f9a73919fc234035c_roast.png,"{""kidsMenu"":false,""playArea"":false,""highChairs"":false,""familyPackages"":false,""changingStation"":false,""quietEnvironment"":false}","[""High chair"",""Baby change in womens room"",""Kids menu"",""Wheelchair access"",""Vegetarian"",""Vegan"",""Dairy Free"",""Good for groups"",""Free kids meal""]",,true,2025-10-07 18:45:48.723948+00,2025-10-08 09:01:11.333336+00,London,roast
f2544048-b3fd-4ec6-8f3a-bd424b2e4b7d,The Blue Ball,British,4.6,$$,"(51.2834991,-0.2410793)","Deans Ln, Walton on the Hill, Tadworth KT20 7UE, UK",0 1737 819003,https://theblueballtadworth.co.uk/food-drink/,"A welcoming and comfortable pub with good food selection. Tiki huts, outdoor dining, and an inside fireplace. Three levels of kids' menus.","Mon-Sat: 11:00-23:30, Sun: 11:00-22:30",https://cdn.prod.website-files.com/65c4e3041d72984c18dbb740/66e40c0b216f861a3f63e026_BlueBall-18.jpeg,"{""kidsMenu"":false,""playArea"":false,""highChairs"":false,""familyPackages"":false,""changingStation"":false,""quietEnvironment"":false}","[""High chair"",""Baby change in unisex room"",""Kids menu"",""Wheelchair access"",""Outdoor seating"",""Vegetarian"",""Vegan"",""Good for groups"",""Dog friendly"",""Kids play space""]",,true,2025-10-07 18:39:10.01835+00,2025-10-08 09:01:11.333336+00,Tadworth,the-blue-ball
f43488a5-1d63-465d-9a6f-3ba9d67030a6,Darcie & May Green,Australian,4.5,$$,"(51.518813,-0.1780675)","Grand Union Canal, Sheldon Square, Central W2 6DS, UK",0 20 3935 9045,https://www.daisygreenfood.com/location-darcie-may,"Buzzy Australian cafe on a boat! Because it is located on the water, please mind children closely. Save room for lammingtons for dessert.",Daily: 09:00-22:30,https://cdn.prod.website-files.com/65c4e3041d72984c18dbb740/670f8f83ec62a722ad7114b0_Darcie%2B%26%2BMay%2BGreen_MC50.jpeg,"{""kidsMenu"":false,""playArea"":false,""highChairs"":false,""familyPackages"":false,""changingStation"":false,""quietEnvironment"":false}","[""Baby change in womens room"",""Outdoor seating"",""Vegetarian"",""Vegan"",""Good for groups""]",,true,2025-10-07 18:45:48.723948+00,2025-10-08 09:01:11.333336+00,London,darcie-may-green
f459d84f-7992-43f0-81e7-f12fcde603ed,Tower Mangal,Turkish,4.5,$$,"(51.4957516,-0.0836948)","55-57 Tower Bridge Road, London, SE1 4TL",0 20 7357 6853,https://towermangal.co.uk/,"Authentic Turkish restaurant near Tower Bridge, plus a take-out option.",Mon-Sun: 11:00-00:00,https://cdn.prod.website-files.com/65c4e3041d72984c18dbb740/670f8fd69d18ec19db7e772d_tower%2520mangal.jpeg,"{""kidsMenu"":false,""playArea"":false,""highChairs"":false,""familyPackages"":false,""changingStation"":false,""quietEnvironment"":false}","[""High chair"",""Baby change"",""Kids menu"",""Wheelchair access"",""Small plates"",""Vegetarian"",""Vegan"",""Halal"",""Takeaway"",""Quick service""]",,true,2025-10-07 18:58:45.738564+00,2025-10-08 09:01:11.333336+00,London,tower-mangal
f54d1dfe-6713-4c9f-88d6-331ebb63a582,Kachori,Indian,4.5,$$,"(51.4937044,-0.0966923)","12 Ash Avenue, London, SE17 1GQ",0 20 7358 6955,https://kachorirestaurant.com/,"All-day restaurant serving dishes from the North Indian regions of Rajasthan, Punjab, Uttar Pradesh, Haryana and Delhi.",Mon-Sun: 12:00-22:30,https://cdn.prod.website-files.com/65c4e3041d72984c18dbb740/670f8fcc1e4c2538124657b8_kachori.png,"{""kidsMenu"":false,""playArea"":false,""highChairs"":false,""familyPackages"":false,""changingStation"":false,""quietEnvironment"":false}","[""High chair"",""Baby change"",""Wheelchair access"",""Outdoor seating"",""Vegetarian"",""Vegan"",""Takeaway"",""Dog friendly""]",,true,2025-10-07 18:55:51.27332+00,2025-10-08 09:01:11.333336+00,London,kachori
f5649839-1c03-41b5-a94c-856e8070564c,"The Churchill Arms, Kensington",Thai,4.6,$$,"(51.5069117,-0.194801)","119 Kensington Church St, London W8 7LN, UK",0 20 7727 4242,https://www.churchillarmskensington.co.uk/,"Beautiful flower covered Fullers pub filled with Churchill memorabilia, serving Thai noodles and curry. Cash not accepted.","Mon-Sat: 11:00-23:00, Sun: 12:00-22:30",https://cdn.prod.website-files.com/65c4e3041d72984c18dbb740/670f8f4fde1265dbc0570cbc_churchill%2520gallery-15.jpeg,"{""kidsMenu"":false,""playArea"":false,""highChairs"":false,""familyPackages"":false,""changingStation"":false,""quietEnvironment"":false}","[""High chair"",""Baby change in unisex room"",""Wheelchair access"",""Playground nearby"",""Vegetarian"",""Vegan"",""Good for groups"",""Takeaway"",""Dog friendly""]",,true,2025-10-07 18:42:49.636036+00,2025-10-08 09:01:11.333336+00,London,the-churchill-arms-kensington
f8a980d2-6210-4862-92c1-683c29837cf0,Big Penny Social,British,4.5,$$,"(51.5908551,-0.0413181)","1 Priestley Way, London E17 6AL, UK",020 3700 1040,https://bigpennysocial.co.uk/,"Big Penny Social is a pub, arts centre, and town square - a place to eat, drink and be entertained for all ages. Enough room to host birthday parties and big family gatherings.","Mon-Wed: 12:00-21:30, Thu: 12:00-00:00, Fri-Sat: 12:00-01:00, Sun: 12:00-22:00",https://cdn.prod.website-files.com/65c4e3041d72984c18dbb740/66e40bd9072635acc6c35c4e_230822_bigpenny_selects_002_v2_9a05d92e77.jpeg,"{""kidsMenu"":false,""playArea"":false,""highChairs"":false,""familyPackages"":false,""changingStation"":false,""quietEnvironment"":false}","[""High chair"",""Baby change in unisex room"",""Kids menu"",""Wheelchair access"",""Outdoor seating"",""Vegetarian"",""Vegan"",""Gluten free"",""Good for groups"",""Dog friendly"",""Games available""]",,true,2025-10-07 18:33:15.138688+00,2025-10-08 09:01:11.333336+00,London,big-penny-social
f95783ce-afe1-46a0-aeee-312d69f105f8,BAO Soho,Asian,4.6,$$,"(51.5132162,-0.1365562)","53 Lexington St, Carnaby, London W1F 9AS, UK",0 20 3019 2200,http://baolondon.com/restaurant/bao-soho/,The original BAO with a great tea selection. Small number of outdoor seats available. Menu good for kids.,"Mon-Thu: 12:00-22:00, Fri-Sat: 12:00-22:30, Sun: 12:00-21:00",https://cdn.prod.website-files.com/65c4e3041d72984c18dbb740/670f8f4cb127b9b6e35c92e1_Color%2520logo%2520with%2520background%25201%2520(2).png,"{""kidsMenu"":false,""playArea"":false,""highChairs"":false,""familyPackages"":false,""changingStation"":false,""quietEnvironment"":false}","[""Baby change in womens room"",""Outdoor seating"",""Vegetarian"",""Vegan"",""Takeaway""]",,true,2025-10-07 18:45:48.723948+00,2025-10-08 09:01:11.333336+00,London,bao-soho
f9cf3f53-c261-42f4-bf0a-d8c3d6592135,Granger & Co. Marylebone,Australian,4.5,$$,"(51.5191151,-0.1518381)","105 Marylebone High Street, London, W1U 4RS",0 20 8079 7120,https://grangerandco.com/marylebone,"Australian favourite, serving breakfast, lunch and dinner. 5 locations around London. Bookings are taken from 5pm and spaces available for walk-ins.","Mon-Sat: 07:00-23:30, Sun: 07:00-22:30",https://cdn.prod.website-files.com/65c4e3041d72984c18dbb740/670f8fb5a329d3c89c6d0676_WhatsApp%2520Image%25202024-07-12%2520at%252005.07.56_493365b6.jpeg,"{""kidsMenu"":false,""playArea"":false,""highChairs"":false,""familyPackages"":false,""changingStation"":false,""quietEnvironment"":false}","[""High chair"",""Baby change"",""Wheelchair access"",""Outdoor seating"",""Vegetarian"",""Vegan"",""Takeaway"",""Dog friendly"",""Quick service""]",,true,2025-10-07 18:55:51.27332+00,2025-10-08 09:01:11.333336+00,London,granger-co-marylebone
fab500e3-625d-433c-9cd1-d87c337fe6f3,Inamo Covent Garden,Asian,4.5,$$,"(51.5134885,-0.1232602)","11-14 Hanover Place, London, WC2E 9JP",,http://www.inamo-restaurant.com/our-venues/inamo-covent-garden,Asian fusion with interactive tables and karoake rooms available. Another location in Soho.,"Mon: 16:00-23:00, Tue-Sat: 12:00-23:00, Sun: 12:00-21:00",https://cdn.prod.website-files.com/65c4e3041d72984c18dbb740/670f902f024a12f1cbc3f5c9_inamo_covent_garden_first_floor.900x0.jpeg,"{""kidsMenu"":false,""playArea"":false,""highChairs"":false,""familyPackages"":false,""changingStation"":false,""quietEnvironment"":false}","[""High chair"",""Baby change"",""Wheelchair access"",""Small plates"",""Vegetarian"",""Vegan"",""Games available"",""Quick service""]",,true,2025-10-07 19:07:16.337445+00,2025-10-08 09:01:11.333336+00,London,inamo-covent-garden
fcbc9c9a-3afb-4150-bfc6-771aa3c0c662,Gloria,Italian,4.6,$$,"(51.5251266,-0.0813541)","54-56 Great Eastern St, London EC2A 3QR, UK",,https://www.bigmammagroup.com/italian-restaurants/gloria-london,A buzzy Italian Trattoria mixing old classics and modern twists over two floors of dining. Make sure to save room for dessert!,"Mon-Wed: 12:00-22:30, Thu-Sat: 12:00-23:00, Sun: 11:00-22:30",https://cdn.prod.website-files.com/65c4e3041d72984c18dbb740/670f8f89a7b3cf98b6f57c9c_gloria.png,"{""kidsMenu"":false,""playArea"":false,""highChairs"":false,""familyPackages"":false,""changingStation"":false,""quietEnvironment"":false}","[""High chair"",""Baby change in womens room"",""Kids menu"",""Wheelchair access"",""Vegetarian"",""Vegan"",""Good for groups"",""Takeaway"",""Dog friendly""]",,true,2025-10-07 18:50:49.585057+00,2025-10-08 09:01:11.333336+00,London,gloria
fced860a-25b4-423f-baf2-7b0312a8e2d9,Independent Pizza Company,Italian,4.6,$$,"(53.3628317,-6.2588018)","28 Drumcondra Rd Lower, Phibsborough, Dublin 9, D09 X034, Ireland",0 1 830 2044,http://ilovepizza.ie/,Light and crisp based pizzas with locally sourced ingredients since 1984.,"Mon: closed, Tue-Thu: 12:00-21:00, Fri-Sat: 12:00-22:00, Sun: 12:00-21:00",https://cdn.prod.website-files.com/65c4e3041d72984c18dbb740/66e40beb4bbe52ae3ba36a76_WhatsApp%2520Image%25202024-05-10%2520at%252016.41.26-fotor-20240510164214.jpeg,"{""kidsMenu"":false,""playArea"":false,""highChairs"":false,""familyPackages"":false,""changingStation"":false,""quietEnvironment"":false}","[""High chair"",""Baby change in unisex room"",""Baby change in womens room"",""Kids menu"",""Wheelchair access"",""Vegetarian"",""Vegan"",""Good for groups"",""Takeaway""]",,true,2025-10-07 18:39:10.01835+00,2025-10-08 09:01:11.333336+00,Dublin,independent-pizza-company
fd6e4475-f4fd-4f42-b227-4ce021df1815,The Rosendale,British,4.5,$$,"(51.4357693,-0.0940618)","65 Rosendale Rd, Norwood, London SE21 8EZ, UK",0 20 8761 9008,https://www.therosendale.co.uk/menus/kids/,Pub with good food and outdoor gardens featuring a climbing frame for children. Kids menu from £5. Children welcome until 8 pm.,Daily: 11:00-23:00,https://cdn.prod.website-files.com/65c4e3041d72984c18dbb740/670f8f9572ad253f909330b7_rosendale.jpeg,"{""kidsMenu"":false,""playArea"":false,""highChairs"":false,""familyPackages"":false,""changingStation"":false,""quietEnvironment"":false}","[""High chair"",""Baby change in womens room"",""Kids menu"",""Wheelchair access"",""Outdoor seating"",""Playground nearby"",""Vegetarian"",""Vegan"",""Dairy Free"",""Good for groups"",""Takeaway"",""Dog friendly"",""Games available"",""Kids play space""]",,true,2025-10-07 18:50:49.585057+00,2025-10-08 09:01:11.333336+00,London,the-rosendale
fd6fe2db-f9d9-43b7-8d5e-f0835f395e18,Bread & Oregano,Greek,4.5,$$,"(51.5918305,0.0276884)","90 George Ln, London E18 1JJ, UK",0 20 3649 7483,http://breadandoregano.co.uk/,"A Greek restaurant with a buzzy atmosphere, serving brunch, burgers, wraps, Greek specials, and salads with a kids menu starting at £5.","Mon-Tue: 06:30-17:00, Wed-Sat: 06:30-22:00, Sun: 08:00-17:00",https://cdn.prod.website-files.com/65c4e3041d72984c18dbb740/66e40c0305089f0c0b8c5fdb_Bread%2520and%2520oregano.jpeg,"{""kidsMenu"":false,""playArea"":false,""highChairs"":false,""familyPackages"":false,""changingStation"":false,""quietEnvironment"":false}","[""High chair"",""Baby change in unisex room"",""Kids menu"",""Wheelchair access"",""Outdoor seating"",""Vegetarian"",""Vegan"",""Good for groups"",""Takeaway"",""Dog friendly""]",,true,2025-10-07 18:39:10.01835+00,2025-10-08 09:01:11.333336+00,London,bread-oregano
fd7777af-44d8-45c0-bc89-a42811767d97,High Road Brasserie,European,4.4,$$,"(51.492899,-0.25468)","162-170 Chiswick High Rd., Chiswick, London W4 1PR, UK",,https://www.highroadbrasserie.co.uk/,"Open to Soho House members and the public, a European-style brasserie with all-day dining. Offers a kids' menu for breakfast and one for lunch/dinner.","Mon-Wed: 08:00-23:00, Thu-Sat: 08:00-00:00, Sun: 08:00-23:00",https://cdn.prod.website-files.com/65c4e3041d72984c18dbb740/66e40c08e2dee69247aad076_high%2520road%2520brasserie.jpeg,"{""kidsMenu"":false,""playArea"":false,""highChairs"":false,""familyPackages"":false,""changingStation"":false,""quietEnvironment"":false}","[""High chair"",""Baby change in unisex room"",""Kids menu"",""Wheelchair access"",""Outdoor seating"",""Vegetarian"",""Vegan"",""Good for groups"",""Takeaway"",""Games available"",""Kids play space""]",,true,2025-10-07 18:39:10.01835+00,2025-10-08 09:01:11.333336+00,London,high-road-brasserie
fdac6e0d-fb58-474c-92cd-8db2fb9f83a4,Darwin Brasserie,British,4.5,$$,"(51.5112152,-0.083459)","Level 36, Sky Garden Walk, London, England, EC3M 8AF, GB",0 333 772 0020,https://skygarden.london/restaurants/darwin-brasserie/,36th-floor restaurant in Sky Garden serving seasonal British dishes. Spectacular views over London. Children not able to visit after 6pm weekdays. Cash not accepted.,Daily: 08:30-22:30,https://cdn.prod.website-files.com/65c4e3041d72984c18dbb740/670f8f5c765fd2652b3d7423_darwin%2520brasserie.jpeg,"{""kidsMenu"":false,""playArea"":false,""highChairs"":false,""familyPackages"":false,""changingStation"":false,""quietEnvironment"":false}","[""High chair"",""Baby change in womens room"",""Kids menu"",""Wheelchair access"",""Vegetarian"",""Vegan"",""Good for groups"",""Dog friendly""]",,true,2025-10-07 18:42:49.636036+00,2025-10-08 09:01:11.333336+00,London,darwin-brasserie
ff17cb82-28ac-4131-9491-eba106915c8b,Heddon Street Kitchen,European,4.5,$$,"(51.510701,-0.1392904)","3-9 Heddon St, London W1B 4BE, UK",0 20 7592 1212,https://www.gordonramsayrestaurants.com/heddon-street-kitchen/,Gordon Ramsay restaurant that offers European dining for everyone. Kids 8 and under eat free Monday-Friday. Walk in dining only. Cash not accepted.,"Mon-Fri: 07:30-23:00, Sat: 11:30-23:30, Sun: 11:30-21:00",https://cdn.prod.website-files.com/65c4e3041d72984c18dbb740/670f8f782817f79ec7ca0d90_heddon%2520street.png,"{""kidsMenu"":false,""playArea"":false,""highChairs"":false,""familyPackages"":false,""changingStation"":false,""quietEnvironment"":false}","[""High chair"",""Baby change in womens room"",""Kids menu"",""Wheelchair access"",""Outdoor seating"",""Vegetarian"",""Vegan"",""Halal"",""Good for groups"",""Takeaway"",""Dog friendly""]",,true,2025-10-07 18:45:48.723948+00,2025-10-08 09:01:11.333336+00,London,heddon-street-kitchen
ff9c4461-ce06-4c27-858f-dc6aeb949f49,Monmouth Coffee Company,Cafe,4.7,$,"(51.5143891,-0.1268041)","27 Monmouth St, London WC2H 9EU, UK",0 20 7232 3010,https://www.monmouthcoffee.co.uk/shops/,Amazing coffee and pastries. Card payment only. No longer use paper cups for takeaway coffee.,"Mon-Sat: 08:00-19:00, Sun: closed",https://cdn.prod.website-files.com/65c4e3041d72984c18dbb740/670f8f9bc5aa4d46dad04693_monmouth.jpeg,"{""kidsMenu"":false,""playArea"":false,""highChairs"":false,""familyPackages"":false,""changingStation"":false,""quietEnvironment"":false}","[""Baby change in womens room"",""Outdoor seating"",""Good for groups"",""Takeaway"",""Dog friendly""]",,true,2025-10-07 18:51:49.258268+00,2025-10-08 09:01:11.333336+00,London,monmouth-coffee-company